key,provider,primitive,batch,repetition,session,http_status,timeout,error,error_body,retry_after,rate_limit_headers,total_ms
noul/1/035/vercel,vercel,noul,1,35,1,429,false,HTTP 429,"{""error"":{""message"":""The upstream provider is currently experiencing high demand. Please retry shortly."",""type"":""rate_limit_exceeded"",""param"":{""error"":""The upstream provider is currently experiencing high demand. Please retry shortly."",""type"":""rate_limit_exceeded"",""statusCode"":429,""name"":""RateLimitExceededError"",""message"":""The upstream provider is currently experiencing high demand. Please retry shortly.""}},""providerMetadata"":{""gateway"":{""routing"":{""originalModelId"":""typesafe-ai/jev"",""resolvedProvider"":""typesafe-ai"",""fallbacksAvailable"":[],""canonicalSlug"":""typesafe-ai/jev"",""modelAttemptCount"":1,""modelAttempts"":[{""canonicalSlug"":""typesafe-ai/jev"",""success"":false,""providerAttemptCount"":0,""providerAttempts"":[]}],""totalProviderAttemptCount"":0},""generationId"":""gen_01M3621H4ZZW5G6Z7ZTWBM9GH1""}}}",46,"{""X-Ratelimit-Limit-Requests"":""30"",""X-Ratelimit-Limit-Tokens"":""250000"",""X-Ratelimit-Remaining-Requests"":""0"",""X-Ratelimit-Remaining-Tokens"":""220083"",""X-Ratelimit-Reset-Requests"":""46s"",""X-Ratelimit-Reset-Tokens"":""46s""}",102.46
noul/1/036/vercel,vercel,noul,1,36,1,429,false,HTTP 429,"{""error"":{""message"":""The upstream provider is currently experiencing high demand. Please retry shortly."",""type"":""rate_limit_exceeded"",""param"":{""error"":""The upstream provider is currently experiencing high demand. Please retry shortly."",""type"":""rate_limit_exceeded"",""statusCode"":429,""name"":""RateLimitExceededError"",""message"":""The upstream provider is currently experiencing high demand. Please retry shortly.""}},""providerMetadata"":{""gateway"":{""routing"":{""originalModelId"":""typesafe-ai/jev"",""resolvedProvider"":""typesafe-ai"",""fallbacksAvailable"":[],""canonicalSlug"":""typesafe-ai/jev"",""modelAttemptCount"":1,""modelAttempts"":[{""canonicalSlug"":""typesafe-ai/jev"",""success"":false,""providerAttemptCount"":0,""providerAttempts"":[]}],""totalProviderAttemptCount"":0},""generationId"":""gen_01M3621H7WKMZ1851H0SXAF7H6""}}}",46,"{""X-Ratelimit-Limit-Requests"":""30"",""X-Ratelimit-Limit-Tokens"":""250000"",""X-Ratelimit-Remaining-Requests"":""0"",""X-Ratelimit-Remaining-Tokens"":""218075"",""X-Ratelimit-Reset-Requests"":""46s"",""X-Ratelimit-Reset-Tokens"":""46s""}",111.89
noul/1/038/vercel,vercel,noul,1,38,1,429,false,HTTP 429,"{""error"":{""message"":""The upstream provider is currently experiencing high demand. Please retry shortly."",""type"":""rate_limit_exceeded"",""param"":{""error"":""The upstream provider is currently experiencing high demand. Please retry shortly."",""type"":""rate_limit_exceeded"",""statusCode"":429,""name"":""RateLimitExceededError"",""message"":""The upstream provider is currently experiencing high demand. Please retry shortly.""}},""providerMetadata"":{""gateway"":{""routing"":{""originalModelId"":""typesafe-ai/jev"",""resolvedProvider"":""typesafe-ai"",""fallbacksAvailable"":[],""canonicalSlug"":""typesafe-ai/jev"",""modelAttemptCount"":1,""modelAttempts"":[{""canonicalSlug"":""typesafe-ai/jev"",""success"":false,""providerAttemptCount"":0,""providerAttempts"":[]}],""totalProviderAttemptCount"":0},""generationId"":""gen_01M3621KB53Z3PNPCTMF9H3MH7""}}}",44,"{""X-Ratelimit-Limit-Requests"":""30"",""X-Ratelimit-Limit-Tokens"":""250000"",""X-Ratelimit-Remaining-Requests"":""0"",""X-Ratelimit-Remaining-Tokens"":""229822"",""X-Ratelimit-Reset-Requests"":""44s"",""X-Ratelimit-Reset-Tokens"":""44s""}",77.35
noul/1/039/vercel,vercel,noul,1,39,1,429,false,HTTP 429,"{""error"":{""message"":""The upstream provider is currently experiencing high demand. Please retry shortly."",""type"":""rate_limit_exceeded"",""param"":{""error"":""The upstream provider is currently experiencing high demand. Please retry shortly."",""type"":""rate_limit_exceeded"",""statusCode"":429,""name"":""RateLimitExceededError"",""message"":""The upstream provider is currently experiencing high demand. Please retry shortly.""}},""providerMetadata"":{""gateway"":{""routing"":{""originalModelId"":""typesafe-ai/jev"",""resolvedProvider"":""typesafe-ai"",""fallbacksAvailable"":[],""canonicalSlug"":""typesafe-ai/jev"",""modelAttemptCount"":1,""modelAttempts"":[{""canonicalSlug"":""typesafe-ai/jev"",""success"":false,""providerAttemptCount"":0,""providerAttempts"":[]}],""totalProviderAttemptCount"":0},""generationId"":""gen_01M3621M2VV0M9C2G7HAY8XGTY""}}}",43,"{""X-Ratelimit-Limit-Requests"":""30"",""X-Ratelimit-Limit-Tokens"":""250000"",""X-Ratelimit-Remaining-Requests"":""0"",""X-Ratelimit-Remaining-Tokens"":""218037"",""X-Ratelimit-Reset-Requests"":""43s"",""X-Ratelimit-Reset-Tokens"":""43s""}",84.43
noul/1/041/vercel,vercel,noul,1,41,1,429,false,HTTP 429,"{""error"":{""message"":""The upstream provider is currently experiencing high demand. Please retry shortly."",""type"":""rate_limit_exceeded"",""param"":{""error"":""The upstream provider is currently experiencing high demand. Please retry shortly."",""type"":""rate_limit_exceeded"",""statusCode"":429,""name"":""RateLimitExceededError"",""message"":""The upstream provider is currently experiencing high demand. Please retry shortly.""}},""providerMetadata"":{""gateway"":{""routing"":{""originalModelId"":""typesafe-ai/jev"",""resolvedProvider"":""typesafe-ai"",""fallbacksAvailable"":[],""canonicalSlug"":""typesafe-ai/jev"",""modelAttemptCount"":1,""modelAttempts"":[{""canonicalSlug"":""typesafe-ai/jev"",""success"":false,""providerAttemptCount"":0,""providerAttempts"":[]}],""totalProviderAttemptCount"":0},""generationId"":""gen_01M3621NW8N7C8EQVN0KAMQ4DR""}}}",41,"{""X-Ratelimit-Limit-Requests"":""30"",""X-Ratelimit-Limit-Tokens"":""250000"",""X-Ratelimit-Remaining-Requests"":""0"",""X-Ratelimit-Remaining-Tokens"":""217628"",""X-Ratelimit-Reset-Requests"":""41s"",""X-Ratelimit-Reset-Tokens"":""41s""}",89.49
noul/1/042/vercel,vercel,noul,1,42,1,429,false,HTTP 429,"{""error"":{""message"":""The upstream provider is currently experiencing high demand. Please retry shortly."",""type"":""rate_limit_exceeded"",""param"":{""error"":""The upstream provider is currently experiencing high demand. Please retry shortly."",""type"":""rate_limit_exceeded"",""statusCode"":429,""name"":""RateLimitExceededError"",""message"":""The upstream provider is currently experiencing high demand. Please retry shortly.""}},""providerMetadata"":{""gateway"":{""routing"":{""originalModelId"":""typesafe-ai/jev"",""resolvedProvider"":""typesafe-ai"",""fallbacksAvailable"":[],""canonicalSlug"":""typesafe-ai/jev"",""modelAttemptCount"":1,""modelAttempts"":[{""canonicalSlug"":""typesafe-ai/jev"",""success"":false,""providerAttemptCount"":0,""providerAttempts"":[]}],""totalProviderAttemptCount"":0},""generationId"":""gen_01M3621NZ0K9DSVRCV89562FNK""}}}",41,"{""X-Ratelimit-Limit-Requests"":""30"",""X-Ratelimit-Limit-Tokens"":""250000"",""X-Ratelimit-Remaining-Requests"":""0"",""X-Ratelimit-Remaining-Tokens"":""217659"",""X-Ratelimit-Reset-Requests"":""41s"",""X-Ratelimit-Reset-Tokens"":""41s""}",86.71
noul/1/043/vercel,vercel,noul,1,43,1,429,false,HTTP 429,"{""error"":{""message"":""The upstream provider is currently experiencing high demand. Please retry shortly."",""type"":""rate_limit_exceeded"",""param"":{""error"":""The upstream provider is currently experiencing high demand. Please retry shortly."",""type"":""rate_limit_exceeded"",""statusCode"":429,""name"":""RateLimitExceededError"",""message"":""The upstream provider is currently experiencing high demand. Please retry shortly.""}},""providerMetadata"":{""gateway"":{""routing"":{""originalModelId"":""typesafe-ai/jev"",""resolvedProvider"":""typesafe-ai"",""fallbacksAvailable"":[],""canonicalSlug"":""typesafe-ai/jev"",""modelAttemptCount"":1,""modelAttempts"":[{""canonicalSlug"":""typesafe-ai/jev"",""success"":false,""providerAttemptCount"":0,""providerAttempts"":[]}],""totalProviderAttemptCount"":0},""generationId"":""gen_01M3621Q6CJ53W73M6GVWKMV10""}}}",40,"{""X-Ratelimit-Limit-Requests"":""30"",""X-Ratelimit-Limit-Tokens"":""250000"",""X-Ratelimit-Remaining-Requests"":""0"",""X-Ratelimit-Remaining-Tokens"":""218107"",""X-Ratelimit-Reset-Requests"":""40s"",""X-Ratelimit-Reset-Tokens"":""40s""}",93.58
noul/1/045/vercel,vercel,noul,1,45,1,429,false,HTTP 429,"{""error"":{""message"":""The upstream provider is currently experiencing high demand. Please retry shortly."",""type"":""rate_limit_exceeded"",""param"":{""error"":""The upstream provider is currently experiencing high demand. Please retry shortly."",""type"":""rate_limit_exceeded"",""statusCode"":429,""name"":""RateLimitExceededError"",""message"":""The upstream provider is currently experiencing high demand. Please retry shortly.""}},""providerMetadata"":{""gateway"":{""routing"":{""originalModelId"":""typesafe-ai/jev"",""resolvedProvider"":""typesafe-ai"",""fallbacksAvailable"":[],""canonicalSlug"":""typesafe-ai/jev"",""modelAttemptCount"":1,""modelAttempts"":[{""canonicalSlug"":""typesafe-ai/jev"",""success"":false,""providerAttemptCount"":0,""providerAttempts"":[]}],""totalProviderAttemptCount"":0},""generationId"":""gen_01M3621RTH09ET5XE04QRV1KFA""}}}",38,"{""X-Ratelimit-Limit-Requests"":""30"",""X-Ratelimit-Limit-Tokens"":""250000"",""X-Ratelimit-Remaining-Requests"":""0"",""X-Ratelimit-Remaining-Tokens"":""217634"",""X-Ratelimit-Reset-Requests"":""38s"",""X-Ratelimit-Reset-Tokens"":""38s""}",87.39
noul/1/046/vercel,vercel,noul,1,46,1,429,false,HTTP 429,"{""error"":{""message"":""The upstream provider is currently experiencing high demand. Please retry shortly."",""type"":""rate_limit_exceeded"",""param"":{""error"":""The upstream provider is currently experiencing high demand. Please retry shortly."",""type"":""rate_limit_exceeded"",""statusCode"":429,""name"":""RateLimitExceededError"",""message"":""The upstream provider is currently experiencing high demand. Please retry shortly.""}},""providerMetadata"":{""gateway"":{""routing"":{""originalModelId"":""typesafe-ai/jev"",""resolvedProvider"":""typesafe-ai"",""fallbacksAvailable"":[],""canonicalSlug"":""typesafe-ai/jev"",""modelAttemptCount"":1,""modelAttempts"":[{""canonicalSlug"":""typesafe-ai/jev"",""success"":false,""providerAttemptCount"":0,""providerAttempts"":[]}],""totalProviderAttemptCount"":0},""generationId"":""gen_01M3621S36GDHV0XGBMMWKGKG9""}}}",38,"{""X-Ratelimit-Limit-Requests"":""30"",""X-Ratelimit-Limit-Tokens"":""250000"",""X-Ratelimit-Remaining-Requests"":""0"",""X-Ratelimit-Remaining-Tokens"":""217730"",""X-Ratelimit-Reset-Requests"":""38s"",""X-Ratelimit-Reset-Tokens"":""38s""}",90.02
noul/1/047/vercel,vercel,noul,1,47,1,429,false,HTTP 429,"{""error"":{""message"":""The upstream provider is currently experiencing high demand. Please retry shortly."",""type"":""rate_limit_exceeded"",""param"":{""error"":""The upstream provider is currently experiencing high demand. Please retry shortly."",""type"":""rate_limit_exceeded"",""statusCode"":429,""name"":""RateLimitExceededError"",""message"":""The upstream provider is currently experiencing high demand. Please retry shortly.""}},""providerMetadata"":{""gateway"":{""routing"":{""originalModelId"":""typesafe-ai/jev"",""resolvedProvider"":""typesafe-ai"",""fallbacksAvailable"":[],""canonicalSlug"":""typesafe-ai/jev"",""modelAttemptCount"":1,""modelAttempts"":[{""canonicalSlug"":""typesafe-ai/jev"",""success"":false,""providerAttemptCount"":0,""providerAttempts"":[]}],""totalProviderAttemptCount"":0},""generationId"":""gen_01M3621SRSZFKG456GHKVW8D5C""}}}",37,"{""X-Ratelimit-Limit-Requests"":""30"",""X-Ratelimit-Limit-Tokens"":""250000"",""X-Ratelimit-Remaining-Requests"":""0"",""X-Ratelimit-Remaining-Tokens"":""225304"",""X-Ratelimit-Reset-Requests"":""37s"",""X-Ratelimit-Reset-Tokens"":""37s""}",88.95
noul/1/049/vercel,vercel,noul,1,49,1,429,false,HTTP 429,"{""error"":{""message"":""The upstream provider is currently experiencing high demand. Please retry shortly."",""type"":""rate_limit_exceeded"",""param"":{""error"":""The upstream provider is currently experiencing high demand. Please retry shortly."",""type"":""rate_limit_exceeded"",""statusCode"":429,""name"":""RateLimitExceededError"",""message"":""The upstream provider is currently experiencing high demand. Please retry shortly.""}},""providerMetadata"":{""gateway"":{""routing"":{""originalModelId"":""typesafe-ai/jev"",""resolvedProvider"":""typesafe-ai"",""fallbacksAvailable"":[],""canonicalSlug"":""typesafe-ai/jev"",""modelAttemptCount"":1,""modelAttempts"":[{""canonicalSlug"":""typesafe-ai/jev"",""success"":false,""providerAttemptCount"":0,""providerAttempts"":[]}],""totalProviderAttemptCount"":0},""generationId"":""gen_01M3621VBBQDWV7VFSRPEKK9KG""}}}",35,"{""X-Ratelimit-Limit-Requests"":""30"",""X-Ratelimit-Limit-Tokens"":""250000"",""X-Ratelimit-Remaining-Requests"":""0"",""X-Ratelimit-Remaining-Tokens"":""217486"",""X-Ratelimit-Reset-Requests"":""35s"",""X-Ratelimit-Reset-Tokens"":""35s""}",100.57
choice/1/000/vercel,vercel,choice,1,0,1,429,false,HTTP 429,"{""error"":{""message"":""The upstream provider is currently experiencing high demand. Please retry shortly."",""type"":""rate_limit_exceeded"",""param"":{""error"":""The upstream provider is currently experiencing high demand. Please retry shortly."",""type"":""rate_limit_exceeded"",""statusCode"":429,""name"":""RateLimitExceededError"",""message"":""The upstream provider is currently experiencing high demand. Please retry shortly.""}},""providerMetadata"":{""gateway"":{""routing"":{""originalModelId"":""typesafe-ai/jev"",""resolvedProvider"":""typesafe-ai"",""fallbacksAvailable"":[],""canonicalSlug"":""typesafe-ai/jev"",""modelAttemptCount"":1,""modelAttempts"":[{""canonicalSlug"":""typesafe-ai/jev"",""success"":false,""providerAttemptCount"":0,""providerAttempts"":[]}],""totalProviderAttemptCount"":0},""generationId"":""gen_01M3621WWJE92B0FNM8RSSJQG9""}}}",34,"{""X-Ratelimit-Limit-Requests"":""30"",""X-Ratelimit-Limit-Tokens"":""250000"",""X-Ratelimit-Remaining-Requests"":""0"",""X-Ratelimit-Remaining-Tokens"":""218041"",""X-Ratelimit-Reset-Requests"":""34s"",""X-Ratelimit-Reset-Tokens"":""34s""}",92.19
choice/1/002/vercel,vercel,choice,1,2,1,429,false,HTTP 429,"{""error"":{""message"":""The upstream provider is currently experiencing high demand. Please retry shortly."",""type"":""rate_limit_exceeded"",""param"":{""error"":""The upstream provider is currently experiencing high demand. Please retry shortly."",""type"":""rate_limit_exceeded"",""statusCode"":429,""name"":""RateLimitExceededError"",""message"":""The upstream provider is currently experiencing high demand. Please retry shortly.""}},""providerMetadata"":{""gateway"":{""routing"":{""originalModelId"":""typesafe-ai/jev"",""resolvedProvider"":""typesafe-ai"",""fallbacksAvailable"":[],""canonicalSlug"":""typesafe-ai/jev"",""modelAttemptCount"":1,""modelAttempts"":[{""canonicalSlug"":""typesafe-ai/jev"",""success"":false,""providerAttemptCount"":0,""providerAttempts"":[]}],""totalProviderAttemptCount"":0},""generationId"":""gen_01M3621XZAA1HCX5PF67G153VK""}}}",33,"{""X-Ratelimit-Limit-Requests"":""30"",""X-Ratelimit-Limit-Tokens"":""250000"",""X-Ratelimit-Remaining-Requests"":""0"",""X-Ratelimit-Remaining-Tokens"":""227885"",""X-Ratelimit-Reset-Requests"":""33s"",""X-Ratelimit-Reset-Tokens"":""33s""}",84.10
choice/1/003/vercel,vercel,choice,1,3,1,429,false,HTTP 429,"{""error"":{""message"":""The upstream provider is currently experiencing high demand. Please retry shortly."",""type"":""rate_limit_exceeded"",""param"":{""error"":""The upstream provider is currently experiencing high demand. Please retry shortly."",""type"":""rate_limit_exceeded"",""statusCode"":429,""name"":""RateLimitExceededError"",""message"":""The upstream provider is currently experiencing high demand. Please retry shortly.""}},""providerMetadata"":{""gateway"":{""routing"":{""originalModelId"":""typesafe-ai/jev"",""resolvedProvider"":""typesafe-ai"",""fallbacksAvailable"":[],""canonicalSlug"":""typesafe-ai/jev"",""modelAttemptCount"":1,""modelAttempts"":[{""canonicalSlug"":""typesafe-ai/jev"",""success"":false,""providerAttemptCount"":0,""providerAttempts"":[]}],""totalProviderAttemptCount"":0},""generationId"":""gen_01M3621Z1DSG91DXBD0CXX8KSV""}}}",32,"{""X-Ratelimit-Limit-Requests"":""30"",""X-Ratelimit-Limit-Tokens"":""250000"",""X-Ratelimit-Remaining-Requests"":""0"",""X-Ratelimit-Remaining-Tokens"":""217722"",""X-Ratelimit-Reset-Requests"":""32s"",""X-Ratelimit-Reset-Tokens"":""32s""}",92.29
choice/1/004/vercel,vercel,choice,1,4,1,429,false,HTTP 429,"{""error"":{""message"":""The upstream provider is currently experiencing high demand. Please retry shortly."",""type"":""rate_limit_exceeded"",""param"":{""error"":""The upstream provider is currently experiencing high demand. Please retry shortly."",""type"":""rate_limit_exceeded"",""statusCode"":429,""name"":""RateLimitExceededError"",""message"":""The upstream provider is currently experiencing high demand. Please retry shortly.""}},""providerMetadata"":{""gateway"":{""routing"":{""originalModelId"":""typesafe-ai/jev"",""resolvedProvider"":""typesafe-ai"",""fallbacksAvailable"":[],""canonicalSlug"":""typesafe-ai/jev"",""modelAttemptCount"":1,""modelAttempts"":[{""canonicalSlug"":""typesafe-ai/jev"",""success"":false,""providerAttemptCount"":0,""providerAttempts"":[]}],""totalProviderAttemptCount"":0},""generationId"":""gen_01M3621ZAT5BMBBH845HBASBCB""}}}",31,"{""X-Ratelimit-Limit-Requests"":""30"",""X-Ratelimit-Limit-Tokens"":""250000"",""X-Ratelimit-Remaining-Requests"":""0"",""X-Ratelimit-Remaining-Tokens"":""217839"",""X-Ratelimit-Reset-Requests"":""31s"",""X-Ratelimit-Reset-Tokens"":""31s""}",96.16
choice/1/006/vercel,vercel,choice,1,6,1,429,false,HTTP 429,"{""error"":{""message"":""The upstream provider is currently experiencing high demand. Please retry shortly."",""type"":""rate_limit_exceeded"",""param"":{""error"":""The upstream provider is currently experiencing high demand. Please retry shortly."",""type"":""rate_limit_exceeded"",""statusCode"":429,""name"":""RateLimitExceededError"",""message"":""The upstream provider is currently experiencing high demand. Please retry shortly.""}},""providerMetadata"":{""gateway"":{""routing"":{""originalModelId"":""typesafe-ai/jev"",""resolvedProvider"":""typesafe-ai"",""fallbacksAvailable"":[],""canonicalSlug"":""typesafe-ai/jev"",""modelAttemptCount"":1,""modelAttempts"":[{""canonicalSlug"":""typesafe-ai/jev"",""success"":false,""providerAttemptCount"":0,""providerAttempts"":[]}],""totalProviderAttemptCount"":0},""generationId"":""gen_01M36220T8NPWMX3G2HSHG0MRM""}}}",30,"{""X-Ratelimit-Limit-Requests"":""30"",""X-Ratelimit-Limit-Tokens"":""250000"",""X-Ratelimit-Remaining-Requests"":""0"",""X-Ratelimit-Remaining-Tokens"":""217270"",""X-Ratelimit-Reset-Requests"":""30s"",""X-Ratelimit-Reset-Tokens"":""30s""}",79.34
choice/1/007/vercel,vercel,choice,1,7,1,429,false,HTTP 429,"{""error"":{""message"":""The upstream provider is currently experiencing high demand. Please retry shortly."",""type"":""rate_limit_exceeded"",""param"":{""error"":""The upstream provider is currently experiencing high demand. Please retry shortly."",""type"":""rate_limit_exceeded"",""statusCode"":429,""name"":""RateLimitExceededError"",""message"":""The upstream provider is currently experiencing high demand. Please retry shortly.""}},""providerMetadata"":{""gateway"":{""routing"":{""originalModelId"":""typesafe-ai/jev"",""resolvedProvider"":""typesafe-ai"",""fallbacksAvailable"":[],""canonicalSlug"":""typesafe-ai/jev"",""modelAttemptCount"":1,""modelAttempts"":[{""canonicalSlug"":""typesafe-ai/jev"",""success"":false,""providerAttemptCount"":0,""providerAttempts"":[]}],""totalProviderAttemptCount"":0},""generationId"":""gen_01M36222BF3EK03PG5PAE55TG1""}}}",28,"{""X-Ratelimit-Limit-Requests"":""30"",""X-Ratelimit-Limit-Tokens"":""250000"",""X-Ratelimit-Remaining-Requests"":""0"",""X-Ratelimit-Remaining-Tokens"":""217831"",""X-Ratelimit-Reset-Requests"":""28s"",""X-Ratelimit-Reset-Tokens"":""28s""}",111.95
choice/1/009/vercel,vercel,choice,1,9,1,429,false,HTTP 429,"{""error"":{""message"":""The upstream provider is currently experiencing high demand. Please retry shortly."",""type"":""rate_limit_exceeded"",""param"":{""error"":""The upstream provider is currently experiencing high demand. Please retry shortly."",""type"":""rate_limit_exceeded"",""statusCode"":429,""name"":""RateLimitExceededError"",""message"":""The upstream provider is currently experiencing high demand. Please retry shortly.""}},""providerMetadata"":{""gateway"":{""routing"":{""originalModelId"":""typesafe-ai/jev"",""resolvedProvider"":""typesafe-ai"",""fallbacksAvailable"":[],""canonicalSlug"":""typesafe-ai/jev"",""modelAttemptCount"":1,""modelAttempts"":[{""canonicalSlug"":""typesafe-ai/jev"",""success"":false,""providerAttemptCount"":0,""providerAttempts"":[]}],""totalProviderAttemptCount"":0},""generationId"":""gen_01M36223ZF0GTD6CGJA7YQQ7WA""}}}",27,"{""X-Ratelimit-Limit-Requests"":""30"",""X-Ratelimit-Limit-Tokens"":""250000"",""X-Ratelimit-Remaining-Requests"":""0"",""X-Ratelimit-Remaining-Tokens"":""217317"",""X-Ratelimit-Reset-Requests"":""27s"",""X-Ratelimit-Reset-Tokens"":""27s""}",82.82
choice/1/010/vercel,vercel,choice,1,10,1,429,false,HTTP 429,"{""error"":{""message"":""The upstream provider is currently experiencing high demand. Please retry shortly."",""type"":""rate_limit_exceeded"",""param"":{""error"":""The upstream provider is currently experiencing high demand. Please retry shortly."",""type"":""rate_limit_exceeded"",""statusCode"":429,""name"":""RateLimitExceededError"",""message"":""The upstream provider is currently experiencing high demand. Please retry shortly.""}},""providerMetadata"":{""gateway"":{""routing"":{""originalModelId"":""typesafe-ai/jev"",""resolvedProvider"":""typesafe-ai"",""fallbacksAvailable"":[],""canonicalSlug"":""typesafe-ai/jev"",""modelAttemptCount"":1,""modelAttempts"":[{""canonicalSlug"":""typesafe-ai/jev"",""success"":false,""providerAttemptCount"":0,""providerAttempts"":[]}],""totalProviderAttemptCount"":0},""generationId"":""gen_01M36224881M02XM2444T3C4HF""}}}",26,"{""X-Ratelimit-Limit-Requests"":""30"",""X-Ratelimit-Limit-Tokens"":""250000"",""X-Ratelimit-Remaining-Requests"":""0"",""X-Ratelimit-Remaining-Tokens"":""217423"",""X-Ratelimit-Reset-Requests"":""26s"",""X-Ratelimit-Reset-Tokens"":""26s""}",88.58
choice/1/011/vercel,vercel,choice,1,11,1,429,false,HTTP 429,"{""error"":{""message"":""The upstream provider is currently experiencing high demand. Please retry shortly."",""type"":""rate_limit_exceeded"",""param"":{""error"":""The upstream provider is currently experiencing high demand. Please retry shortly."",""type"":""rate_limit_exceeded"",""statusCode"":429,""name"":""RateLimitExceededError"",""message"":""The upstream provider is currently experiencing high demand. Please retry shortly.""}},""providerMetadata"":{""gateway"":{""routing"":{""originalModelId"":""typesafe-ai/jev"",""resolvedProvider"":""typesafe-ai"",""fallbacksAvailable"":[],""canonicalSlug"":""typesafe-ai/jev"",""modelAttemptCount"":1,""modelAttempts"":[{""canonicalSlug"":""typesafe-ai/jev"",""success"":false,""providerAttemptCount"":0,""providerAttempts"":[]}],""totalProviderAttemptCount"":0},""generationId"":""gen_01M36225GCQ7415VJST0SJJ0KY""}}}",25,"{""X-Ratelimit-Limit-Requests"":""30"",""X-Ratelimit-Limit-Tokens"":""250000"",""X-Ratelimit-Remaining-Requests"":""0"",""X-Ratelimit-Remaining-Tokens"":""217882"",""X-Ratelimit-Reset-Requests"":""25s"",""X-Ratelimit-Reset-Tokens"":""25s""}",128.39
choice/1/012/vercel,vercel,choice,1,12,1,429,false,HTTP 429,"{""error"":{""message"":""The upstream provider is currently experiencing high demand. Please retry shortly."",""type"":""rate_limit_exceeded"",""param"":{""error"":""The upstream provider is currently experiencing high demand. Please retry shortly."",""type"":""rate_limit_exceeded"",""statusCode"":429,""name"":""RateLimitExceededError"",""message"":""The upstream provider is currently experiencing high demand. Please retry shortly.""}},""providerMetadata"":{""gateway"":{""routing"":{""originalModelId"":""typesafe-ai/jev"",""resolvedProvider"":""typesafe-ai"",""fallbacksAvailable"":[],""canonicalSlug"":""typesafe-ai/jev"",""modelAttemptCount"":1,""modelAttempts"":[{""canonicalSlug"":""typesafe-ai/jev"",""success"":false,""providerAttemptCount"":0,""providerAttempts"":[]}],""totalProviderAttemptCount"":0},""generationId"":""gen_01M36225KXCXE5966YAPNH32YC""}}}",25,"{""X-Ratelimit-Limit-Requests"":""30"",""X-Ratelimit-Limit-Tokens"":""250000"",""X-Ratelimit-Remaining-Requests"":""0"",""X-Ratelimit-Remaining-Tokens"":""217882"",""X-Ratelimit-Reset-Requests"":""25s"",""X-Ratelimit-Reset-Tokens"":""25s""}",87.72
choice/1/014/vercel,vercel,choice,1,14,1,429,false,HTTP 429,"{""error"":{""message"":""The upstream provider is currently experiencing high demand. Please retry shortly."",""type"":""rate_limit_exceeded"",""param"":{""error"":""The upstream provider is currently experiencing high demand. Please retry shortly."",""type"":""rate_limit_exceeded"",""statusCode"":429,""name"":""RateLimitExceededError"",""message"":""The upstream provider is currently experiencing high demand. Please retry shortly.""}},""providerMetadata"":{""gateway"":{""routing"":{""originalModelId"":""typesafe-ai/jev"",""resolvedProvider"":""typesafe-ai"",""fallbacksAvailable"":[],""canonicalSlug"":""typesafe-ai/jev"",""modelAttemptCount"":1,""modelAttempts"":[{""canonicalSlug"":""typesafe-ai/jev"",""success"":false,""providerAttemptCount"":0,""providerAttempts"":[]}],""totalProviderAttemptCount"":0},""generationId"":""gen_01M36227NESYX94RTW869YA4TQ""}}}",23,"{""X-Ratelimit-Limit-Requests"":""30"",""X-Ratelimit-Limit-Tokens"":""250000"",""X-Ratelimit-Remaining-Requests"":""0"",""X-Ratelimit-Remaining-Tokens"":""218074"",""X-Ratelimit-Reset-Requests"":""23s"",""X-Ratelimit-Reset-Tokens"":""23s""}",95.16
choice/1/015/vercel,vercel,choice,1,15,1,429,false,HTTP 429,"{""error"":{""message"":""The upstream provider is currently experiencing high demand. Please retry shortly."",""type"":""rate_limit_exceeded"",""param"":{""error"":""The upstream provider is currently experiencing high demand. Please retry shortly."",""type"":""rate_limit_exceeded"",""statusCode"":429,""name"":""RateLimitExceededError"",""message"":""The upstream provider is currently experiencing high demand. Please retry shortly.""}},""providerMetadata"":{""gateway"":{""routing"":{""originalModelId"":""typesafe-ai/jev"",""resolvedProvider"":""typesafe-ai"",""fallbacksAvailable"":[],""canonicalSlug"":""typesafe-ai/jev"",""modelAttemptCount"":1,""modelAttempts"":[{""canonicalSlug"":""typesafe-ai/jev"",""success"":false,""providerAttemptCount"":0,""providerAttempts"":[]}],""totalProviderAttemptCount"":0},""generationId"":""gen_01M36228N7GHJZK4SM9VFEK8B1""}}}",22,"{""X-Ratelimit-Limit-Requests"":""30"",""X-Ratelimit-Limit-Tokens"":""250000"",""X-Ratelimit-Remaining-Requests"":""0"",""X-Ratelimit-Remaining-Tokens"":""217921"",""X-Ratelimit-Reset-Requests"":""22s"",""X-Ratelimit-Reset-Tokens"":""22s""}",87.15
choice/1/017/vercel,vercel,choice,1,17,1,429,false,HTTP 429,"{""error"":{""message"":""The upstream provider is currently experiencing high demand. Please retry shortly."",""type"":""rate_limit_exceeded"",""param"":{""error"":""The upstream provider is currently experiencing high demand. Please retry shortly."",""type"":""rate_limit_exceeded"",""statusCode"":429,""name"":""RateLimitExceededError"",""message"":""The upstream provider is currently experiencing high demand. Please retry shortly.""}},""providerMetadata"":{""gateway"":{""routing"":{""originalModelId"":""typesafe-ai/jev"",""resolvedProvider"":""typesafe-ai"",""fallbacksAvailable"":[],""canonicalSlug"":""typesafe-ai/jev"",""modelAttemptCount"":1,""modelAttempts"":[{""canonicalSlug"":""typesafe-ai/jev"",""success"":false,""providerAttemptCount"":0,""providerAttempts"":[]}],""totalProviderAttemptCount"":0},""generationId"":""gen_01M36229W7WHDNDNSW9A9HZ6KE""}}}",20,"{""X-Ratelimit-Limit-Requests"":""30"",""X-Ratelimit-Limit-Tokens"":""250000"",""X-Ratelimit-Remaining-Requests"":""0"",""X-Ratelimit-Remaining-Tokens"":""217266"",""X-Ratelimit-Reset-Requests"":""20s"",""X-Ratelimit-Reset-Tokens"":""20s""}",92.61
choice/1/018/vercel,vercel,choice,1,18,1,429,false,HTTP 429,"{""error"":{""message"":""The upstream provider is currently experiencing high demand. Please retry shortly."",""type"":""rate_limit_exceeded"",""param"":{""error"":""The upstream provider is currently experiencing high demand. Please retry shortly."",""type"":""rate_limit_exceeded"",""statusCode"":429,""name"":""RateLimitExceededError"",""message"":""The upstream provider is currently experiencing high demand. Please retry shortly.""}},""providerMetadata"":{""gateway"":{""routing"":{""originalModelId"":""typesafe-ai/jev"",""resolvedProvider"":""typesafe-ai"",""fallbacksAvailable"":[],""canonicalSlug"":""typesafe-ai/jev"",""modelAttemptCount"":1,""modelAttempts"":[{""canonicalSlug"":""typesafe-ai/jev"",""success"":false,""providerAttemptCount"":0,""providerAttempts"":[]}],""totalProviderAttemptCount"":0},""generationId"":""gen_01M3622APS0AKXA8ZBAJW0Z7TP""}}}",19,"{""X-Ratelimit-Limit-Requests"":""30"",""X-Ratelimit-Limit-Tokens"":""250000"",""X-Ratelimit-Remaining-Requests"":""0"",""X-Ratelimit-Remaining-Tokens"":""217608"",""X-Ratelimit-Reset-Requests"":""19s"",""X-Ratelimit-Reset-Tokens"":""19s""}",219.18
choice/1/019/vercel,vercel,choice,1,19,1,429,false,HTTP 429,"{""error"":{""message"":""The upstream provider is currently experiencing high demand. Please retry shortly."",""type"":""rate_limit_exceeded"",""param"":{""error"":""The upstream provider is currently experiencing high demand. Please retry shortly."",""type"":""rate_limit_exceeded"",""statusCode"":429,""name"":""RateLimitExceededError"",""message"":""The upstream provider is currently experiencing high demand. Please retry shortly.""}},""providerMetadata"":{""gateway"":{""routing"":{""originalModelId"":""typesafe-ai/jev"",""resolvedProvider"":""typesafe-ai"",""fallbacksAvailable"":[],""canonicalSlug"":""typesafe-ai/jev"",""modelAttemptCount"":1,""modelAttempts"":[{""canonicalSlug"":""typesafe-ai/jev"",""success"":false,""providerAttemptCount"":0,""providerAttempts"":[]}],""totalProviderAttemptCount"":0},""generationId"":""gen_01M3622BCPF27SNY5RE025DE9G""}}}",19,"{""X-Ratelimit-Limit-Requests"":""30"",""X-Ratelimit-Limit-Tokens"":""250000"",""X-Ratelimit-Remaining-Requests"":""0"",""X-Ratelimit-Remaining-Tokens"":""217811"",""X-Ratelimit-Reset-Requests"":""19s"",""X-Ratelimit-Reset-Tokens"":""19s""}",88.58
choice/1/021/vercel,vercel,choice,1,21,1,429,false,HTTP 429,"{""error"":{""message"":""The upstream provider is currently experiencing high demand. Please retry shortly."",""type"":""rate_limit_exceeded"",""param"":{""error"":""The upstream provider is currently experiencing high demand. Please retry shortly."",""type"":""rate_limit_exceeded"",""statusCode"":429,""name"":""RateLimitExceededError"",""message"":""The upstream provider is currently experiencing high demand. Please retry shortly.""}},""providerMetadata"":{""gateway"":{""routing"":{""originalModelId"":""typesafe-ai/jev"",""resolvedProvider"":""typesafe-ai"",""fallbacksAvailable"":[],""canonicalSlug"":""typesafe-ai/jev"",""modelAttemptCount"":1,""modelAttempts"":[{""canonicalSlug"":""typesafe-ai/jev"",""success"":false,""providerAttemptCount"":0,""providerAttempts"":[]}],""totalProviderAttemptCount"":0},""generationId"":""gen_01M3622D532X15X45WHR8N0EYW""}}}",17,"{""X-Ratelimit-Limit-Requests"":""30"",""X-Ratelimit-Limit-Tokens"":""250000"",""X-Ratelimit-Remaining-Requests"":""0"",""X-Ratelimit-Remaining-Tokens"":""217356"",""X-Ratelimit-Reset-Requests"":""17s"",""X-Ratelimit-Reset-Tokens"":""17s""}",96.85
choice/1/022/vercel,vercel,choice,1,22,1,429,false,HTTP 429,"{""error"":{""message"":""The upstream provider is currently experiencing high demand. Please retry shortly."",""type"":""rate_limit_exceeded"",""param"":{""error"":""The upstream provider is currently experiencing high demand. Please retry shortly."",""type"":""rate_limit_exceeded"",""statusCode"":429,""name"":""RateLimitExceededError"",""message"":""The upstream provider is currently experiencing high demand. Please retry shortly.""}},""providerMetadata"":{""gateway"":{""routing"":{""originalModelId"":""typesafe-ai/jev"",""resolvedProvider"":""typesafe-ai"",""fallbacksAvailable"":[],""canonicalSlug"":""typesafe-ai/jev"",""modelAttemptCount"":1,""modelAttempts"":[{""canonicalSlug"":""typesafe-ai/jev"",""success"":false,""providerAttemptCount"":0,""providerAttempts"":[]}],""totalProviderAttemptCount"":0},""generationId"":""gen_01M3622DN9X01QY9V5KB5Z5JMM""}}}",60,"{""X-Ratelimit-Limit-Requests"":""30"",""X-Ratelimit-Limit-Tokens"":""250000"",""X-Ratelimit-Remaining-Requests"":""0"",""X-Ratelimit-Remaining-Tokens"":""217534"",""X-Ratelimit-Reset-Requests"":""60s"",""X-Ratelimit-Reset-Tokens"":""17s""}",92.19
choice/1/023/vercel,vercel,choice,1,23,1,429,false,HTTP 429,"{""error"":{""message"":""The upstream provider is currently experiencing high demand. Please retry shortly."",""type"":""rate_limit_exceeded"",""param"":{""error"":""The upstream provider is currently experiencing high demand. Please retry shortly."",""type"":""rate_limit_exceeded"",""statusCode"":429,""name"":""RateLimitExceededError"",""message"":""The upstream provider is currently experiencing high demand. Please retry shortly.""}},""providerMetadata"":{""gateway"":{""routing"":{""originalModelId"":""typesafe-ai/jev"",""resolvedProvider"":""typesafe-ai"",""fallbacksAvailable"":[],""canonicalSlug"":""typesafe-ai/jev"",""modelAttemptCount"":1,""modelAttempts"":[{""canonicalSlug"":""typesafe-ai/jev"",""success"":false,""providerAttemptCount"":0,""providerAttempts"":[]}],""totalProviderAttemptCount"":0},""generationId"":""gen_01M3622E7SPCB938AJZHA4RHDK""}}}",16,"{""X-Ratelimit-Limit-Requests"":""30"",""X-Ratelimit-Limit-Tokens"":""250000"",""X-Ratelimit-Remaining-Requests"":""0"",""X-Ratelimit-Remaining-Tokens"":""217747"",""X-Ratelimit-Reset-Requests"":""16s"",""X-Ratelimit-Reset-Tokens"":""16s""}",112.70
choice/1/024/vercel,vercel,choice,1,24,1,429,false,HTTP 429,"{""error"":{""message"":""The upstream provider is currently experiencing high demand. Please retry shortly."",""type"":""rate_limit_exceeded"",""param"":{""error"":""The upstream provider is currently experiencing high demand. Please retry shortly."",""type"":""rate_limit_exceeded"",""statusCode"":429,""name"":""RateLimitExceededError"",""message"":""The upstream provider is currently experiencing high demand. Please retry shortly.""}},""providerMetadata"":{""gateway"":{""routing"":{""originalModelId"":""typesafe-ai/jev"",""resolvedProvider"":""typesafe-ai"",""fallbacksAvailable"":[],""canonicalSlug"":""typesafe-ai/jev"",""modelAttemptCount"":1,""modelAttempts"":[{""canonicalSlug"":""typesafe-ai/jev"",""success"":false,""providerAttemptCount"":0,""providerAttempts"":[]}],""totalProviderAttemptCount"":0},""generationId"":""gen_01M3622FCQG54KAMTR8GQ7EE56""}}}",60,"{""X-Ratelimit-Limit-Requests"":""30"",""X-Ratelimit-Limit-Tokens"":""250000"",""X-Ratelimit-Remaining-Requests"":""0"",""X-Ratelimit-Remaining-Tokens"":""217747"",""X-Ratelimit-Reset-Requests"":""60s"",""X-Ratelimit-Reset-Tokens"":""15s""}",116.16
choice/1/026/vercel,vercel,choice,1,26,1,429,false,HTTP 429,"{""error"":{""message"":""The upstream provider is currently experiencing high demand. Please retry shortly."",""type"":""rate_limit_exceeded"",""param"":{""error"":""The upstream provider is currently experiencing high demand. Please retry shortly."",""type"":""rate_limit_exceeded"",""statusCode"":429,""name"":""RateLimitExceededError"",""message"":""The upstream provider is currently experiencing high demand. Please retry shortly.""}},""providerMetadata"":{""gateway"":{""routing"":{""originalModelId"":""typesafe-ai/jev"",""resolvedProvider"":""typesafe-ai"",""fallbacksAvailable"":[],""canonicalSlug"":""typesafe-ai/jev"",""modelAttemptCount"":1,""modelAttempts"":[{""canonicalSlug"":""typesafe-ai/jev"",""success"":false,""providerAttemptCount"":0,""providerAttempts"":[]}],""totalProviderAttemptCount"":0},""generationId"":""gen_01M3622H67R6EWXZ1ANRXCHQPX""}}}",13,"{""X-Ratelimit-Limit-Requests"":""30"",""X-Ratelimit-Limit-Tokens"":""250000"",""X-Ratelimit-Remaining-Requests"":""0"",""X-Ratelimit-Remaining-Tokens"":""217718"",""X-Ratelimit-Reset-Requests"":""13s"",""X-Ratelimit-Reset-Tokens"":""13s""}",83.37
choice/1/027/vercel,vercel,choice,1,27,1,429,false,HTTP 429,"{""error"":{""message"":""The upstream provider is currently experiencing high demand. Please retry shortly."",""type"":""rate_limit_exceeded"",""param"":{""error"":""The upstream provider is currently experiencing high demand. Please retry shortly."",""type"":""rate_limit_exceeded"",""statusCode"":429,""name"":""RateLimitExceededError"",""message"":""The upstream provider is currently experiencing high demand. Please retry shortly.""}},""providerMetadata"":{""gateway"":{""routing"":{""originalModelId"":""typesafe-ai/jev"",""resolvedProvider"":""typesafe-ai"",""fallbacksAvailable"":[],""canonicalSlug"":""typesafe-ai/jev"",""modelAttemptCount"":1,""modelAttempts"":[{""canonicalSlug"":""typesafe-ai/jev"",""success"":false,""providerAttemptCount"":0,""providerAttempts"":[]}],""totalProviderAttemptCount"":0},""generationId"":""gen_01M3622HTAY6F4FW9X81YK0QCJ""}}}",60,"{""X-Ratelimit-Limit-Requests"":""30"",""X-Ratelimit-Limit-Tokens"":""250000"",""X-Ratelimit-Remaining-Requests"":""0"",""X-Ratelimit-Remaining-Tokens"":""217957"",""X-Ratelimit-Reset-Requests"":""60s"",""X-Ratelimit-Reset-Tokens"":""12s""}",96.26
choice/1/028/vercel,vercel,choice,1,28,1,429,false,HTTP 429,"{""error"":{""message"":""The upstream provider is currently experiencing high demand. Please retry shortly."",""type"":""rate_limit_exceeded"",""param"":{""error"":""The upstream provider is currently experiencing high demand. Please retry shortly."",""type"":""rate_limit_exceeded"",""statusCode"":429,""name"":""RateLimitExceededError"",""message"":""The upstream provider is currently experiencing high demand. Please retry shortly.""}},""providerMetadata"":{""gateway"":{""routing"":{""originalModelId"":""typesafe-ai/jev"",""resolvedProvider"":""typesafe-ai"",""fallbacksAvailable"":[],""canonicalSlug"":""typesafe-ai/jev"",""modelAttemptCount"":1,""modelAttempts"":[{""canonicalSlug"":""typesafe-ai/jev"",""success"":false,""providerAttemptCount"":0,""providerAttempts"":[]}],""totalProviderAttemptCount"":0},""generationId"":""gen_01M3622J3702K2Q41W2602P059""}}}",60,"{""X-Ratelimit-Limit-Requests"":""30"",""X-Ratelimit-Limit-Tokens"":""250000"",""X-Ratelimit-Remaining-Requests"":""0"",""X-Ratelimit-Remaining-Tokens"":""218050"",""X-Ratelimit-Reset-Requests"":""60s"",""X-Ratelimit-Reset-Tokens"":""12s""}",86.85
choice/1/029/vercel,vercel,choice,1,29,1,429,false,HTTP 429,"{""error"":{""message"":""The upstream provider is currently experiencing high demand. Please retry shortly."",""type"":""rate_limit_exceeded"",""param"":{""error"":""The upstream provider is currently experiencing high demand. Please retry shortly."",""type"":""rate_limit_exceeded"",""statusCode"":429,""name"":""RateLimitExceededError"",""message"":""The upstream provider is currently experiencing high demand. Please retry shortly.""}},""providerMetadata"":{""gateway"":{""routing"":{""originalModelId"":""typesafe-ai/jev"",""resolvedProvider"":""typesafe-ai"",""fallbacksAvailable"":[],""canonicalSlug"":""typesafe-ai/jev"",""modelAttemptCount"":1,""modelAttempts"":[{""canonicalSlug"":""typesafe-ai/jev"",""success"":false,""providerAttemptCount"":0,""providerAttempts"":[]}],""totalProviderAttemptCount"":0},""generationId"":""gen_01M3622JP3C2SHJWQKRHC48PSB""}}}",60,"{""X-Ratelimit-Limit-Requests"":""30"",""X-Ratelimit-Limit-Tokens"":""250000"",""X-Ratelimit-Remaining-Requests"":""0"",""X-Ratelimit-Remaining-Tokens"":""218261"",""X-Ratelimit-Reset-Requests"":""60s"",""X-Ratelimit-Reset-Tokens"":""11s""}",98.89
choice/1/030/vercel,vercel,choice,1,30,1,429,false,HTTP 429,"{""error"":{""message"":""The upstream provider is currently experiencing high demand. Please retry shortly."",""type"":""rate_limit_exceeded"",""param"":{""error"":""The upstream provider is currently experiencing high demand. Please retry shortly."",""type"":""rate_limit_exceeded"",""statusCode"":429,""name"":""RateLimitExceededError"",""message"":""The upstream provider is currently experiencing high demand. Please retry shortly.""}},""providerMetadata"":{""gateway"":{""routing"":{""originalModelId"":""typesafe-ai/jev"",""resolvedProvider"":""typesafe-ai"",""fallbacksAvailable"":[],""canonicalSlug"":""typesafe-ai/jev"",""modelAttemptCount"":1,""modelAttempts"":[{""canonicalSlug"":""typesafe-ai/jev"",""success"":false,""providerAttemptCount"":0,""providerAttempts"":[]}],""totalProviderAttemptCount"":0},""generationId"":""gen_01M3622K9ZS1MM858E6Z584TRN""}}}",60,"{""X-Ratelimit-Limit-Requests"":""30"",""X-Ratelimit-Limit-Tokens"":""250000"",""X-Ratelimit-Remaining-Requests"":""0"",""X-Ratelimit-Remaining-Tokens"":""218485"",""X-Ratelimit-Reset-Requests"":""60s"",""X-Ratelimit-Reset-Tokens"":""11s""}",141.56
choice/1/031/vercel,vercel,choice,1,31,1,429,false,HTTP 429,"{""error"":{""message"":""The upstream provider is currently experiencing high demand. Please retry shortly."",""type"":""rate_limit_exceeded"",""param"":{""error"":""The upstream provider is currently experiencing high demand. Please retry shortly."",""type"":""rate_limit_exceeded"",""statusCode"":429,""name"":""RateLimitExceededError"",""message"":""The upstream provider is currently experiencing high demand. Please retry shortly.""}},""providerMetadata"":{""gateway"":{""routing"":{""originalModelId"":""typesafe-ai/jev"",""resolvedProvider"":""typesafe-ai"",""fallbacksAvailable"":[],""canonicalSlug"":""typesafe-ai/jev"",""modelAttemptCount"":1,""modelAttempts"":[{""canonicalSlug"":""typesafe-ai/jev"",""success"":false,""providerAttemptCount"":0,""providerAttempts"":[]}],""totalProviderAttemptCount"":0},""generationId"":""gen_01M3622MHY5YRX2C3NZSH37V7V""}}}",60,"{""X-Ratelimit-Limit-Requests"":""30"",""X-Ratelimit-Limit-Tokens"":""250000"",""X-Ratelimit-Remaining-Requests"":""0"",""X-Ratelimit-Remaining-Tokens"":""218940"",""X-Ratelimit-Reset-Requests"":""60s"",""X-Ratelimit-Reset-Tokens"":""10s""}",144.71
choice/1/032/vercel,vercel,choice,1,32,1,429,false,HTTP 429,"{""error"":{""message"":""The upstream provider is currently experiencing high demand. Please retry shortly."",""type"":""rate_limit_exceeded"",""param"":{""error"":""The upstream provider is currently experiencing high demand. Please retry shortly."",""type"":""rate_limit_exceeded"",""statusCode"":429,""name"":""RateLimitExceededError"",""message"":""The upstream provider is currently experiencing high demand. Please retry shortly.""}},""providerMetadata"":{""gateway"":{""routing"":{""originalModelId"":""typesafe-ai/jev"",""resolvedProvider"":""typesafe-ai"",""fallbacksAvailable"":[],""canonicalSlug"":""typesafe-ai/jev"",""modelAttemptCount"":1,""modelAttempts"":[{""canonicalSlug"":""typesafe-ai/jev"",""success"":false,""providerAttemptCount"":0,""providerAttempts"":[]}],""totalProviderAttemptCount"":0},""generationId"":""gen_01M3622MX7EECFZFZ9SZ3YGFNX""}}}",60,"{""X-Ratelimit-Limit-Requests"":""30"",""X-Ratelimit-Limit-Tokens"":""250000"",""X-Ratelimit-Remaining-Requests"":""0"",""X-Ratelimit-Remaining-Tokens"":""219063"",""X-Ratelimit-Reset-Requests"":""60s"",""X-Ratelimit-Reset-Tokens"":""9s""}",87.05
choice/1/033/vercel,vercel,choice,1,33,1,429,false,HTTP 429,"{""error"":{""message"":""The upstream provider is currently experiencing high demand. Please retry shortly."",""type"":""rate_limit_exceeded"",""param"":{""error"":""The upstream provider is currently experiencing high demand. Please retry shortly."",""type"":""rate_limit_exceeded"",""statusCode"":429,""name"":""RateLimitExceededError"",""message"":""The upstream provider is currently experiencing high demand. Please retry shortly.""}},""providerMetadata"":{""gateway"":{""routing"":{""originalModelId"":""typesafe-ai/jev"",""resolvedProvider"":""typesafe-ai"",""fallbacksAvailable"":[],""canonicalSlug"":""typesafe-ai/jev"",""modelAttemptCount"":1,""modelAttempts"":[{""canonicalSlug"":""typesafe-ai/jev"",""success"":false,""providerAttemptCount"":0,""providerAttempts"":[]}],""totalProviderAttemptCount"":0},""generationId"":""gen_01M3622NNSGPHG0DAGG8TCCP3D""}}}",60,"{""X-Ratelimit-Limit-Requests"":""30"",""X-Ratelimit-Limit-Tokens"":""250000"",""X-Ratelimit-Remaining-Requests"":""0"",""X-Ratelimit-Remaining-Tokens"":""219351"",""X-Ratelimit-Reset-Requests"":""60s"",""X-Ratelimit-Reset-Tokens"":""8s""}",91.46
choice/1/034/vercel,vercel,choice,1,34,1,429,false,HTTP 429,"{""error"":{""message"":""The upstream provider is currently experiencing high demand. Please retry shortly."",""type"":""rate_limit_exceeded"",""param"":{""error"":""The upstream provider is currently experiencing high demand. Please retry shortly."",""type"":""rate_limit_exceeded"",""statusCode"":429,""name"":""RateLimitExceededError"",""message"":""The upstream provider is currently experiencing high demand. Please retry shortly.""}},""providerMetadata"":{""gateway"":{""routing"":{""originalModelId"":""typesafe-ai/jev"",""resolvedProvider"":""typesafe-ai"",""fallbacksAvailable"":[],""canonicalSlug"":""typesafe-ai/jev"",""modelAttemptCount"":1,""modelAttempts"":[{""canonicalSlug"":""typesafe-ai/jev"",""success"":false,""providerAttemptCount"":0,""providerAttempts"":[]}],""totalProviderAttemptCount"":0},""generationId"":""gen_01M3622P9D676VPVM4Q7P39KT3""}}}",60,"{""X-Ratelimit-Limit-Requests"":""30"",""X-Ratelimit-Limit-Tokens"":""250000"",""X-Ratelimit-Remaining-Requests"":""0"",""X-Ratelimit-Remaining-Tokens"":""219570"",""X-Ratelimit-Reset-Requests"":""60s"",""X-Ratelimit-Reset-Tokens"":""8s""}",114.09
choice/1/035/vercel,vercel,choice,1,35,1,429,false,HTTP 429,"{""error"":{""message"":""The upstream provider is currently experiencing high demand. Please retry shortly."",""type"":""rate_limit_exceeded"",""param"":{""error"":""The upstream provider is currently experiencing high demand. Please retry shortly."",""type"":""rate_limit_exceeded"",""statusCode"":429,""name"":""RateLimitExceededError"",""message"":""The upstream provider is currently experiencing high demand. Please retry shortly.""}},""providerMetadata"":{""gateway"":{""routing"":{""originalModelId"":""typesafe-ai/jev"",""resolvedProvider"":""typesafe-ai"",""fallbacksAvailable"":[],""canonicalSlug"":""typesafe-ai/jev"",""modelAttemptCount"":1,""modelAttempts"":[{""canonicalSlug"":""typesafe-ai/jev"",""success"":false,""providerAttemptCount"":0,""providerAttempts"":[]}],""totalProviderAttemptCount"":0},""generationId"":""gen_01M3622QEB4MMQ96CTFDSPH8VZ""}}}",60,"{""X-Ratelimit-Limit-Requests"":""30"",""X-Ratelimit-Limit-Tokens"":""250000"",""X-Ratelimit-Remaining-Requests"":""0"",""X-Ratelimit-Remaining-Tokens"":""219988"",""X-Ratelimit-Reset-Requests"":""60s"",""X-Ratelimit-Reset-Tokens"":""7s""}",97.73
choice/1/036/vercel,vercel,choice,1,36,1,429,false,HTTP 429,"{""error"":{""message"":""The upstream provider is currently experiencing high demand. Please retry shortly."",""type"":""rate_limit_exceeded"",""param"":{""error"":""The upstream provider is currently experiencing high demand. Please retry shortly."",""type"":""rate_limit_exceeded"",""statusCode"":429,""name"":""RateLimitExceededError"",""message"":""The upstream provider is currently experiencing high demand. Please retry shortly.""}},""providerMetadata"":{""gateway"":{""routing"":{""originalModelId"":""typesafe-ai/jev"",""resolvedProvider"":""typesafe-ai"",""fallbacksAvailable"":[],""canonicalSlug"":""typesafe-ai/jev"",""modelAttemptCount"":1,""modelAttempts"":[{""canonicalSlug"":""typesafe-ai/jev"",""success"":false,""providerAttemptCount"":0,""providerAttempts"":[]}],""totalProviderAttemptCount"":0},""generationId"":""gen_01M3622QHNRM707KH0X5XQS05E""}}}",60,"{""X-Ratelimit-Limit-Requests"":""30"",""X-Ratelimit-Limit-Tokens"":""250000"",""X-Ratelimit-Remaining-Requests"":""0"",""X-Ratelimit-Remaining-Tokens"":""220027"",""X-Ratelimit-Reset-Requests"":""60s"",""X-Ratelimit-Reset-Tokens"":""6s""}",106.42
choice/1/038/vercel,vercel,choice,1,38,1,429,false,HTTP 429,"{""error"":{""message"":""The upstream provider is currently experiencing high demand. Please retry shortly."",""type"":""rate_limit_exceeded"",""param"":{""error"":""The upstream provider is currently experiencing high demand. Please retry shortly."",""type"":""rate_limit_exceeded"",""statusCode"":429,""name"":""RateLimitExceededError"",""message"":""The upstream provider is currently experiencing high demand. Please retry shortly.""}},""providerMetadata"":{""gateway"":{""routing"":{""originalModelId"":""typesafe-ai/jev"",""resolvedProvider"":""typesafe-ai"",""fallbacksAvailable"":[],""canonicalSlug"":""typesafe-ai/jev"",""modelAttemptCount"":1,""modelAttempts"":[{""canonicalSlug"":""typesafe-ai/jev"",""success"":false,""providerAttemptCount"":0,""providerAttempts"":[]}],""totalProviderAttemptCount"":0},""generationId"":""gen_01M3622S3VR3CGP5DMP6RFQNKQ""}}}",60,"{""X-Ratelimit-Limit-Requests"":""30"",""X-Ratelimit-Limit-Tokens"":""250000"",""X-Ratelimit-Remaining-Requests"":""0"",""X-Ratelimit-Remaining-Tokens"":""220027"",""X-Ratelimit-Reset-Requests"":""60s"",""X-Ratelimit-Reset-Tokens"":""5s""}",93.56
choice/1/039/vercel,vercel,choice,1,39,1,429,false,HTTP 429,"{""error"":{""message"":""The upstream provider is currently experiencing high demand. Please retry shortly."",""type"":""rate_limit_exceeded"",""param"":{""error"":""The upstream provider is currently experiencing high demand. Please retry shortly."",""type"":""rate_limit_exceeded"",""statusCode"":429,""name"":""RateLimitExceededError"",""message"":""The upstream provider is currently experiencing high demand. Please retry shortly.""}},""providerMetadata"":{""gateway"":{""routing"":{""originalModelId"":""typesafe-ai/jev"",""resolvedProvider"":""typesafe-ai"",""fallbacksAvailable"":[],""canonicalSlug"":""typesafe-ai/jev"",""modelAttemptCount"":1,""modelAttempts"":[{""canonicalSlug"":""typesafe-ai/jev"",""success"":false,""providerAttemptCount"":0,""providerAttempts"":[]}],""totalProviderAttemptCount"":0},""generationId"":""gen_01M3622ST7FCQST77KYTWX3GCT""}}}",60,"{""X-Ratelimit-Limit-Requests"":""30"",""X-Ratelimit-Limit-Tokens"":""250000"",""X-Ratelimit-Remaining-Requests"":""0"",""X-Ratelimit-Remaining-Tokens"":""219754"",""X-Ratelimit-Reset-Requests"":""60s"",""X-Ratelimit-Reset-Tokens"":""4s""}",143.78
choice/1/040/vercel,vercel,choice,1,40,1,429,false,HTTP 429,"{""error"":{""message"":""The upstream provider is currently experiencing high demand. Please retry shortly."",""type"":""rate_limit_exceeded"",""param"":{""error"":""The upstream provider is currently experiencing high demand. Please retry shortly."",""type"":""rate_limit_exceeded"",""statusCode"":429,""name"":""RateLimitExceededError"",""message"":""The upstream provider is currently experiencing high demand. Please retry shortly.""}},""providerMetadata"":{""gateway"":{""routing"":{""originalModelId"":""typesafe-ai/jev"",""resolvedProvider"":""typesafe-ai"",""fallbacksAvailable"":[],""canonicalSlug"":""typesafe-ai/jev"",""modelAttemptCount"":1,""modelAttempts"":[{""canonicalSlug"":""typesafe-ai/jev"",""success"":false,""providerAttemptCount"":0,""providerAttempts"":[]}],""totalProviderAttemptCount"":0},""generationId"":""gen_01M3622TPM7EDW0PC4FNRYN4JY""}}}",60,"{""X-Ratelimit-Limit-Requests"":""30"",""X-Ratelimit-Limit-Tokens"":""250000"",""X-Ratelimit-Remaining-Requests"":""0"",""X-Ratelimit-Remaining-Tokens"":""220066"",""X-Ratelimit-Reset-Requests"":""60s"",""X-Ratelimit-Reset-Tokens"":""3s""}",84.83
choice/1/043/vercel,vercel,choice,1,43,1,429,false,HTTP 429,"{""error"":{""message"":""The upstream provider is currently experiencing high demand. Please retry shortly."",""type"":""rate_limit_exceeded"",""param"":{""error"":""The upstream provider is currently experiencing high demand. Please retry shortly."",""type"":""rate_limit_exceeded"",""statusCode"":429,""name"":""RateLimitExceededError"",""message"":""The upstream provider is currently experiencing high demand. Please retry shortly.""}},""providerMetadata"":{""gateway"":{""routing"":{""originalModelId"":""typesafe-ai/jev"",""resolvedProvider"":""typesafe-ai"",""fallbacksAvailable"":[],""canonicalSlug"":""typesafe-ai/jev"",""modelAttemptCount"":1,""modelAttempts"":[{""canonicalSlug"":""typesafe-ai/jev"",""success"":false,""providerAttemptCount"":0,""providerAttempts"":[]}],""totalProviderAttemptCount"":0},""generationId"":""gen_01M3622WZ7XAHXZWRQC7Y5THCJ""}}}",60,"{""X-Ratelimit-Limit-Requests"":""30"",""X-Ratelimit-Limit-Tokens"":""250000"",""X-Ratelimit-Remaining-Requests"":""0"",""X-Ratelimit-Remaining-Tokens"":""218691"",""X-Ratelimit-Reset-Requests"":""60s"",""X-Ratelimit-Reset-Tokens"":""1s""}",80.52
choice/1/044/vercel,vercel,choice,1,44,1,429,false,HTTP 429,"{""error"":{""message"":""The upstream provider is currently experiencing high demand. Please retry shortly."",""type"":""rate_limit_exceeded"",""param"":{""error"":""The upstream provider is currently experiencing high demand. Please retry shortly."",""type"":""rate_limit_exceeded"",""statusCode"":429,""name"":""RateLimitExceededError"",""message"":""The upstream provider is currently experiencing high demand. Please retry shortly.""}},""providerMetadata"":{""gateway"":{""routing"":{""originalModelId"":""typesafe-ai/jev"",""resolvedProvider"":""typesafe-ai"",""fallbacksAvailable"":[],""canonicalSlug"":""typesafe-ai/jev"",""modelAttemptCount"":1,""modelAttempts"":[{""canonicalSlug"":""typesafe-ai/jev"",""success"":false,""providerAttemptCount"":0,""providerAttempts"":[]}],""totalProviderAttemptCount"":0},""generationId"":""gen_01M3622XH66NVMNMYX7M0FJSS9""}}}",60,"{""X-Ratelimit-Limit-Requests"":""30"",""X-Ratelimit-Limit-Tokens"":""250000"",""X-Ratelimit-Remaining-Requests"":""0"",""X-Ratelimit-Remaining-Tokens"":""219622"",""X-Ratelimit-Reset-Requests"":""60s"",""X-Ratelimit-Reset-Tokens"":""60s""}",77.56
choice/1/045/vercel,vercel,choice,1,45,1,429,false,HTTP 429,"{""error"":{""message"":""The upstream provider is currently experiencing high demand. Please retry shortly."",""type"":""rate_limit_exceeded"",""param"":{""error"":""The upstream provider is currently experiencing high demand. Please retry shortly."",""type"":""rate_limit_exceeded"",""statusCode"":429,""name"":""RateLimitExceededError"",""message"":""The upstream provider is currently experiencing high demand. Please retry shortly.""}},""providerMetadata"":{""gateway"":{""routing"":{""originalModelId"":""typesafe-ai/jev"",""resolvedProvider"":""typesafe-ai"",""fallbacksAvailable"":[],""canonicalSlug"":""typesafe-ai/jev"",""modelAttemptCount"":1,""modelAttempts"":[{""canonicalSlug"":""typesafe-ai/jev"",""success"":false,""providerAttemptCount"":0,""providerAttempts"":[]}],""totalProviderAttemptCount"":0},""generationId"":""gen_01M3622YM9WPZ8HSTA9PFY5A6E""}}}",60,"{""X-Ratelimit-Limit-Requests"":""30"",""X-Ratelimit-Limit-Tokens"":""250000"",""X-Ratelimit-Remaining-Requests"":""0"",""X-Ratelimit-Remaining-Tokens"":""219505"",""X-Ratelimit-Reset-Requests"":""60s"",""X-Ratelimit-Reset-Tokens"":""59s""}",92.75
choice/1/046/vercel,vercel,choice,1,46,1,429,false,HTTP 429,"{""error"":{""message"":""The upstream provider is currently experiencing high demand. Please retry shortly."",""type"":""rate_limit_exceeded"",""param"":{""error"":""The upstream provider is currently experiencing high demand. Please retry shortly."",""type"":""rate_limit_exceeded"",""statusCode"":429,""name"":""RateLimitExceededError"",""message"":""The upstream provider is currently experiencing high demand. Please retry shortly.""}},""providerMetadata"":{""gateway"":{""routing"":{""originalModelId"":""typesafe-ai/jev"",""resolvedProvider"":""typesafe-ai"",""fallbacksAvailable"":[],""canonicalSlug"":""typesafe-ai/jev"",""modelAttemptCount"":1,""modelAttempts"":[{""canonicalSlug"":""typesafe-ai/jev"",""success"":false,""providerAttemptCount"":0,""providerAttempts"":[]}],""totalProviderAttemptCount"":0},""generationId"":""gen_01M3622YWV3P5YSY6WC4788GR5""}}}",60,"{""X-Ratelimit-Limit-Requests"":""30"",""X-Ratelimit-Limit-Tokens"":""250000"",""X-Ratelimit-Remaining-Requests"":""0"",""X-Ratelimit-Remaining-Tokens"":""219647"",""X-Ratelimit-Reset-Requests"":""60s"",""X-Ratelimit-Reset-Tokens"":""59s""}",84.83
choice/1/047/vercel,vercel,choice,1,47,1,429,false,HTTP 429,"{""error"":{""message"":""The upstream provider is currently experiencing high demand. Please retry shortly."",""type"":""rate_limit_exceeded"",""param"":{""error"":""The upstream provider is currently experiencing high demand. Please retry shortly."",""type"":""rate_limit_exceeded"",""statusCode"":429,""name"":""RateLimitExceededError"",""message"":""The upstream provider is currently experiencing high demand. Please retry shortly.""}},""providerMetadata"":{""gateway"":{""routing"":{""originalModelId"":""typesafe-ai/jev"",""resolvedProvider"":""typesafe-ai"",""fallbacksAvailable"":[],""canonicalSlug"":""typesafe-ai/jev"",""modelAttemptCount"":1,""modelAttempts"":[{""canonicalSlug"":""typesafe-ai/jev"",""success"":false,""providerAttemptCount"":0,""providerAttempts"":[]}],""totalProviderAttemptCount"":0},""generationId"":""gen_01M362302FFGT902B6S8D4RRYE""}}}",60,"{""X-Ratelimit-Limit-Requests"":""30"",""X-Ratelimit-Limit-Tokens"":""250000"",""X-Ratelimit-Remaining-Requests"":""0"",""X-Ratelimit-Remaining-Tokens"":""219505"",""X-Ratelimit-Reset-Requests"":""60s"",""X-Ratelimit-Reset-Tokens"":""58s""}",99.76
choice/1/048/vercel,vercel,choice,1,48,1,429,false,HTTP 429,"{""error"":{""message"":""The upstream provider is currently experiencing high demand. Please retry shortly."",""type"":""rate_limit_exceeded"",""param"":{""error"":""The upstream provider is currently experiencing high demand. Please retry shortly."",""type"":""rate_limit_exceeded"",""statusCode"":429,""name"":""RateLimitExceededError"",""message"":""The upstream provider is currently experiencing high demand. Please retry shortly.""}},""providerMetadata"":{""gateway"":{""routing"":{""originalModelId"":""typesafe-ai/jev"",""resolvedProvider"":""typesafe-ai"",""fallbacksAvailable"":[],""canonicalSlug"":""typesafe-ai/jev"",""modelAttemptCount"":1,""modelAttempts"":[{""canonicalSlug"":""typesafe-ai/jev"",""success"":false,""providerAttemptCount"":0,""providerAttempts"":[]}],""totalProviderAttemptCount"":0},""generationId"":""gen_01M36230S8AJ31VE937MTV29VB""}}}",60,"{""X-Ratelimit-Limit-Requests"":""30"",""X-Ratelimit-Limit-Tokens"":""250000"",""X-Ratelimit-Remaining-Requests"":""0"",""X-Ratelimit-Remaining-Tokens"":""220273"",""X-Ratelimit-Reset-Requests"":""60s"",""X-Ratelimit-Reset-Tokens"":""57s""}",75.97
choice/1/049/vercel,vercel,choice,1,49,1,429,false,HTTP 429,"{""error"":{""message"":""The upstream provider is currently experiencing high demand. Please retry shortly."",""type"":""rate_limit_exceeded"",""param"":{""error"":""The upstream provider is currently experiencing high demand. Please retry shortly."",""type"":""rate_limit_exceeded"",""statusCode"":429,""name"":""RateLimitExceededError"",""message"":""The upstream provider is currently experiencing high demand. Please retry shortly.""}},""providerMetadata"":{""gateway"":{""routing"":{""originalModelId"":""typesafe-ai/jev"",""resolvedProvider"":""typesafe-ai"",""fallbacksAvailable"":[],""canonicalSlug"":""typesafe-ai/jev"",""modelAttemptCount"":1,""modelAttempts"":[{""canonicalSlug"":""typesafe-ai/jev"",""success"":false,""providerAttemptCount"":0,""providerAttempts"":[]}],""totalProviderAttemptCount"":0},""generationId"":""gen_01M362319HY9APJKVW7ARJV3XZ""}}}",60,"{""X-Ratelimit-Limit-Requests"":""30"",""X-Ratelimit-Limit-Tokens"":""250000"",""X-Ratelimit-Remaining-Requests"":""0"",""X-Ratelimit-Remaining-Tokens"":""220930"",""X-Ratelimit-Reset-Requests"":""60s"",""X-Ratelimit-Reset-Tokens"":""56s""}",93.26
score/1/003/vercel,vercel,score,1,3,1,429,false,HTTP 429,"{""error"":{""message"":""The upstream provider is currently experiencing high demand. Please retry shortly."",""type"":""rate_limit_exceeded"",""param"":{""error"":""The upstream provider is currently experiencing high demand. Please retry shortly."",""type"":""rate_limit_exceeded"",""statusCode"":429,""name"":""RateLimitExceededError"",""message"":""The upstream provider is currently experiencing high demand. Please retry shortly.""}},""providerMetadata"":{""gateway"":{""routing"":{""originalModelId"":""typesafe-ai/jev"",""resolvedProvider"":""typesafe-ai"",""fallbacksAvailable"":[],""canonicalSlug"":""typesafe-ai/jev"",""modelAttemptCount"":1,""modelAttempts"":[{""canonicalSlug"":""typesafe-ai/jev"",""success"":false,""providerAttemptCount"":0,""providerAttempts"":[]}],""totalProviderAttemptCount"":0},""generationId"":""gen_01M36234H4FSMDZB8994WKH93D""}}}",60,"{""X-Ratelimit-Limit-Requests"":""30"",""X-Ratelimit-Limit-Tokens"":""250000"",""X-Ratelimit-Remaining-Requests"":""0"",""X-Ratelimit-Remaining-Tokens"":""220273"",""X-Ratelimit-Reset-Requests"":""60s"",""X-Ratelimit-Reset-Tokens"":""53s""}",81.32
score/1/004/vercel,vercel,score,1,4,1,429,false,HTTP 429,"{""error"":{""message"":""The upstream provider is currently experiencing high demand. Please retry shortly."",""type"":""rate_limit_exceeded"",""param"":{""error"":""The upstream provider is currently experiencing high demand. Please retry shortly."",""type"":""rate_limit_exceeded"",""statusCode"":429,""name"":""RateLimitExceededError"",""message"":""The upstream provider is currently experiencing high demand. Please retry shortly.""}},""providerMetadata"":{""gateway"":{""routing"":{""originalModelId"":""typesafe-ai/jev"",""resolvedProvider"":""typesafe-ai"",""fallbacksAvailable"":[],""canonicalSlug"":""typesafe-ai/jev"",""modelAttemptCount"":1,""modelAttempts"":[{""canonicalSlug"":""typesafe-ai/jev"",""success"":false,""providerAttemptCount"":0,""providerAttempts"":[]}],""totalProviderAttemptCount"":0},""generationId"":""gen_01M36235PWDT9WJHPWETSCVD43""}}}",60,"{""X-Ratelimit-Limit-Requests"":""30"",""X-Ratelimit-Limit-Tokens"":""250000"",""X-Ratelimit-Remaining-Requests"":""0"",""X-Ratelimit-Remaining-Tokens"":""219942"",""X-Ratelimit-Reset-Requests"":""60s"",""X-Ratelimit-Reset-Tokens"":""52s""}",87.79
score/1/005/vercel,vercel,score,1,5,1,429,false,HTTP 429,"{""error"":{""message"":""The upstream provider is currently experiencing high demand. Please retry shortly."",""type"":""rate_limit_exceeded"",""param"":{""error"":""The upstream provider is currently experiencing high demand. Please retry shortly."",""type"":""rate_limit_exceeded"",""statusCode"":429,""name"":""RateLimitExceededError"",""message"":""The upstream provider is currently experiencing high demand. Please retry shortly.""}},""providerMetadata"":{""gateway"":{""routing"":{""originalModelId"":""typesafe-ai/jev"",""resolvedProvider"":""typesafe-ai"",""fallbacksAvailable"":[],""canonicalSlug"":""typesafe-ai/jev"",""modelAttemptCount"":1,""modelAttempts"":[{""canonicalSlug"":""typesafe-ai/jev"",""success"":false,""providerAttemptCount"":0,""providerAttempts"":[]}],""totalProviderAttemptCount"":0},""generationId"":""gen_01M36236A363GS44A3KHQ946D6""}}}",60,"{""X-Ratelimit-Limit-Requests"":""30"",""X-Ratelimit-Limit-Tokens"":""250000"",""X-Ratelimit-Remaining-Requests"":""0"",""X-Ratelimit-Remaining-Tokens"":""220259"",""X-Ratelimit-Reset-Requests"":""60s"",""X-Ratelimit-Reset-Tokens"":""51s""}",92.10
score/1/009/vercel,vercel,score,1,9,1,429,false,HTTP 429,"{""error"":{""message"":""The upstream provider is currently experiencing high demand. Please retry shortly."",""type"":""rate_limit_exceeded"",""param"":{""error"":""The upstream provider is currently experiencing high demand. Please retry shortly."",""type"":""rate_limit_exceeded"",""statusCode"":429,""name"":""RateLimitExceededError"",""message"":""The upstream provider is currently experiencing high demand. Please retry shortly.""}},""providerMetadata"":{""gateway"":{""routing"":{""originalModelId"":""typesafe-ai/jev"",""resolvedProvider"":""typesafe-ai"",""fallbacksAvailable"":[],""canonicalSlug"":""typesafe-ai/jev"",""modelAttemptCount"":1,""modelAttempts"":[{""canonicalSlug"":""typesafe-ai/jev"",""success"":false,""providerAttemptCount"":0,""providerAttempts"":[]}],""totalProviderAttemptCount"":0},""generationId"":""gen_01M362395GEMV6TSHMWDBB1VAE""}}}",60,"{""X-Ratelimit-Limit-Requests"":""30"",""X-Ratelimit-Limit-Tokens"":""250000"",""X-Ratelimit-Remaining-Requests"":""0"",""X-Ratelimit-Remaining-Tokens"":""218441"",""X-Ratelimit-Reset-Requests"":""60s"",""X-Ratelimit-Reset-Tokens"":""48s""}",187.65
score/1/011/vercel,vercel,score,1,11,1,429,false,HTTP 429,"{""error"":{""message"":""The upstream provider is currently experiencing high demand. Please retry shortly."",""type"":""rate_limit_exceeded"",""param"":{""error"":""The upstream provider is currently experiencing high demand. Please retry shortly."",""type"":""rate_limit_exceeded"",""statusCode"":429,""name"":""RateLimitExceededError"",""message"":""The upstream provider is currently experiencing high demand. Please retry shortly.""}},""providerMetadata"":{""gateway"":{""routing"":{""originalModelId"":""typesafe-ai/jev"",""resolvedProvider"":""typesafe-ai"",""fallbacksAvailable"":[],""canonicalSlug"":""typesafe-ai/jev"",""modelAttemptCount"":1,""modelAttempts"":[{""canonicalSlug"":""typesafe-ai/jev"",""success"":false,""providerAttemptCount"":0,""providerAttempts"":[]}],""totalProviderAttemptCount"":0},""generationId"":""gen_01M3623B0SFXX9D2BNC619RZD3""}}}",60,"{""X-Ratelimit-Limit-Requests"":""30"",""X-Ratelimit-Limit-Tokens"":""250000"",""X-Ratelimit-Remaining-Requests"":""0"",""X-Ratelimit-Remaining-Tokens"":""218322"",""X-Ratelimit-Reset-Requests"":""60s"",""X-Ratelimit-Reset-Tokens"":""47s""}",87.63
score/1/014/vercel,vercel,score,1,14,1,429,false,HTTP 429,"{""error"":{""message"":""The upstream provider is currently experiencing high demand. Please retry shortly."",""type"":""rate_limit_exceeded"",""param"":{""error"":""The upstream provider is currently experiencing high demand. Please retry shortly."",""type"":""rate_limit_exceeded"",""statusCode"":429,""name"":""RateLimitExceededError"",""message"":""The upstream provider is currently experiencing high demand. Please retry shortly.""}},""providerMetadata"":{""gateway"":{""routing"":{""originalModelId"":""typesafe-ai/jev"",""resolvedProvider"":""typesafe-ai"",""fallbacksAvailable"":[],""canonicalSlug"":""typesafe-ai/jev"",""modelAttemptCount"":1,""modelAttempts"":[{""canonicalSlug"":""typesafe-ai/jev"",""success"":false,""providerAttemptCount"":0,""providerAttempts"":[]}],""totalProviderAttemptCount"":0},""generationId"":""gen_01M3623CYX52ESRAKW6351PDQB""}}}",45,"{""X-Ratelimit-Limit-Requests"":""30"",""X-Ratelimit-Limit-Tokens"":""250000"",""X-Ratelimit-Remaining-Requests"":""0"",""X-Ratelimit-Remaining-Tokens"":""218746"",""X-Ratelimit-Reset-Requests"":""45s"",""X-Ratelimit-Reset-Tokens"":""45s""}",88.39
score/1/016/vercel,vercel,score,1,16,1,429,false,HTTP 429,"{""error"":{""message"":""The upstream provider is currently experiencing high demand. Please retry shortly."",""type"":""rate_limit_exceeded"",""param"":{""error"":""The upstream provider is currently experiencing high demand. Please retry shortly."",""type"":""rate_limit_exceeded"",""statusCode"":429,""name"":""RateLimitExceededError"",""message"":""The upstream provider is currently experiencing high demand. Please retry shortly.""}},""providerMetadata"":{""gateway"":{""routing"":{""originalModelId"":""typesafe-ai/jev"",""resolvedProvider"":""typesafe-ai"",""fallbacksAvailable"":[],""canonicalSlug"":""typesafe-ai/jev"",""modelAttemptCount"":1,""modelAttempts"":[{""canonicalSlug"":""typesafe-ai/jev"",""success"":false,""providerAttemptCount"":0,""providerAttempts"":[]}],""totalProviderAttemptCount"":0},""generationId"":""gen_01M3623EW909DAE71P0RNCRPQR""}}}",60,"{""X-Ratelimit-Limit-Requests"":""30"",""X-Ratelimit-Limit-Tokens"":""250000"",""X-Ratelimit-Remaining-Requests"":""0"",""X-Ratelimit-Remaining-Tokens"":""217048"",""X-Ratelimit-Reset-Requests"":""60s"",""X-Ratelimit-Reset-Tokens"":""43s""}",85.56
score/1/018/vercel,vercel,score,1,18,1,429,false,HTTP 429,"{""error"":{""message"":""The upstream provider is currently experiencing high demand. Please retry shortly."",""type"":""rate_limit_exceeded"",""param"":{""error"":""The upstream provider is currently experiencing high demand. Please retry shortly."",""type"":""rate_limit_exceeded"",""statusCode"":429,""name"":""RateLimitExceededError"",""message"":""The upstream provider is currently experiencing high demand. Please retry shortly.""}},""providerMetadata"":{""gateway"":{""routing"":{""originalModelId"":""typesafe-ai/jev"",""resolvedProvider"":""typesafe-ai"",""fallbacksAvailable"":[],""canonicalSlug"":""typesafe-ai/jev"",""modelAttemptCount"":1,""modelAttempts"":[{""canonicalSlug"":""typesafe-ai/jev"",""success"":false,""providerAttemptCount"":0,""providerAttempts"":[]}],""totalProviderAttemptCount"":0},""generationId"":""gen_01M3623H2W2FJSP3DWKJ67S0SJ""}}}",60,"{""X-Ratelimit-Limit-Requests"":""30"",""X-Ratelimit-Limit-Tokens"":""250000"",""X-Ratelimit-Remaining-Requests"":""0"",""X-Ratelimit-Remaining-Tokens"":""217114"",""X-Ratelimit-Reset-Requests"":""60s"",""X-Ratelimit-Reset-Tokens"":""40s""}",115.68
score/1/020/vercel,vercel,score,1,20,1,429,false,HTTP 429,"{""error"":{""message"":""The upstream provider is currently experiencing high demand. Please retry shortly."",""type"":""rate_limit_exceeded"",""param"":{""error"":""The upstream provider is currently experiencing high demand. Please retry shortly."",""type"":""rate_limit_exceeded"",""statusCode"":429,""name"":""RateLimitExceededError"",""message"":""The upstream provider is currently experiencing high demand. Please retry shortly.""}},""providerMetadata"":{""gateway"":{""routing"":{""originalModelId"":""typesafe-ai/jev"",""resolvedProvider"":""typesafe-ai"",""fallbacksAvailable"":[],""canonicalSlug"":""typesafe-ai/jev"",""modelAttemptCount"":1,""modelAttempts"":[{""canonicalSlug"":""typesafe-ai/jev"",""success"":false,""providerAttemptCount"":0,""providerAttempts"":[]}],""totalProviderAttemptCount"":0},""generationId"":""gen_01M3623J21DZCFY58VVCWCRC6Y""}}}",39,"{""X-Ratelimit-Limit-Requests"":""30"",""X-Ratelimit-Limit-Tokens"":""250000"",""X-Ratelimit-Remaining-Requests"":""0"",""X-Ratelimit-Remaining-Tokens"":""216515"",""X-Ratelimit-Reset-Requests"":""39s"",""X-Ratelimit-Reset-Tokens"":""39s""}",81.57
score/1/021/vercel,vercel,score,1,21,1,429,false,HTTP 429,"{""error"":{""message"":""The upstream provider is currently experiencing high demand. Please retry shortly."",""type"":""rate_limit_exceeded"",""param"":{""error"":""The upstream provider is currently experiencing high demand. Please retry shortly."",""type"":""rate_limit_exceeded"",""statusCode"":429,""name"":""RateLimitExceededError"",""message"":""The upstream provider is currently experiencing high demand. Please retry shortly.""}},""providerMetadata"":{""gateway"":{""routing"":{""originalModelId"":""typesafe-ai/jev"",""resolvedProvider"":""typesafe-ai"",""fallbacksAvailable"":[],""canonicalSlug"":""typesafe-ai/jev"",""modelAttemptCount"":1,""modelAttempts"":[{""canonicalSlug"":""typesafe-ai/jev"",""success"":false,""providerAttemptCount"":0,""providerAttempts"":[]}],""totalProviderAttemptCount"":0},""generationId"":""gen_01M3623JVYJQNNHHWRXHSC9NRD""}}}",60,"{""X-Ratelimit-Limit-Requests"":""30"",""X-Ratelimit-Limit-Tokens"":""250000"",""X-Ratelimit-Remaining-Requests"":""0"",""X-Ratelimit-Remaining-Tokens"":""216958"",""X-Ratelimit-Reset-Requests"":""60s"",""X-Ratelimit-Reset-Tokens"":""38s""}",122.60
score/1/023/vercel,vercel,score,1,23,1,429,false,HTTP 429,"{""error"":{""message"":""The upstream provider is currently experiencing high demand. Please retry shortly."",""type"":""rate_limit_exceeded"",""param"":{""error"":""The upstream provider is currently experiencing high demand. Please retry shortly."",""type"":""rate_limit_exceeded"",""statusCode"":429,""name"":""RateLimitExceededError"",""message"":""The upstream provider is currently experiencing high demand. Please retry shortly.""}},""providerMetadata"":{""gateway"":{""routing"":{""originalModelId"":""typesafe-ai/jev"",""resolvedProvider"":""typesafe-ai"",""fallbacksAvailable"":[],""canonicalSlug"":""typesafe-ai/jev"",""modelAttemptCount"":1,""modelAttempts"":[{""canonicalSlug"":""typesafe-ai/jev"",""success"":false,""providerAttemptCount"":0,""providerAttempts"":[]}],""totalProviderAttemptCount"":0},""generationId"":""gen_01M3623MC3PVM6EBJAFEWKYQTX""}}}",37,"{""X-Ratelimit-Limit-Requests"":""30"",""X-Ratelimit-Limit-Tokens"":""250000"",""X-Ratelimit-Remaining-Requests"":""0"",""X-Ratelimit-Remaining-Tokens"":""216634"",""X-Ratelimit-Reset-Requests"":""37s"",""X-Ratelimit-Reset-Tokens"":""37s""}",76.28
score/1/024/vercel,vercel,score,1,24,1,429,false,HTTP 429,"{""error"":{""message"":""The upstream provider is currently experiencing high demand. Please retry shortly."",""type"":""rate_limit_exceeded"",""param"":{""error"":""The upstream provider is currently experiencing high demand. Please retry shortly."",""type"":""rate_limit_exceeded"",""statusCode"":429,""name"":""RateLimitExceededError"",""message"":""The upstream provider is currently experiencing high demand. Please retry shortly.""}},""providerMetadata"":{""gateway"":{""routing"":{""originalModelId"":""typesafe-ai/jev"",""resolvedProvider"":""typesafe-ai"",""fallbacksAvailable"":[],""canonicalSlug"":""typesafe-ai/jev"",""modelAttemptCount"":1,""modelAttempts"":[{""canonicalSlug"":""typesafe-ai/jev"",""success"":false,""providerAttemptCount"":0,""providerAttempts"":[]}],""totalProviderAttemptCount"":0},""generationId"":""gen_01M3623MW9Y3WT9CN04TES55QT""}}}",36,"{""X-Ratelimit-Limit-Requests"":""30"",""X-Ratelimit-Limit-Tokens"":""250000"",""X-Ratelimit-Remaining-Requests"":""0"",""X-Ratelimit-Remaining-Tokens"":""216913"",""X-Ratelimit-Reset-Requests"":""36s"",""X-Ratelimit-Reset-Tokens"":""36s""}",96.74
score/1/025/vercel,vercel,score,1,25,1,429,false,HTTP 429,"{""error"":{""message"":""The upstream provider is currently experiencing high demand. Please retry shortly."",""type"":""rate_limit_exceeded"",""param"":{""error"":""The upstream provider is currently experiencing high demand. Please retry shortly."",""type"":""rate_limit_exceeded"",""statusCode"":429,""name"":""RateLimitExceededError"",""message"":""The upstream provider is currently experiencing high demand. Please retry shortly.""}},""providerMetadata"":{""gateway"":{""routing"":{""originalModelId"":""typesafe-ai/jev"",""resolvedProvider"":""typesafe-ai"",""fallbacksAvailable"":[],""canonicalSlug"":""typesafe-ai/jev"",""modelAttemptCount"":1,""modelAttempts"":[{""canonicalSlug"":""typesafe-ai/jev"",""success"":false,""providerAttemptCount"":0,""providerAttempts"":[]}],""totalProviderAttemptCount"":0},""generationId"":""gen_01M3623NGW37PFE13XFNM7E9EF""}}}",36,"{""X-Ratelimit-Limit-Requests"":""30"",""X-Ratelimit-Limit-Tokens"":""250000"",""X-Ratelimit-Remaining-Requests"":""0"",""X-Ratelimit-Remaining-Tokens"":""217252"",""X-Ratelimit-Reset-Requests"":""36s"",""X-Ratelimit-Reset-Tokens"":""36s""}",89.96
score/1/027/vercel,vercel,score,1,27,1,429,false,HTTP 429,"{""error"":{""message"":""The upstream provider is currently experiencing high demand. Please retry shortly."",""type"":""rate_limit_exceeded"",""param"":{""error"":""The upstream provider is currently experiencing high demand. Please retry shortly."",""type"":""rate_limit_exceeded"",""statusCode"":429,""name"":""RateLimitExceededError"",""message"":""The upstream provider is currently experiencing high demand. Please retry shortly.""}},""providerMetadata"":{""gateway"":{""routing"":{""originalModelId"":""typesafe-ai/jev"",""resolvedProvider"":""typesafe-ai"",""fallbacksAvailable"":[],""canonicalSlug"":""typesafe-ai/jev"",""modelAttemptCount"":1,""modelAttempts"":[{""canonicalSlug"":""typesafe-ai/jev"",""success"":false,""providerAttemptCount"":0,""providerAttempts"":[]}],""totalProviderAttemptCount"":0},""generationId"":""gen_01M3623PT9A1ES6BWFBM3GZPE8""}}}",34,"{""X-Ratelimit-Limit-Requests"":""30"",""X-Ratelimit-Limit-Tokens"":""250000"",""X-Ratelimit-Remaining-Requests"":""0"",""X-Ratelimit-Remaining-Tokens"":""216831"",""X-Ratelimit-Reset-Requests"":""34s"",""X-Ratelimit-Reset-Tokens"":""34s""}",77.40
score/1/029/vercel,vercel,score,1,29,1,429,false,HTTP 429,"{""error"":{""message"":""The upstream provider is currently experiencing high demand. Please retry shortly."",""type"":""rate_limit_exceeded"",""param"":{""error"":""The upstream provider is currently experiencing high demand. Please retry shortly."",""type"":""rate_limit_exceeded"",""statusCode"":429,""name"":""RateLimitExceededError"",""message"":""The upstream provider is currently experiencing high demand. Please retry shortly.""}},""providerMetadata"":{""gateway"":{""routing"":{""originalModelId"":""typesafe-ai/jev"",""resolvedProvider"":""typesafe-ai"",""fallbacksAvailable"":[],""canonicalSlug"":""typesafe-ai/jev"",""modelAttemptCount"":1,""modelAttempts"":[{""canonicalSlug"":""typesafe-ai/jev"",""success"":false,""providerAttemptCount"":0,""providerAttempts"":[]}],""totalProviderAttemptCount"":0},""generationId"":""gen_01M3623R9Y5TVWM6FT2A2N0BYG""}}}",33,"{""X-Ratelimit-Limit-Requests"":""30"",""X-Ratelimit-Limit-Tokens"":""250000"",""X-Ratelimit-Remaining-Requests"":""0"",""X-Ratelimit-Remaining-Tokens"":""216530"",""X-Ratelimit-Reset-Requests"":""33s"",""X-Ratelimit-Reset-Tokens"":""33s""}",125.07
score/1/030/vercel,vercel,score,1,30,1,429,false,HTTP 429,"{""error"":{""message"":""The upstream provider is currently experiencing high demand. Please retry shortly."",""type"":""rate_limit_exceeded"",""param"":{""error"":""The upstream provider is currently experiencing high demand. Please retry shortly."",""type"":""rate_limit_exceeded"",""statusCode"":429,""name"":""RateLimitExceededError"",""message"":""The upstream provider is currently experiencing high demand. Please retry shortly.""}},""providerMetadata"":{""gateway"":{""routing"":{""originalModelId"":""typesafe-ai/jev"",""resolvedProvider"":""typesafe-ai"",""fallbacksAvailable"":[],""canonicalSlug"":""typesafe-ai/jev"",""modelAttemptCount"":1,""modelAttempts"":[{""canonicalSlug"":""typesafe-ai/jev"",""success"":false,""providerAttemptCount"":0,""providerAttempts"":[]}],""totalProviderAttemptCount"":0},""generationId"":""gen_01M3623RXQPZBGXJM26EHJ3S7A""}}}",32,"{""X-Ratelimit-Limit-Requests"":""30"",""X-Ratelimit-Limit-Tokens"":""250000"",""X-Ratelimit-Remaining-Requests"":""0"",""X-Ratelimit-Remaining-Tokens"":""216848"",""X-Ratelimit-Reset-Requests"":""32s"",""X-Ratelimit-Reset-Tokens"":""32s""}",110.96
score/1/031/vercel,vercel,score,1,31,1,429,false,HTTP 429,"{""error"":{""message"":""The upstream provider is currently experiencing high demand. Please retry shortly."",""type"":""rate_limit_exceeded"",""param"":{""error"":""The upstream provider is currently experiencing high demand. Please retry shortly."",""type"":""rate_limit_exceeded"",""statusCode"":429,""name"":""RateLimitExceededError"",""message"":""The upstream provider is currently experiencing high demand. Please retry shortly.""}},""providerMetadata"":{""gateway"":{""routing"":{""originalModelId"":""typesafe-ai/jev"",""resolvedProvider"":""typesafe-ai"",""fallbacksAvailable"":[],""canonicalSlug"":""typesafe-ai/jev"",""modelAttemptCount"":1,""modelAttempts"":[{""canonicalSlug"":""typesafe-ai/jev"",""success"":false,""providerAttemptCount"":0,""providerAttempts"":[]}],""totalProviderAttemptCount"":0},""generationId"":""gen_01M3623SK23DF9DRR2YM8VRXHG""}}}",60,"{""X-Ratelimit-Limit-Requests"":""30"",""X-Ratelimit-Limit-Tokens"":""250000"",""X-Ratelimit-Remaining-Requests"":""0"",""X-Ratelimit-Remaining-Tokens"":""217195"",""X-Ratelimit-Reset-Requests"":""60s"",""X-Ratelimit-Reset-Tokens"":""32s""}",114.51
score/1/033/vercel,vercel,score,1,33,1,429,false,HTTP 429,"{""error"":{""message"":""The upstream provider is currently experiencing high demand. Please retry shortly."",""type"":""rate_limit_exceeded"",""param"":{""error"":""The upstream provider is currently experiencing high demand. Please retry shortly."",""type"":""rate_limit_exceeded"",""statusCode"":429,""name"":""RateLimitExceededError"",""message"":""The upstream provider is currently experiencing high demand. Please retry shortly.""}},""providerMetadata"":{""gateway"":{""routing"":{""originalModelId"":""typesafe-ai/jev"",""resolvedProvider"":""typesafe-ai"",""fallbacksAvailable"":[],""canonicalSlug"":""typesafe-ai/jev"",""modelAttemptCount"":1,""modelAttempts"":[{""canonicalSlug"":""typesafe-ai/jev"",""success"":false,""providerAttemptCount"":0,""providerAttempts"":[]}],""totalProviderAttemptCount"":0},""generationId"":""gen_01M3623VF3VNY2KZWCD1B0H3F4""}}}",30,"{""X-Ratelimit-Limit-Requests"":""30"",""X-Ratelimit-Limit-Tokens"":""250000"",""X-Ratelimit-Remaining-Requests"":""0"",""X-Ratelimit-Remaining-Tokens"":""217093"",""X-Ratelimit-Reset-Requests"":""30s"",""X-Ratelimit-Reset-Tokens"":""30s""}",98.81
score/1/035/vercel,vercel,score,1,35,1,429,false,HTTP 429,"{""error"":{""message"":""The upstream provider is currently experiencing high demand. Please retry shortly."",""type"":""rate_limit_exceeded"",""param"":{""error"":""The upstream provider is currently experiencing high demand. Please retry shortly."",""type"":""rate_limit_exceeded"",""statusCode"":429,""name"":""RateLimitExceededError"",""message"":""The upstream provider is currently experiencing high demand. Please retry shortly.""}},""providerMetadata"":{""gateway"":{""routing"":{""originalModelId"":""typesafe-ai/jev"",""resolvedProvider"":""typesafe-ai"",""fallbacksAvailable"":[],""canonicalSlug"":""typesafe-ai/jev"",""modelAttemptCount"":1,""modelAttempts"":[{""canonicalSlug"":""typesafe-ai/jev"",""success"":false,""providerAttemptCount"":0,""providerAttempts"":[]}],""totalProviderAttemptCount"":0},""generationId"":""gen_01M3623WNHHXMN9SHDQWCV3RNT""}}}",28,"{""X-Ratelimit-Limit-Requests"":""30"",""X-Ratelimit-Limit-Tokens"":""250000"",""X-Ratelimit-Remaining-Requests"":""0"",""X-Ratelimit-Remaining-Tokens"":""216611"",""X-Ratelimit-Reset-Requests"":""28s"",""X-Ratelimit-Reset-Tokens"":""28s""}",102.55
score/1/036/vercel,vercel,score,1,36,1,429,false,HTTP 429,"{""error"":{""message"":""The upstream provider is currently experiencing high demand. Please retry shortly."",""type"":""rate_limit_exceeded"",""param"":{""error"":""The upstream provider is currently experiencing high demand. Please retry shortly."",""type"":""rate_limit_exceeded"",""statusCode"":429,""name"":""RateLimitExceededError"",""message"":""The upstream provider is currently experiencing high demand. Please retry shortly.""}},""providerMetadata"":{""gateway"":{""routing"":{""originalModelId"":""typesafe-ai/jev"",""resolvedProvider"":""typesafe-ai"",""fallbacksAvailable"":[],""canonicalSlug"":""typesafe-ai/jev"",""modelAttemptCount"":1,""modelAttempts"":[{""canonicalSlug"":""typesafe-ai/jev"",""success"":false,""providerAttemptCount"":0,""providerAttempts"":[]}],""totalProviderAttemptCount"":0},""generationId"":""gen_01M3623XEH1VXXCTS7WHQ3AGK8""}}}",28,"{""X-Ratelimit-Limit-Requests"":""30"",""X-Ratelimit-Limit-Tokens"":""250000"",""X-Ratelimit-Remaining-Requests"":""0"",""X-Ratelimit-Remaining-Tokens"":""217025"",""X-Ratelimit-Reset-Requests"":""28s"",""X-Ratelimit-Reset-Tokens"":""28s""}",92.34
score/1/038/vercel,vercel,score,1,38,1,429,false,HTTP 429,"{""error"":{""message"":""The upstream provider is currently experiencing high demand. Please retry shortly."",""type"":""rate_limit_exceeded"",""param"":{""error"":""The upstream provider is currently experiencing high demand. Please retry shortly."",""type"":""rate_limit_exceeded"",""statusCode"":429,""name"":""RateLimitExceededError"",""message"":""The upstream provider is currently experiencing high demand. Please retry shortly.""}},""providerMetadata"":{""gateway"":{""routing"":{""originalModelId"":""typesafe-ai/jev"",""resolvedProvider"":""typesafe-ai"",""fallbacksAvailable"":[],""canonicalSlug"":""typesafe-ai/jev"",""modelAttemptCount"":1,""modelAttempts"":[{""canonicalSlug"":""typesafe-ai/jev"",""success"":false,""providerAttemptCount"":0,""providerAttempts"":[]}],""totalProviderAttemptCount"":0},""generationId"":""gen_01M3623ZBRK38RMVPY4KC1RT9D""}}}",26,"{""X-Ratelimit-Limit-Requests"":""30"",""X-Ratelimit-Limit-Tokens"":""250000"",""X-Ratelimit-Remaining-Requests"":""0"",""X-Ratelimit-Remaining-Tokens"":""216936"",""X-Ratelimit-Reset-Requests"":""26s"",""X-Ratelimit-Reset-Tokens"":""26s""}",104.79
score/1/040/vercel,vercel,score,1,40,1,429,false,HTTP 429,"{""error"":{""message"":""The upstream provider is currently experiencing high demand. Please retry shortly."",""type"":""rate_limit_exceeded"",""param"":{""error"":""The upstream provider is currently experiencing high demand. Please retry shortly."",""type"":""rate_limit_exceeded"",""statusCode"":429,""name"":""RateLimitExceededError"",""message"":""The upstream provider is currently experiencing high demand. Please retry shortly.""}},""providerMetadata"":{""gateway"":{""routing"":{""originalModelId"":""typesafe-ai/jev"",""resolvedProvider"":""typesafe-ai"",""fallbacksAvailable"":[],""canonicalSlug"":""typesafe-ai/jev"",""modelAttemptCount"":1,""modelAttempts"":[{""canonicalSlug"":""typesafe-ai/jev"",""success"":false,""providerAttemptCount"":0,""providerAttempts"":[]}],""totalProviderAttemptCount"":0},""generationId"":""gen_01M362417Q5AKH0JHKJH0S5PTR""}}}",24,"{""X-Ratelimit-Limit-Requests"":""30"",""X-Ratelimit-Limit-Tokens"":""250000"",""X-Ratelimit-Remaining-Requests"":""0"",""X-Ratelimit-Remaining-Tokens"":""216820"",""X-Ratelimit-Reset-Requests"":""24s"",""X-Ratelimit-Reset-Tokens"":""24s""}",91.72
score/1/041/vercel,vercel,score,1,41,1,429,false,HTTP 429,"{""error"":{""message"":""The upstream provider is currently experiencing high demand. Please retry shortly."",""type"":""rate_limit_exceeded"",""param"":{""error"":""The upstream provider is currently experiencing high demand. Please retry shortly."",""type"":""rate_limit_exceeded"",""statusCode"":429,""name"":""RateLimitExceededError"",""message"":""The upstream provider is currently experiencing high demand. Please retry shortly.""}},""providerMetadata"":{""gateway"":{""routing"":{""originalModelId"":""typesafe-ai/jev"",""resolvedProvider"":""typesafe-ai"",""fallbacksAvailable"":[],""canonicalSlug"":""typesafe-ai/jev"",""modelAttemptCount"":1,""modelAttempts"":[{""canonicalSlug"":""typesafe-ai/jev"",""success"":false,""providerAttemptCount"":0,""providerAttempts"":[]}],""totalProviderAttemptCount"":0},""generationId"":""gen_01M36241JHFZE5RDZYDGNC3KKD""}}}",23,"{""X-Ratelimit-Limit-Requests"":""30"",""X-Ratelimit-Limit-Tokens"":""250000"",""X-Ratelimit-Remaining-Requests"":""0"",""X-Ratelimit-Remaining-Tokens"":""216998"",""X-Ratelimit-Reset-Requests"":""23s"",""X-Ratelimit-Reset-Tokens"":""23s""}",90.10
score/1/043/vercel,vercel,score,1,43,1,429,false,HTTP 429,"{""error"":{""message"":""The upstream provider is currently experiencing high demand. Please retry shortly."",""type"":""rate_limit_exceeded"",""param"":{""error"":""The upstream provider is currently experiencing high demand. Please retry shortly."",""type"":""rate_limit_exceeded"",""statusCode"":429,""name"":""RateLimitExceededError"",""message"":""The upstream provider is currently experiencing high demand. Please retry shortly.""}},""providerMetadata"":{""gateway"":{""routing"":{""originalModelId"":""typesafe-ai/jev"",""resolvedProvider"":""typesafe-ai"",""fallbacksAvailable"":[],""canonicalSlug"":""typesafe-ai/jev"",""modelAttemptCount"":1,""modelAttempts"":[{""canonicalSlug"":""typesafe-ai/jev"",""success"":false,""providerAttemptCount"":0,""providerAttempts"":[]}],""totalProviderAttemptCount"":0},""generationId"":""gen_01M36243N8P515R2BZSMPSGRZA""}}}",21,"{""X-Ratelimit-Limit-Requests"":""30"",""X-Ratelimit-Limit-Tokens"":""250000"",""X-Ratelimit-Remaining-Requests"":""0"",""X-Ratelimit-Remaining-Tokens"":""216994"",""X-Ratelimit-Reset-Requests"":""21s"",""X-Ratelimit-Reset-Tokens"":""21s""}",120.50
score/1/045/vercel,vercel,score,1,45,1,429,false,HTTP 429,"{""error"":{""message"":""The upstream provider is currently experiencing high demand. Please retry shortly."",""type"":""rate_limit_exceeded"",""param"":{""error"":""The upstream provider is currently experiencing high demand. Please retry shortly."",""type"":""rate_limit_exceeded"",""statusCode"":429,""name"":""RateLimitExceededError"",""message"":""The upstream provider is currently experiencing high demand. Please retry shortly.""}},""providerMetadata"":{""gateway"":{""routing"":{""originalModelId"":""typesafe-ai/jev"",""resolvedProvider"":""typesafe-ai"",""fallbacksAvailable"":[],""canonicalSlug"":""typesafe-ai/jev"",""modelAttemptCount"":1,""modelAttempts"":[{""canonicalSlug"":""typesafe-ai/jev"",""success"":false,""providerAttemptCount"":0,""providerAttempts"":[]}],""totalProviderAttemptCount"":0},""generationId"":""gen_01M36244Z46SX9F596WQKN0XVT""}}}",20,"{""X-Ratelimit-Limit-Requests"":""30"",""X-Ratelimit-Limit-Tokens"":""250000"",""X-Ratelimit-Remaining-Requests"":""0"",""X-Ratelimit-Remaining-Tokens"":""216582"",""X-Ratelimit-Reset-Requests"":""20s"",""X-Ratelimit-Reset-Tokens"":""20s""}",81.82
score/1/046/vercel,vercel,score,1,46,1,429,false,HTTP 429,"{""error"":{""message"":""The upstream provider is currently experiencing high demand. Please retry shortly."",""type"":""rate_limit_exceeded"",""param"":{""error"":""The upstream provider is currently experiencing high demand. Please retry shortly."",""type"":""rate_limit_exceeded"",""statusCode"":429,""name"":""RateLimitExceededError"",""message"":""The upstream provider is currently experiencing high demand. Please retry shortly.""}},""providerMetadata"":{""gateway"":{""routing"":{""originalModelId"":""typesafe-ai/jev"",""resolvedProvider"":""typesafe-ai"",""fallbacksAvailable"":[],""canonicalSlug"":""typesafe-ai/jev"",""modelAttemptCount"":1,""modelAttempts"":[{""canonicalSlug"":""typesafe-ai/jev"",""success"":false,""providerAttemptCount"":0,""providerAttempts"":[]}],""totalProviderAttemptCount"":0},""generationId"":""gen_01M36245824T21CRD136256C9H""}}}",20,"{""X-Ratelimit-Limit-Requests"":""30"",""X-Ratelimit-Limit-Tokens"":""250000"",""X-Ratelimit-Remaining-Requests"":""0"",""X-Ratelimit-Remaining-Tokens"":""216740"",""X-Ratelimit-Reset-Requests"":""20s"",""X-Ratelimit-Reset-Tokens"":""20s""}",92.39
score/1/048/vercel,vercel,score,1,48,1,429,false,HTTP 429,"{""error"":{""message"":""The upstream provider is currently experiencing high demand. Please retry shortly."",""type"":""rate_limit_exceeded"",""param"":{""error"":""The upstream provider is currently experiencing high demand. Please retry shortly."",""type"":""rate_limit_exceeded"",""statusCode"":429,""name"":""RateLimitExceededError"",""message"":""The upstream provider is currently experiencing high demand. Please retry shortly.""}},""providerMetadata"":{""gateway"":{""routing"":{""originalModelId"":""typesafe-ai/jev"",""resolvedProvider"":""typesafe-ai"",""fallbacksAvailable"":[],""canonicalSlug"":""typesafe-ai/jev"",""modelAttemptCount"":1,""modelAttempts"":[{""canonicalSlug"":""typesafe-ai/jev"",""success"":false,""providerAttemptCount"":0,""providerAttempts"":[]}],""totalProviderAttemptCount"":0},""generationId"":""gen_01M3624767ZFJDJZENQ59P3GF6""}}}",18,"{""X-Ratelimit-Limit-Requests"":""30"",""X-Ratelimit-Limit-Tokens"":""250000"",""X-Ratelimit-Remaining-Requests"":""0"",""X-Ratelimit-Remaining-Tokens"":""216650"",""X-Ratelimit-Reset-Requests"":""18s"",""X-Ratelimit-Reset-Tokens"":""18s""}",83.08
score/1/049/vercel,vercel,score,1,49,1,429,false,HTTP 429,"{""error"":{""message"":""The upstream provider is currently experiencing high demand. Please retry shortly."",""type"":""rate_limit_exceeded"",""param"":{""error"":""The upstream provider is currently experiencing high demand. Please retry shortly."",""type"":""rate_limit_exceeded"",""statusCode"":429,""name"":""RateLimitExceededError"",""message"":""The upstream provider is currently experiencing high demand. Please retry shortly.""}},""providerMetadata"":{""gateway"":{""routing"":{""originalModelId"":""typesafe-ai/jev"",""resolvedProvider"":""typesafe-ai"",""fallbacksAvailable"":[],""canonicalSlug"":""typesafe-ai/jev"",""modelAttemptCount"":1,""modelAttempts"":[{""canonicalSlug"":""typesafe-ai/jev"",""success"":false,""providerAttemptCount"":0,""providerAttempts"":[]}],""totalProviderAttemptCount"":0},""generationId"":""gen_01M36247DDVSQRWGH3GAV0VEDK""}}}",17,"{""X-Ratelimit-Limit-Requests"":""30"",""X-Ratelimit-Limit-Tokens"":""250000"",""X-Ratelimit-Remaining-Requests"":""0"",""X-Ratelimit-Remaining-Tokens"":""216783"",""X-Ratelimit-Reset-Requests"":""17s"",""X-Ratelimit-Reset-Tokens"":""17s""}",95.74
noul/4/000/vercel,vercel,noul,4,0,1,429,false,HTTP 429,"{""error"":{""message"":""The upstream provider is currently experiencing high demand. Please retry shortly."",""type"":""rate_limit_exceeded"",""param"":{""error"":""The upstream provider is currently experiencing high demand. Please retry shortly."",""type"":""rate_limit_exceeded"",""statusCode"":429,""name"":""RateLimitExceededError"",""message"":""The upstream provider is currently experiencing high demand. Please retry shortly.""}},""providerMetadata"":{""gateway"":{""routing"":{""originalModelId"":""typesafe-ai/jev"",""resolvedProvider"":""typesafe-ai"",""fallbacksAvailable"":[],""canonicalSlug"":""typesafe-ai/jev"",""modelAttemptCount"":1,""modelAttempts"":[{""canonicalSlug"":""typesafe-ai/jev"",""success"":false,""providerAttemptCount"":0,""providerAttempts"":[]}],""totalProviderAttemptCount"":0},""generationId"":""gen_01M36248RSFWR172SPTWCHACBR""}}}",60,"{""X-Ratelimit-Limit-Requests"":""30"",""X-Ratelimit-Limit-Tokens"":""250000"",""X-Ratelimit-Remaining-Requests"":""0"",""X-Ratelimit-Remaining-Tokens"":""217509"",""X-Ratelimit-Reset-Requests"":""60s"",""X-Ratelimit-Reset-Tokens"":""16s""}",86.38
noul/4/002/vercel,vercel,noul,4,2,1,429,false,HTTP 429,"{""error"":{""message"":""The upstream provider is currently experiencing high demand. Please retry shortly."",""type"":""rate_limit_exceeded"",""param"":{""error"":""The upstream provider is currently experiencing high demand. Please retry shortly."",""type"":""rate_limit_exceeded"",""statusCode"":429,""name"":""RateLimitExceededError"",""message"":""The upstream provider is currently experiencing high demand. Please retry shortly.""}},""providerMetadata"":{""gateway"":{""routing"":{""originalModelId"":""typesafe-ai/jev"",""resolvedProvider"":""typesafe-ai"",""fallbacksAvailable"":[],""canonicalSlug"":""typesafe-ai/jev"",""modelAttemptCount"":1,""modelAttempts"":[{""canonicalSlug"":""typesafe-ai/jev"",""success"":false,""providerAttemptCount"":0,""providerAttempts"":[]}],""totalProviderAttemptCount"":0},""generationId"":""gen_01M36249RWSTAE41NJKS757BNJ""}}}",15,"{""X-Ratelimit-Limit-Requests"":""30"",""X-Ratelimit-Limit-Tokens"":""250000"",""X-Ratelimit-Remaining-Requests"":""0"",""X-Ratelimit-Remaining-Tokens"":""217509"",""X-Ratelimit-Reset-Requests"":""15s"",""X-Ratelimit-Reset-Tokens"":""15s""}",81.34
noul/4/004/vercel,vercel,noul,4,4,1,429,false,HTTP 429,"{""error"":{""message"":""The upstream provider is currently experiencing high demand. Please retry shortly."",""type"":""rate_limit_exceeded"",""param"":{""error"":""The upstream provider is currently experiencing high demand. Please retry shortly."",""type"":""rate_limit_exceeded"",""statusCode"":429,""name"":""RateLimitExceededError"",""message"":""The upstream provider is currently experiencing high demand. Please retry shortly.""}},""providerMetadata"":{""gateway"":{""routing"":{""originalModelId"":""typesafe-ai/jev"",""resolvedProvider"":""typesafe-ai"",""fallbacksAvailable"":[],""canonicalSlug"":""typesafe-ai/jev"",""modelAttemptCount"":1,""modelAttempts"":[{""canonicalSlug"":""typesafe-ai/jev"",""success"":false,""providerAttemptCount"":0,""providerAttempts"":[]}],""totalProviderAttemptCount"":0},""generationId"":""gen_01M3624BD60PJWWYJ5A165QD73""}}}",60,"{""X-Ratelimit-Limit-Requests"":""30"",""X-Ratelimit-Limit-Tokens"":""250000"",""X-Ratelimit-Remaining-Requests"":""0"",""X-Ratelimit-Remaining-Tokens"":""216225"",""X-Ratelimit-Reset-Requests"":""60s"",""X-Ratelimit-Reset-Tokens"":""13s""}",95.98
noul/4/006/vercel,vercel,noul,4,6,1,429,false,HTTP 429,"{""error"":{""message"":""The upstream provider is currently experiencing high demand. Please retry shortly."",""type"":""rate_limit_exceeded"",""param"":{""error"":""The upstream provider is currently experiencing high demand. Please retry shortly."",""type"":""rate_limit_exceeded"",""statusCode"":429,""name"":""RateLimitExceededError"",""message"":""The upstream provider is currently experiencing high demand. Please retry shortly.""}},""providerMetadata"":{""gateway"":{""routing"":{""originalModelId"":""typesafe-ai/jev"",""resolvedProvider"":""typesafe-ai"",""fallbacksAvailable"":[],""canonicalSlug"":""typesafe-ai/jev"",""modelAttemptCount"":1,""modelAttempts"":[{""canonicalSlug"":""typesafe-ai/jev"",""success"":false,""providerAttemptCount"":0,""providerAttempts"":[]}],""totalProviderAttemptCount"":0},""generationId"":""gen_01M3624D1FHVZB60RSRY6TD0PK""}}}",12,"{""X-Ratelimit-Limit-Requests"":""30"",""X-Ratelimit-Limit-Tokens"":""250000"",""X-Ratelimit-Remaining-Requests"":""0"",""X-Ratelimit-Remaining-Tokens"":""216709"",""X-Ratelimit-Reset-Requests"":""12s"",""X-Ratelimit-Reset-Tokens"":""12s""}",86.27
noul/4/008/vercel,vercel,noul,4,8,1,429,false,HTTP 429,"{""error"":{""message"":""The upstream provider is currently experiencing high demand. Please retry shortly."",""type"":""rate_limit_exceeded"",""param"":{""error"":""The upstream provider is currently experiencing high demand. Please retry shortly."",""type"":""rate_limit_exceeded"",""statusCode"":429,""name"":""RateLimitExceededError"",""message"":""The upstream provider is currently experiencing high demand. Please retry shortly.""}},""providerMetadata"":{""gateway"":{""routing"":{""originalModelId"":""typesafe-ai/jev"",""resolvedProvider"":""typesafe-ai"",""fallbacksAvailable"":[],""canonicalSlug"":""typesafe-ai/jev"",""modelAttemptCount"":1,""modelAttempts"":[{""canonicalSlug"":""typesafe-ai/jev"",""success"":false,""providerAttemptCount"":0,""providerAttempts"":[]}],""totalProviderAttemptCount"":0},""generationId"":""gen_01M3624F5B7Y3XZA4QVPBFSVVB""}}}",10,"{""X-Ratelimit-Limit-Requests"":""30"",""X-Ratelimit-Limit-Tokens"":""250000"",""X-Ratelimit-Remaining-Requests"":""0"",""X-Ratelimit-Remaining-Tokens"":""216989"",""X-Ratelimit-Reset-Requests"":""10s"",""X-Ratelimit-Reset-Tokens"":""10s""}",85.36
noul/4/010/vercel,vercel,noul,4,10,1,429,false,HTTP 429,"{""error"":{""message"":""The upstream provider is currently experiencing high demand. Please retry shortly."",""type"":""rate_limit_exceeded"",""param"":{""error"":""The upstream provider is currently experiencing high demand. Please retry shortly."",""type"":""rate_limit_exceeded"",""statusCode"":429,""name"":""RateLimitExceededError"",""message"":""The upstream provider is currently experiencing high demand. Please retry shortly.""}},""providerMetadata"":{""gateway"":{""routing"":{""originalModelId"":""typesafe-ai/jev"",""resolvedProvider"":""typesafe-ai"",""fallbacksAvailable"":[],""canonicalSlug"":""typesafe-ai/jev"",""modelAttemptCount"":1,""modelAttempts"":[{""canonicalSlug"":""typesafe-ai/jev"",""success"":false,""providerAttemptCount"":0,""providerAttempts"":[]}],""totalProviderAttemptCount"":0},""generationId"":""gen_01M3624GG4KHGGHCAWV0X95VRT""}}}",8,"{""X-Ratelimit-Limit-Requests"":""30"",""X-Ratelimit-Limit-Tokens"":""250000"",""X-Ratelimit-Remaining-Requests"":""0"",""X-Ratelimit-Remaining-Tokens"":""216048"",""X-Ratelimit-Reset-Requests"":""8s"",""X-Ratelimit-Reset-Tokens"":""8s""}",75.16
noul/4/011/vercel,vercel,noul,4,11,1,429,false,HTTP 429,"{""error"":{""message"":""The upstream provider is currently experiencing high demand. Please retry shortly."",""type"":""rate_limit_exceeded"",""param"":{""error"":""The upstream provider is currently experiencing high demand. Please retry shortly."",""type"":""rate_limit_exceeded"",""statusCode"":429,""name"":""RateLimitExceededError"",""message"":""The upstream provider is currently experiencing high demand. Please retry shortly.""}},""providerMetadata"":{""gateway"":{""routing"":{""originalModelId"":""typesafe-ai/jev"",""resolvedProvider"":""typesafe-ai"",""fallbacksAvailable"":[],""canonicalSlug"":""typesafe-ai/jev"",""modelAttemptCount"":1,""modelAttempts"":[{""canonicalSlug"":""typesafe-ai/jev"",""success"":false,""providerAttemptCount"":0,""providerAttempts"":[]}],""totalProviderAttemptCount"":0},""generationId"":""gen_01M3624HN15KKCCDR1JQQV6JM9""}}}",7,"{""X-Ratelimit-Limit-Requests"":""30"",""X-Ratelimit-Limit-Tokens"":""250000"",""X-Ratelimit-Remaining-Requests"":""0"",""X-Ratelimit-Remaining-Tokens"":""215558"",""X-Ratelimit-Reset-Requests"":""7s"",""X-Ratelimit-Reset-Tokens"":""7s""}",97.52
noul/4/012/vercel,vercel,noul,4,12,1,429,false,HTTP 429,"{""error"":{""message"":""The upstream provider is currently experiencing high demand. Please retry shortly."",""type"":""rate_limit_exceeded"",""param"":{""error"":""The upstream provider is currently experiencing high demand. Please retry shortly."",""type"":""rate_limit_exceeded"",""statusCode"":429,""name"":""RateLimitExceededError"",""message"":""The upstream provider is currently experiencing high demand. Please retry shortly.""}},""providerMetadata"":{""gateway"":{""routing"":{""originalModelId"":""typesafe-ai/jev"",""resolvedProvider"":""typesafe-ai"",""fallbacksAvailable"":[],""canonicalSlug"":""typesafe-ai/jev"",""modelAttemptCount"":1,""modelAttempts"":[{""canonicalSlug"":""typesafe-ai/jev"",""success"":false,""providerAttemptCount"":0,""providerAttempts"":[]}],""totalProviderAttemptCount"":0},""generationId"":""gen_01M3624HTZJKAZJ3CW03XHWD04""}}}",60,"{""X-Ratelimit-Limit-Requests"":""30"",""X-Ratelimit-Limit-Tokens"":""250000"",""X-Ratelimit-Remaining-Requests"":""0"",""X-Ratelimit-Remaining-Tokens"":""215642"",""X-Ratelimit-Reset-Requests"":""60s"",""X-Ratelimit-Reset-Tokens"":""7s""}",155.75
noul/4/015/vercel,vercel,noul,4,15,1,429,false,HTTP 429,"{""error"":{""message"":""The upstream provider is currently experiencing high demand. Please retry shortly."",""type"":""rate_limit_exceeded"",""param"":{""error"":""The upstream provider is currently experiencing high demand. Please retry shortly."",""type"":""rate_limit_exceeded"",""statusCode"":429,""name"":""RateLimitExceededError"",""message"":""The upstream provider is currently experiencing high demand. Please retry shortly.""}},""providerMetadata"":{""gateway"":{""routing"":{""originalModelId"":""typesafe-ai/jev"",""resolvedProvider"":""typesafe-ai"",""fallbacksAvailable"":[],""canonicalSlug"":""typesafe-ai/jev"",""modelAttemptCount"":1,""modelAttempts"":[{""canonicalSlug"":""typesafe-ai/jev"",""success"":false,""providerAttemptCount"":0,""providerAttempts"":[]}],""totalProviderAttemptCount"":0},""generationId"":""gen_01M3624N11CZPYSSRFPDMRYW4D""}}}",4,"{""X-Ratelimit-Limit-Requests"":""30"",""X-Ratelimit-Limit-Tokens"":""250000"",""X-Ratelimit-Remaining-Requests"":""0"",""X-Ratelimit-Remaining-Tokens"":""214674"",""X-Ratelimit-Reset-Requests"":""4s"",""X-Ratelimit-Reset-Tokens"":""4s""}",84.35
noul/4/016/vercel,vercel,noul,4,16,1,429,false,HTTP 429,"{""error"":{""message"":""The upstream provider is currently experiencing high demand. Please retry shortly."",""type"":""rate_limit_exceeded"",""param"":{""error"":""The upstream provider is currently experiencing high demand. Please retry shortly."",""type"":""rate_limit_exceeded"",""statusCode"":429,""name"":""RateLimitExceededError"",""message"":""The upstream provider is currently experiencing high demand. Please retry shortly.""}},""providerMetadata"":{""gateway"":{""routing"":{""originalModelId"":""typesafe-ai/jev"",""resolvedProvider"":""typesafe-ai"",""fallbacksAvailable"":[],""canonicalSlug"":""typesafe-ai/jev"",""modelAttemptCount"":1,""modelAttempts"":[{""canonicalSlug"":""typesafe-ai/jev"",""success"":false,""providerAttemptCount"":0,""providerAttempts"":[]}],""totalProviderAttemptCount"":0},""generationId"":""gen_01M3624NA4220DM2B2BJKSVNXQ""}}}",3,"{""X-Ratelimit-Limit-Requests"":""30"",""X-Ratelimit-Limit-Tokens"":""250000"",""X-Ratelimit-Remaining-Requests"":""0"",""X-Ratelimit-Remaining-Tokens"":""214828"",""X-Ratelimit-Reset-Requests"":""3s"",""X-Ratelimit-Reset-Tokens"":""3s""}",136.74
noul/4/017/vercel,vercel,noul,4,17,1,429,false,HTTP 429,"{""error"":{""message"":""The upstream provider is currently experiencing high demand. Please retry shortly."",""type"":""rate_limit_exceeded"",""param"":{""error"":""The upstream provider is currently experiencing high demand. Please retry shortly."",""type"":""rate_limit_exceeded"",""statusCode"":429,""name"":""RateLimitExceededError"",""message"":""The upstream provider is currently experiencing high demand. Please retry shortly.""}},""providerMetadata"":{""gateway"":{""routing"":{""originalModelId"":""typesafe-ai/jev"",""resolvedProvider"":""typesafe-ai"",""fallbacksAvailable"":[],""canonicalSlug"":""typesafe-ai/jev"",""modelAttemptCount"":1,""modelAttempts"":[{""canonicalSlug"":""typesafe-ai/jev"",""success"":false,""providerAttemptCount"":0,""providerAttempts"":[]}],""totalProviderAttemptCount"":0},""generationId"":""gen_01M3624NX8BPZCNTQJS2AM7XKJ""}}}",3,"{""X-Ratelimit-Limit-Requests"":""30"",""X-Ratelimit-Limit-Tokens"":""250000"",""X-Ratelimit-Remaining-Requests"":""0"",""X-Ratelimit-Remaining-Tokens"":""215145"",""X-Ratelimit-Reset-Requests"":""3s"",""X-Ratelimit-Reset-Tokens"":""3s""}",93.99
noul/4/019/vercel,vercel,noul,4,19,1,429,false,HTTP 429,"{""error"":{""message"":""The upstream provider is currently experiencing high demand. Please retry shortly."",""type"":""rate_limit_exceeded"",""param"":{""error"":""The upstream provider is currently experiencing high demand. Please retry shortly."",""type"":""rate_limit_exceeded"",""statusCode"":429,""name"":""RateLimitExceededError"",""message"":""The upstream provider is currently experiencing high demand. Please retry shortly.""}},""providerMetadata"":{""gateway"":{""routing"":{""originalModelId"":""typesafe-ai/jev"",""resolvedProvider"":""typesafe-ai"",""fallbacksAvailable"":[],""canonicalSlug"":""typesafe-ai/jev"",""modelAttemptCount"":1,""modelAttempts"":[{""canonicalSlug"":""typesafe-ai/jev"",""success"":false,""providerAttemptCount"":0,""providerAttempts"":[]}],""totalProviderAttemptCount"":0},""generationId"":""gen_01M3624QEDH7DQEPWHYQPHS4QZ""}}}",1,"{""X-Ratelimit-Limit-Requests"":""30"",""X-Ratelimit-Limit-Tokens"":""250000"",""X-Ratelimit-Remaining-Requests"":""0"",""X-Ratelimit-Remaining-Tokens"":""214635"",""X-Ratelimit-Reset-Requests"":""1s"",""X-Ratelimit-Reset-Tokens"":""1s""}",110.57
noul/4/021/vercel,vercel,noul,4,21,1,429,false,HTTP 429,"{""error"":{""message"":""The upstream provider is currently experiencing high demand. Please retry shortly."",""type"":""rate_limit_exceeded"",""param"":{""error"":""The upstream provider is currently experiencing high demand. Please retry shortly."",""type"":""rate_limit_exceeded"",""statusCode"":429,""name"":""RateLimitExceededError"",""message"":""The upstream provider is currently experiencing high demand. Please retry shortly.""}},""providerMetadata"":{""gateway"":{""routing"":{""originalModelId"":""typesafe-ai/jev"",""resolvedProvider"":""typesafe-ai"",""fallbacksAvailable"":[],""canonicalSlug"":""typesafe-ai/jev"",""modelAttemptCount"":1,""modelAttempts"":[{""canonicalSlug"":""typesafe-ai/jev"",""success"":false,""providerAttemptCount"":0,""providerAttempts"":[]}],""totalProviderAttemptCount"":0},""generationId"":""gen_01M3624S1TES8W5CH8MQS97PQH""}}}",59,"{""X-Ratelimit-Limit-Requests"":""30"",""X-Ratelimit-Limit-Tokens"":""250000"",""X-Ratelimit-Remaining-Requests"":""0"",""X-Ratelimit-Remaining-Tokens"":""214235"",""X-Ratelimit-Reset-Requests"":""59s"",""X-Ratelimit-Reset-Tokens"":""59s""}",95.49
noul/4/022/vercel,vercel,noul,4,22,1,429,false,HTTP 429,"{""error"":{""message"":""The upstream provider is currently experiencing high demand. Please retry shortly."",""type"":""rate_limit_exceeded"",""param"":{""error"":""The upstream provider is currently experiencing high demand. Please retry shortly."",""type"":""rate_limit_exceeded"",""statusCode"":429,""name"":""RateLimitExceededError"",""message"":""The upstream provider is currently experiencing high demand. Please retry shortly.""}},""providerMetadata"":{""gateway"":{""routing"":{""originalModelId"":""typesafe-ai/jev"",""resolvedProvider"":""typesafe-ai"",""fallbacksAvailable"":[],""canonicalSlug"":""typesafe-ai/jev"",""modelAttemptCount"":1,""modelAttempts"":[{""canonicalSlug"":""typesafe-ai/jev"",""success"":false,""providerAttemptCount"":0,""providerAttempts"":[]}],""totalProviderAttemptCount"":0},""generationId"":""gen_01M3624SD7W3T7V7V4XCJG0CV5""}}}",60,"{""X-Ratelimit-Limit-Requests"":""30"",""X-Ratelimit-Limit-Tokens"":""250000"",""X-Ratelimit-Remaining-Requests"":""0"",""X-Ratelimit-Remaining-Tokens"":""214431"",""X-Ratelimit-Reset-Requests"":""60s"",""X-Ratelimit-Reset-Tokens"":""59s""}",83.10
noul/4/024/vercel,vercel,noul,4,24,1,429,false,HTTP 429,"{""error"":{""message"":""The upstream provider is currently experiencing high demand. Please retry shortly."",""type"":""rate_limit_exceeded"",""param"":{""error"":""The upstream provider is currently experiencing high demand. Please retry shortly."",""type"":""rate_limit_exceeded"",""statusCode"":429,""name"":""RateLimitExceededError"",""message"":""The upstream provider is currently experiencing high demand. Please retry shortly.""}},""providerMetadata"":{""gateway"":{""routing"":{""originalModelId"":""typesafe-ai/jev"",""resolvedProvider"":""typesafe-ai"",""fallbacksAvailable"":[],""canonicalSlug"":""typesafe-ai/jev"",""modelAttemptCount"":1,""modelAttempts"":[{""canonicalSlug"":""typesafe-ai/jev"",""success"":false,""providerAttemptCount"":0,""providerAttempts"":[]}],""totalProviderAttemptCount"":0},""generationId"":""gen_01M3624V5WQFY8E0G67KBDTF3D""}}}",57,"{""X-Ratelimit-Limit-Requests"":""30"",""X-Ratelimit-Limit-Tokens"":""250000"",""X-Ratelimit-Remaining-Requests"":""0"",""X-Ratelimit-Remaining-Tokens"":""214163"",""X-Ratelimit-Reset-Requests"":""57s"",""X-Ratelimit-Reset-Tokens"":""57s""}",92.47
noul/4/025/vercel,vercel,noul,4,25,1,429,false,HTTP 429,"{""error"":{""message"":""The upstream provider is currently experiencing high demand. Please retry shortly."",""type"":""rate_limit_exceeded"",""param"":{""error"":""The upstream provider is currently experiencing high demand. Please retry shortly."",""type"":""rate_limit_exceeded"",""statusCode"":429,""name"":""RateLimitExceededError"",""message"":""The upstream provider is currently experiencing high demand. Please retry shortly.""}},""providerMetadata"":{""gateway"":{""routing"":{""originalModelId"":""typesafe-ai/jev"",""resolvedProvider"":""typesafe-ai"",""fallbacksAvailable"":[],""canonicalSlug"":""typesafe-ai/jev"",""modelAttemptCount"":1,""modelAttempts"":[{""canonicalSlug"":""typesafe-ai/jev"",""success"":false,""providerAttemptCount"":0,""providerAttempts"":[]}],""totalProviderAttemptCount"":0},""generationId"":""gen_01M3624VCRQ25K85A3YTB730JQ""}}}",57,"{""X-Ratelimit-Limit-Requests"":""30"",""X-Ratelimit-Limit-Tokens"":""250000"",""X-Ratelimit-Remaining-Requests"":""0"",""X-Ratelimit-Remaining-Tokens"":""214296"",""X-Ratelimit-Reset-Requests"":""57s"",""X-Ratelimit-Reset-Tokens"":""57s""}",79.28
noul/4/027/vercel,vercel,noul,4,27,1,429,false,HTTP 429,"{""error"":{""message"":""The upstream provider is currently experiencing high demand. Please retry shortly."",""type"":""rate_limit_exceeded"",""param"":{""error"":""The upstream provider is currently experiencing high demand. Please retry shortly."",""type"":""rate_limit_exceeded"",""statusCode"":429,""name"":""RateLimitExceededError"",""message"":""The upstream provider is currently experiencing high demand. Please retry shortly.""}},""providerMetadata"":{""gateway"":{""routing"":{""originalModelId"":""typesafe-ai/jev"",""resolvedProvider"":""typesafe-ai"",""fallbacksAvailable"":[],""canonicalSlug"":""typesafe-ai/jev"",""modelAttemptCount"":1,""modelAttempts"":[{""canonicalSlug"":""typesafe-ai/jev"",""success"":false,""providerAttemptCount"":0,""providerAttempts"":[]}],""totalProviderAttemptCount"":0},""generationId"":""gen_01M3624XR5W5HDW1J52KQ729VA""}}}",60,"{""X-Ratelimit-Limit-Requests"":""30"",""X-Ratelimit-Limit-Tokens"":""250000"",""X-Ratelimit-Remaining-Requests"":""0"",""X-Ratelimit-Remaining-Tokens"":""214373"",""X-Ratelimit-Reset-Requests"":""60s"",""X-Ratelimit-Reset-Tokens"":""55s""}",118.12
noul/4/029/vercel,vercel,noul,4,29,1,429,false,HTTP 429,"{""error"":{""message"":""The upstream provider is currently experiencing high demand. Please retry shortly."",""type"":""rate_limit_exceeded"",""param"":{""error"":""The upstream provider is currently experiencing high demand. Please retry shortly."",""type"":""rate_limit_exceeded"",""statusCode"":429,""name"":""RateLimitExceededError"",""message"":""The upstream provider is currently experiencing high demand. Please retry shortly.""}},""providerMetadata"":{""gateway"":{""routing"":{""originalModelId"":""typesafe-ai/jev"",""resolvedProvider"":""typesafe-ai"",""fallbacksAvailable"":[],""canonicalSlug"":""typesafe-ai/jev"",""modelAttemptCount"":1,""modelAttempts"":[{""canonicalSlug"":""typesafe-ai/jev"",""success"":false,""providerAttemptCount"":0,""providerAttempts"":[]}],""totalProviderAttemptCount"":0},""generationId"":""gen_01M3624Z3WTBPGPDQ52WQA09SV""}}}",53,"{""X-Ratelimit-Limit-Requests"":""30"",""X-Ratelimit-Limit-Tokens"":""250000"",""X-Ratelimit-Remaining-Requests"":""0"",""X-Ratelimit-Remaining-Tokens"":""213854"",""X-Ratelimit-Reset-Requests"":""53s"",""X-Ratelimit-Reset-Tokens"":""53s""}",162.68
noul/4/030/vercel,vercel,noul,4,30,1,503,false,HTTP 503,"{""error"":{""message"":""Service temporarily unavailable. Please try again shortly."",""type"":""service_unavailable_error"",""param"":{""error"":""Service temporarily unavailable. Please try again shortly."",""type"":""service_unavailable_error"",""statusCode"":503}},""providerMetadata"":{""gateway"":{""routing"":{""originalModelId"":""typesafe-ai/jev"",""resolvedProvider"":""typesafe-ai"",""fallbacksAvailable"":[],""canonicalSlug"":""typesafe-ai/jev"",""modelAttemptCount"":1,""modelAttempts"":[{""canonicalSlug"":""typesafe-ai/jev"",""success"":false,""providerAttemptCount"":1,""providerAttempts"":[{""provider"":""typesafe-ai"",""credentialType"":""system"",""success"":false,""error"":""Service temporarily unavailable"",""startTime"":1790131208189,""endTime"":1790131208294,""statusCode"":503}]}],""totalProviderAttemptCount"":1},""generationId"":""gen_01M3624ZZ5PBYAD7BCF14SWWS8""}}}",,null,196.01
noul/4/031/vercel,vercel,noul,4,31,1,429,false,HTTP 429,"{""error"":{""message"":""The upstream provider is currently experiencing high demand. Please retry shortly."",""type"":""rate_limit_exceeded"",""param"":{""error"":""The upstream provider is currently experiencing high demand. Please retry shortly."",""type"":""rate_limit_exceeded"",""statusCode"":429,""name"":""RateLimitExceededError"",""message"":""The upstream provider is currently experiencing high demand. Please retry shortly.""}},""providerMetadata"":{""gateway"":{""routing"":{""originalModelId"":""typesafe-ai/jev"",""resolvedProvider"":""typesafe-ai"",""fallbacksAvailable"":[],""canonicalSlug"":""typesafe-ai/jev"",""modelAttemptCount"":1,""modelAttempts"":[{""canonicalSlug"":""typesafe-ai/jev"",""success"":false,""providerAttemptCount"":0,""providerAttempts"":[]}],""totalProviderAttemptCount"":0},""generationId"":""gen_01M362514197JWVVFJ0FFTVFRB""}}}",51,"{""X-Ratelimit-Limit-Requests"":""30"",""X-Ratelimit-Limit-Tokens"":""250000"",""X-Ratelimit-Remaining-Requests"":""0"",""X-Ratelimit-Remaining-Tokens"":""215053"",""X-Ratelimit-Reset-Requests"":""51s"",""X-Ratelimit-Reset-Tokens"":""51s""}",97.65
noul/4/032/vercel,vercel,noul,4,32,1,429,false,HTTP 429,"{""error"":{""message"":""The upstream provider is currently experiencing high demand. Please retry shortly."",""type"":""rate_limit_exceeded"",""param"":{""error"":""The upstream provider is currently experiencing high demand. Please retry shortly."",""type"":""rate_limit_exceeded"",""statusCode"":429,""name"":""RateLimitExceededError"",""message"":""The upstream provider is currently experiencing high demand. Please retry shortly.""}},""providerMetadata"":{""gateway"":{""routing"":{""originalModelId"":""typesafe-ai/jev"",""resolvedProvider"":""typesafe-ai"",""fallbacksAvailable"":[],""canonicalSlug"":""typesafe-ai/jev"",""modelAttemptCount"":1,""modelAttempts"":[{""canonicalSlug"":""typesafe-ai/jev"",""success"":false,""providerAttemptCount"":0,""providerAttempts"":[]}],""totalProviderAttemptCount"":0},""generationId"":""gen_01M36251C4DXG84HSJDRAMFB1A""}}}",51,"{""X-Ratelimit-Limit-Requests"":""30"",""X-Ratelimit-Limit-Tokens"":""250000"",""X-Ratelimit-Remaining-Requests"":""0"",""X-Ratelimit-Remaining-Tokens"":""215203"",""X-Ratelimit-Reset-Requests"":""51s"",""X-Ratelimit-Reset-Tokens"":""51s""}",91.77
noul/4/034/vercel,vercel,noul,4,34,1,429,false,HTTP 429,"{""error"":{""message"":""The upstream provider is currently experiencing high demand. Please retry shortly."",""type"":""rate_limit_exceeded"",""param"":{""error"":""The upstream provider is currently experiencing high demand. Please retry shortly."",""type"":""rate_limit_exceeded"",""statusCode"":429,""name"":""RateLimitExceededError"",""message"":""The upstream provider is currently experiencing high demand. Please retry shortly.""}},""providerMetadata"":{""gateway"":{""routing"":{""originalModelId"":""typesafe-ai/jev"",""resolvedProvider"":""typesafe-ai"",""fallbacksAvailable"":[],""canonicalSlug"":""typesafe-ai/jev"",""modelAttemptCount"":1,""modelAttempts"":[{""canonicalSlug"":""typesafe-ai/jev"",""success"":false,""providerAttemptCount"":0,""providerAttempts"":[]}],""totalProviderAttemptCount"":0},""generationId"":""gen_01M36252TSSV4JH11413R8ECR1""}}}",49,"{""X-Ratelimit-Limit-Requests"":""30"",""X-Ratelimit-Limit-Tokens"":""250000"",""X-Ratelimit-Remaining-Requests"":""0"",""X-Ratelimit-Remaining-Tokens"":""214758"",""X-Ratelimit-Reset-Requests"":""49s"",""X-Ratelimit-Reset-Tokens"":""49s""}",105.96
noul/4/036/vercel,vercel,noul,4,36,1,429,false,HTTP 429,"{""error"":{""message"":""The upstream provider is currently experiencing high demand. Please retry shortly."",""type"":""rate_limit_exceeded"",""param"":{""error"":""The upstream provider is currently experiencing high demand. Please retry shortly."",""type"":""rate_limit_exceeded"",""statusCode"":429,""name"":""RateLimitExceededError"",""message"":""The upstream provider is currently experiencing high demand. Please retry shortly.""}},""providerMetadata"":{""gateway"":{""routing"":{""originalModelId"":""typesafe-ai/jev"",""resolvedProvider"":""typesafe-ai"",""fallbacksAvailable"":[],""canonicalSlug"":""typesafe-ai/jev"",""modelAttemptCount"":1,""modelAttempts"":[{""canonicalSlug"":""typesafe-ai/jev"",""success"":false,""providerAttemptCount"":0,""providerAttempts"":[]}],""totalProviderAttemptCount"":0},""generationId"":""gen_01M362543AMK47T91FSTK461W6""}}}",48,"{""X-Ratelimit-Limit-Requests"":""30"",""X-Ratelimit-Limit-Tokens"":""250000"",""X-Ratelimit-Remaining-Requests"":""0"",""X-Ratelimit-Remaining-Tokens"":""214166"",""X-Ratelimit-Reset-Requests"":""48s"",""X-Ratelimit-Reset-Tokens"":""48s""}",80.30
noul/4/037/vercel,vercel,noul,4,37,1,429,false,HTTP 429,"{""error"":{""message"":""The upstream provider is currently experiencing high demand. Please retry shortly."",""type"":""rate_limit_exceeded"",""param"":{""error"":""The upstream provider is currently experiencing high demand. Please retry shortly."",""type"":""rate_limit_exceeded"",""statusCode"":429,""name"":""RateLimitExceededError"",""message"":""The upstream provider is currently experiencing high demand. Please retry shortly.""}},""providerMetadata"":{""gateway"":{""routing"":{""originalModelId"":""typesafe-ai/jev"",""resolvedProvider"":""typesafe-ai"",""fallbacksAvailable"":[],""canonicalSlug"":""typesafe-ai/jev"",""modelAttemptCount"":1,""modelAttempts"":[{""canonicalSlug"":""typesafe-ai/jev"",""success"":false,""providerAttemptCount"":0,""providerAttempts"":[]}],""totalProviderAttemptCount"":0},""generationId"":""gen_01M36254ZVW2NHRH2JZBJS1H4Q""}}}",47,"{""X-Ratelimit-Limit-Requests"":""30"",""X-Ratelimit-Limit-Tokens"":""250000"",""X-Ratelimit-Remaining-Requests"":""0"",""X-Ratelimit-Remaining-Tokens"":""214696"",""X-Ratelimit-Reset-Requests"":""47s"",""X-Ratelimit-Reset-Tokens"":""47s""}",89.64
noul/4/038/vercel,vercel,noul,4,38,1,429,false,HTTP 429,"{""error"":{""message"":""The upstream provider is currently experiencing high demand. Please retry shortly."",""type"":""rate_limit_exceeded"",""param"":{""error"":""The upstream provider is currently experiencing high demand. Please retry shortly."",""type"":""rate_limit_exceeded"",""statusCode"":429,""name"":""RateLimitExceededError"",""message"":""The upstream provider is currently experiencing high demand. Please retry shortly.""}},""providerMetadata"":{""gateway"":{""routing"":{""originalModelId"":""typesafe-ai/jev"",""resolvedProvider"":""typesafe-ai"",""fallbacksAvailable"":[],""canonicalSlug"":""typesafe-ai/jev"",""modelAttemptCount"":1,""modelAttempts"":[{""canonicalSlug"":""typesafe-ai/jev"",""success"":false,""providerAttemptCount"":0,""providerAttempts"":[]}],""totalProviderAttemptCount"":0},""generationId"":""gen_01M362558SYT9JDVAMVW7WJ0FA""}}}",47,"{""X-Ratelimit-Limit-Requests"":""30"",""X-Ratelimit-Limit-Tokens"":""250000"",""X-Ratelimit-Remaining-Requests"":""0"",""X-Ratelimit-Remaining-Tokens"":""214864"",""X-Ratelimit-Reset-Requests"":""47s"",""X-Ratelimit-Reset-Tokens"":""47s""}",88.12
noul/4/040/vercel,vercel,noul,4,40,1,429,false,HTTP 429,"{""error"":{""message"":""The upstream provider is currently experiencing high demand. Please retry shortly."",""type"":""rate_limit_exceeded"",""param"":{""error"":""The upstream provider is currently experiencing high demand. Please retry shortly."",""type"":""rate_limit_exceeded"",""statusCode"":429,""name"":""RateLimitExceededError"",""message"":""The upstream provider is currently experiencing high demand. Please retry shortly.""}},""providerMetadata"":{""gateway"":{""routing"":{""originalModelId"":""typesafe-ai/jev"",""resolvedProvider"":""typesafe-ai"",""fallbacksAvailable"":[],""canonicalSlug"":""typesafe-ai/jev"",""modelAttemptCount"":1,""modelAttempts"":[{""canonicalSlug"":""typesafe-ai/jev"",""success"":false,""providerAttemptCount"":0,""providerAttempts"":[]}],""totalProviderAttemptCount"":0},""generationId"":""gen_01M36256MF1ZZ86YXWTN9GRW47""}}}",45,"{""X-Ratelimit-Limit-Requests"":""30"",""X-Ratelimit-Limit-Tokens"":""250000"",""X-Ratelimit-Remaining-Requests"":""0"",""X-Ratelimit-Remaining-Tokens"":""214355"",""X-Ratelimit-Reset-Requests"":""45s"",""X-Ratelimit-Reset-Tokens"":""45s""}",118.15
noul/4/042/vercel,vercel,noul,4,42,1,429,false,HTTP 429,"{""error"":{""message"":""The upstream provider is currently experiencing high demand. Please retry shortly."",""type"":""rate_limit_exceeded"",""param"":{""error"":""The upstream provider is currently experiencing high demand. Please retry shortly."",""type"":""rate_limit_exceeded"",""statusCode"":429,""name"":""RateLimitExceededError"",""message"":""The upstream provider is currently experiencing high demand. Please retry shortly.""}},""providerMetadata"":{""gateway"":{""routing"":{""originalModelId"":""typesafe-ai/jev"",""resolvedProvider"":""typesafe-ai"",""fallbacksAvailable"":[],""canonicalSlug"":""typesafe-ai/jev"",""modelAttemptCount"":1,""modelAttempts"":[{""canonicalSlug"":""typesafe-ai/jev"",""success"":false,""providerAttemptCount"":0,""providerAttempts"":[]}],""totalProviderAttemptCount"":0},""generationId"":""gen_01M36258RQQWE2R024SW8KDT06""}}}",43,"{""X-Ratelimit-Limit-Requests"":""30"",""X-Ratelimit-Limit-Tokens"":""250000"",""X-Ratelimit-Remaining-Requests"":""0"",""X-Ratelimit-Remaining-Tokens"":""214297"",""X-Ratelimit-Reset-Requests"":""43s"",""X-Ratelimit-Reset-Tokens"":""43s""}",82.01
noul/4/043/vercel,vercel,noul,4,43,1,429,false,HTTP 429,"{""error"":{""message"":""The upstream provider is currently experiencing high demand. Please retry shortly."",""type"":""rate_limit_exceeded"",""param"":{""error"":""The upstream provider is currently experiencing high demand. Please retry shortly."",""type"":""rate_limit_exceeded"",""statusCode"":429,""name"":""RateLimitExceededError"",""message"":""The upstream provider is currently experiencing high demand. Please retry shortly.""}},""providerMetadata"":{""gateway"":{""routing"":{""originalModelId"":""typesafe-ai/jev"",""resolvedProvider"":""typesafe-ai"",""fallbacksAvailable"":[],""canonicalSlug"":""typesafe-ai/jev"",""modelAttemptCount"":1,""modelAttempts"":[{""canonicalSlug"":""typesafe-ai/jev"",""success"":false,""providerAttemptCount"":0,""providerAttempts"":[]}],""totalProviderAttemptCount"":0},""generationId"":""gen_01M36259DQ59Q168SA6V6WW11R""}}}",43,"{""X-Ratelimit-Limit-Requests"":""30"",""X-Ratelimit-Limit-Tokens"":""250000"",""X-Ratelimit-Remaining-Requests"":""0"",""X-Ratelimit-Remaining-Tokens"":""214693"",""X-Ratelimit-Reset-Requests"":""43s"",""X-Ratelimit-Reset-Tokens"":""43s""}",113.78
noul/4/045/vercel,vercel,noul,4,45,1,429,false,HTTP 429,"{""error"":{""message"":""The upstream provider is currently experiencing high demand. Please retry shortly."",""type"":""rate_limit_exceeded"",""param"":{""error"":""The upstream provider is currently experiencing high demand. Please retry shortly."",""type"":""rate_limit_exceeded"",""statusCode"":429,""name"":""RateLimitExceededError"",""message"":""The upstream provider is currently experiencing high demand. Please retry shortly.""}},""providerMetadata"":{""gateway"":{""routing"":{""originalModelId"":""typesafe-ai/jev"",""resolvedProvider"":""typesafe-ai"",""fallbacksAvailable"":[],""canonicalSlug"":""typesafe-ai/jev"",""modelAttemptCount"":1,""modelAttempts"":[{""canonicalSlug"":""typesafe-ai/jev"",""success"":false,""providerAttemptCount"":0,""providerAttempts"":[]}],""totalProviderAttemptCount"":0},""generationId"":""gen_01M3625AVA004ZNWRY20Z90CHB""}}}",41,"{""X-Ratelimit-Limit-Requests"":""30"",""X-Ratelimit-Limit-Tokens"":""250000"",""X-Ratelimit-Remaining-Requests"":""0"",""X-Ratelimit-Remaining-Tokens"":""214201"",""X-Ratelimit-Reset-Requests"":""41s"",""X-Ratelimit-Reset-Tokens"":""41s""}",97.07
noul/4/047/vercel,vercel,noul,4,47,1,429,false,HTTP 429,"{""error"":{""message"":""The upstream provider is currently experiencing high demand. Please retry shortly."",""type"":""rate_limit_exceeded"",""param"":{""error"":""The upstream provider is currently experiencing high demand. Please retry shortly."",""type"":""rate_limit_exceeded"",""statusCode"":429,""name"":""RateLimitExceededError"",""message"":""The upstream provider is currently experiencing high demand. Please retry shortly.""}},""providerMetadata"":{""gateway"":{""routing"":{""originalModelId"":""typesafe-ai/jev"",""resolvedProvider"":""typesafe-ai"",""fallbacksAvailable"":[],""canonicalSlug"":""typesafe-ai/jev"",""modelAttemptCount"":1,""modelAttempts"":[{""canonicalSlug"":""typesafe-ai/jev"",""success"":false,""providerAttemptCount"":0,""providerAttempts"":[]}],""totalProviderAttemptCount"":0},""generationId"":""gen_01M3625CZKYRFZPHCKPZF0HNWQ""}}}",39,"{""X-Ratelimit-Limit-Requests"":""30"",""X-Ratelimit-Limit-Tokens"":""250000"",""X-Ratelimit-Remaining-Requests"":""0"",""X-Ratelimit-Remaining-Tokens"":""214150"",""X-Ratelimit-Reset-Requests"":""39s"",""X-Ratelimit-Reset-Tokens"":""39s""}",98.92
noul/4/048/vercel,vercel,noul,4,48,1,429,false,HTTP 429,"{""error"":{""message"":""The upstream provider is currently experiencing high demand. Please retry shortly."",""type"":""rate_limit_exceeded"",""param"":{""error"":""The upstream provider is currently experiencing high demand. Please retry shortly."",""type"":""rate_limit_exceeded"",""statusCode"":429,""name"":""RateLimitExceededError"",""message"":""The upstream provider is currently experiencing high demand. Please retry shortly.""}},""providerMetadata"":{""gateway"":{""routing"":{""originalModelId"":""typesafe-ai/jev"",""resolvedProvider"":""typesafe-ai"",""fallbacksAvailable"":[],""canonicalSlug"":""typesafe-ai/jev"",""modelAttemptCount"":1,""modelAttempts"":[{""canonicalSlug"":""typesafe-ai/jev"",""success"":false,""providerAttemptCount"":0,""providerAttempts"":[]}],""totalProviderAttemptCount"":0},""generationId"":""gen_01M3625E0VWEQSMVD81HZE2R0G""}}}",60,"{""X-Ratelimit-Limit-Requests"":""30"",""X-Ratelimit-Limit-Tokens"":""250000"",""X-Ratelimit-Remaining-Requests"":""0"",""X-Ratelimit-Remaining-Tokens"":""214766"",""X-Ratelimit-Reset-Requests"":""60s"",""X-Ratelimit-Reset-Tokens"":""38s""}",92.55
choice/4/000/vercel,vercel,choice,4,0,1,429,false,HTTP 429,"{""error"":{""message"":""The upstream provider is currently experiencing high demand. Please retry shortly."",""type"":""rate_limit_exceeded"",""param"":{""error"":""The upstream provider is currently experiencing high demand. Please retry shortly."",""type"":""rate_limit_exceeded"",""statusCode"":429,""name"":""RateLimitExceededError"",""message"":""The upstream provider is currently experiencing high demand. Please retry shortly.""}},""providerMetadata"":{""gateway"":{""routing"":{""originalModelId"":""typesafe-ai/jev"",""resolvedProvider"":""typesafe-ai"",""fallbacksAvailable"":[],""canonicalSlug"":""typesafe-ai/jev"",""modelAttemptCount"":1,""modelAttempts"":[{""canonicalSlug"":""typesafe-ai/jev"",""success"":false,""providerAttemptCount"":0,""providerAttempts"":[]}],""totalProviderAttemptCount"":0},""generationId"":""gen_01M3625FB4KDK6D600YNJBBF0C""}}}",37,"{""X-Ratelimit-Limit-Requests"":""30"",""X-Ratelimit-Limit-Tokens"":""250000"",""X-Ratelimit-Remaining-Requests"":""0"",""X-Ratelimit-Remaining-Tokens"":""214227"",""X-Ratelimit-Reset-Requests"":""37s"",""X-Ratelimit-Reset-Tokens"":""37s""}",99.93
choice/4/002/vercel,vercel,choice,4,2,1,429,false,HTTP 429,"{""error"":{""message"":""The upstream provider is currently experiencing high demand. Please retry shortly."",""type"":""rate_limit_exceeded"",""param"":{""error"":""The upstream provider is currently experiencing high demand. Please retry shortly."",""type"":""rate_limit_exceeded"",""statusCode"":429,""name"":""RateLimitExceededError"",""message"":""The upstream provider is currently experiencing high demand. Please retry shortly.""}},""providerMetadata"":{""gateway"":{""routing"":{""originalModelId"":""typesafe-ai/jev"",""resolvedProvider"":""typesafe-ai"",""fallbacksAvailable"":[],""canonicalSlug"":""typesafe-ai/jev"",""modelAttemptCount"":1,""modelAttempts"":[{""canonicalSlug"":""typesafe-ai/jev"",""success"":false,""providerAttemptCount"":0,""providerAttempts"":[]}],""totalProviderAttemptCount"":0},""generationId"":""gen_01M3625GTBPA4TNKKKBK5H00ST""}}}",35,"{""X-Ratelimit-Limit-Requests"":""30"",""X-Ratelimit-Limit-Tokens"":""250000"",""X-Ratelimit-Remaining-Requests"":""0"",""X-Ratelimit-Remaining-Tokens"":""214971"",""X-Ratelimit-Reset-Requests"":""35s"",""X-Ratelimit-Reset-Tokens"":""35s""}",87.52
choice/4/004/vercel,vercel,choice,4,4,1,429,false,HTTP 429,"{""error"":{""message"":""The upstream provider is currently experiencing high demand. Please retry shortly."",""type"":""rate_limit_exceeded"",""param"":{""error"":""The upstream provider is currently experiencing high demand. Please retry shortly."",""type"":""rate_limit_exceeded"",""statusCode"":429,""name"":""RateLimitExceededError"",""message"":""The upstream provider is currently experiencing high demand. Please retry shortly.""}},""providerMetadata"":{""gateway"":{""routing"":{""originalModelId"":""typesafe-ai/jev"",""resolvedProvider"":""typesafe-ai"",""fallbacksAvailable"":[],""canonicalSlug"":""typesafe-ai/jev"",""modelAttemptCount"":1,""modelAttempts"":[{""canonicalSlug"":""typesafe-ai/jev"",""success"":false,""providerAttemptCount"":0,""providerAttempts"":[]}],""totalProviderAttemptCount"":0},""generationId"":""gen_01M3625J59VGS0JVMXQV3KVMZF""}}}",34,"{""X-Ratelimit-Limit-Requests"":""30"",""X-Ratelimit-Limit-Tokens"":""250000"",""X-Ratelimit-Remaining-Requests"":""0"",""X-Ratelimit-Remaining-Tokens"":""215157"",""X-Ratelimit-Reset-Requests"":""34s"",""X-Ratelimit-Reset-Tokens"":""34s""}",76.88
choice/4/005/vercel,vercel,choice,4,5,1,429,false,HTTP 429,"{""error"":{""message"":""The upstream provider is currently experiencing high demand. Please retry shortly."",""type"":""rate_limit_exceeded"",""param"":{""error"":""The upstream provider is currently experiencing high demand. Please retry shortly."",""type"":""rate_limit_exceeded"",""statusCode"":429,""name"":""RateLimitExceededError"",""message"":""The upstream provider is currently experiencing high demand. Please retry shortly.""}},""providerMetadata"":{""gateway"":{""routing"":{""originalModelId"":""typesafe-ai/jev"",""resolvedProvider"":""typesafe-ai"",""fallbacksAvailable"":[],""canonicalSlug"":""typesafe-ai/jev"",""modelAttemptCount"":1,""modelAttempts"":[{""canonicalSlug"":""typesafe-ai/jev"",""success"":false,""providerAttemptCount"":0,""providerAttempts"":[]}],""totalProviderAttemptCount"":0},""generationId"":""gen_01M3625K8ZG2TW3HH01DGCFVG5""}}}",33,"{""X-Ratelimit-Limit-Requests"":""30"",""X-Ratelimit-Limit-Tokens"":""250000"",""X-Ratelimit-Remaining-Requests"":""0"",""X-Ratelimit-Remaining-Tokens"":""213630"",""X-Ratelimit-Reset-Requests"":""33s"",""X-Ratelimit-Reset-Tokens"":""33s""}",106.62
choice/4/007/vercel,vercel,choice,4,7,1,429,false,HTTP 429,"{""error"":{""message"":""The upstream provider is currently experiencing high demand. Please retry shortly."",""type"":""rate_limit_exceeded"",""param"":{""error"":""The upstream provider is currently experiencing high demand. Please retry shortly."",""type"":""rate_limit_exceeded"",""statusCode"":429,""name"":""RateLimitExceededError"",""message"":""The upstream provider is currently experiencing high demand. Please retry shortly.""}},""providerMetadata"":{""gateway"":{""routing"":{""originalModelId"":""typesafe-ai/jev"",""resolvedProvider"":""typesafe-ai"",""fallbacksAvailable"":[],""canonicalSlug"":""typesafe-ai/jev"",""modelAttemptCount"":1,""modelAttempts"":[{""canonicalSlug"":""typesafe-ai/jev"",""success"":false,""providerAttemptCount"":0,""providerAttempts"":[]}],""totalProviderAttemptCount"":0},""generationId"":""gen_01M3625MA5SDHWSR92Y1QT5DDP""}}}",31,"{""X-Ratelimit-Limit-Requests"":""30"",""X-Ratelimit-Limit-Tokens"":""250000"",""X-Ratelimit-Remaining-Requests"":""0"",""X-Ratelimit-Remaining-Tokens"":""212772"",""X-Ratelimit-Reset-Requests"":""31s"",""X-Ratelimit-Reset-Tokens"":""31s""}",88.67
choice/4/008/vercel,vercel,choice,4,8,1,429,false,HTTP 429,"{""error"":{""message"":""The upstream provider is currently experiencing high demand. Please retry shortly."",""type"":""rate_limit_exceeded"",""param"":{""error"":""The upstream provider is currently experiencing high demand. Please retry shortly."",""type"":""rate_limit_exceeded"",""statusCode"":429,""name"":""RateLimitExceededError"",""message"":""The upstream provider is currently experiencing high demand. Please retry shortly.""}},""providerMetadata"":{""gateway"":{""routing"":{""originalModelId"":""typesafe-ai/jev"",""resolvedProvider"":""typesafe-ai"",""fallbacksAvailable"":[],""canonicalSlug"":""typesafe-ai/jev"",""modelAttemptCount"":1,""modelAttempts"":[{""canonicalSlug"":""typesafe-ai/jev"",""success"":false,""providerAttemptCount"":0,""providerAttempts"":[]}],""totalProviderAttemptCount"":0},""generationId"":""gen_01M3625MVW9H3ZB27V49F80GMP""}}}",31,"{""X-Ratelimit-Limit-Requests"":""30"",""X-Ratelimit-Limit-Tokens"":""250000"",""X-Ratelimit-Remaining-Requests"":""0"",""X-Ratelimit-Remaining-Tokens"":""213120"",""X-Ratelimit-Reset-Requests"":""31s"",""X-Ratelimit-Reset-Tokens"":""31s""}",111.94
choice/4/010/vercel,vercel,choice,4,10,1,429,false,HTTP 429,"{""error"":{""message"":""The upstream provider is currently experiencing high demand. Please retry shortly."",""type"":""rate_limit_exceeded"",""param"":{""error"":""The upstream provider is currently experiencing high demand. Please retry shortly."",""type"":""rate_limit_exceeded"",""statusCode"":429,""name"":""RateLimitExceededError"",""message"":""The upstream provider is currently experiencing high demand. Please retry shortly.""}},""providerMetadata"":{""gateway"":{""routing"":{""originalModelId"":""typesafe-ai/jev"",""resolvedProvider"":""typesafe-ai"",""fallbacksAvailable"":[],""canonicalSlug"":""typesafe-ai/jev"",""modelAttemptCount"":1,""modelAttempts"":[{""canonicalSlug"":""typesafe-ai/jev"",""success"":false,""providerAttemptCount"":0,""providerAttempts"":[]}],""totalProviderAttemptCount"":0},""generationId"":""gen_01M3625PF6Y4NZCS8KS704S496""}}}",29,"{""X-Ratelimit-Limit-Requests"":""30"",""X-Ratelimit-Limit-Tokens"":""250000"",""X-Ratelimit-Remaining-Requests"":""0"",""X-Ratelimit-Remaining-Tokens"":""212588"",""X-Ratelimit-Reset-Requests"":""29s"",""X-Ratelimit-Reset-Tokens"":""29s""}",93.62
choice/4/012/vercel,vercel,choice,4,12,1,429,false,HTTP 429,"{""error"":{""message"":""The upstream provider is currently experiencing high demand. Please retry shortly."",""type"":""rate_limit_exceeded"",""param"":{""error"":""The upstream provider is currently experiencing high demand. Please retry shortly."",""type"":""rate_limit_exceeded"",""statusCode"":429,""name"":""RateLimitExceededError"",""message"":""The upstream provider is currently experiencing high demand. Please retry shortly.""}},""providerMetadata"":{""gateway"":{""routing"":{""originalModelId"":""typesafe-ai/jev"",""resolvedProvider"":""typesafe-ai"",""fallbacksAvailable"":[],""canonicalSlug"":""typesafe-ai/jev"",""modelAttemptCount"":1,""modelAttempts"":[{""canonicalSlug"":""typesafe-ai/jev"",""success"":false,""providerAttemptCount"":0,""providerAttempts"":[]}],""totalProviderAttemptCount"":0},""generationId"":""gen_01M3625RETC6S5F9N06GNYSKDM""}}}",27,"{""X-Ratelimit-Limit-Requests"":""30"",""X-Ratelimit-Limit-Tokens"":""250000"",""X-Ratelimit-Remaining-Requests"":""0"",""X-Ratelimit-Remaining-Tokens"":""212300"",""X-Ratelimit-Reset-Requests"":""27s"",""X-Ratelimit-Reset-Tokens"":""27s""}",95.70
choice/4/013/vercel,vercel,choice,4,13,1,429,false,HTTP 429,"{""error"":{""message"":""The upstream provider is currently experiencing high demand. Please retry shortly."",""type"":""rate_limit_exceeded"",""param"":{""error"":""The upstream provider is currently experiencing high demand. Please retry shortly."",""type"":""rate_limit_exceeded"",""statusCode"":429,""name"":""RateLimitExceededError"",""message"":""The upstream provider is currently experiencing high demand. Please retry shortly.""}},""providerMetadata"":{""gateway"":{""routing"":{""originalModelId"":""typesafe-ai/jev"",""resolvedProvider"":""typesafe-ai"",""fallbacksAvailable"":[],""canonicalSlug"":""typesafe-ai/jev"",""modelAttemptCount"":1,""modelAttempts"":[{""canonicalSlug"":""typesafe-ai/jev"",""success"":false,""providerAttemptCount"":0,""providerAttempts"":[]}],""totalProviderAttemptCount"":0},""generationId"":""gen_01M3625RR1R9YYPXJNMVQKNREJ""}}}",27,"{""X-Ratelimit-Limit-Requests"":""30"",""X-Ratelimit-Limit-Tokens"":""250000"",""X-Ratelimit-Remaining-Requests"":""0"",""X-Ratelimit-Remaining-Tokens"":""212469"",""X-Ratelimit-Reset-Requests"":""27s"",""X-Ratelimit-Reset-Tokens"":""27s""}",86.11
choice/4/015/vercel,vercel,choice,4,15,1,429,false,HTTP 429,"{""error"":{""message"":""The upstream provider is currently experiencing high demand. Please retry shortly."",""type"":""rate_limit_exceeded"",""param"":{""error"":""The upstream provider is currently experiencing high demand. Please retry shortly."",""type"":""rate_limit_exceeded"",""statusCode"":429,""name"":""RateLimitExceededError"",""message"":""The upstream provider is currently experiencing high demand. Please retry shortly.""}},""providerMetadata"":{""gateway"":{""routing"":{""originalModelId"":""typesafe-ai/jev"",""resolvedProvider"":""typesafe-ai"",""fallbacksAvailable"":[],""canonicalSlug"":""typesafe-ai/jev"",""modelAttemptCount"":1,""modelAttempts"":[{""canonicalSlug"":""typesafe-ai/jev"",""success"":false,""providerAttemptCount"":0,""providerAttempts"":[]}],""totalProviderAttemptCount"":0},""generationId"":""gen_01M3625T7H3M3HJFCB0HMG3DK8""}}}",25,"{""X-Ratelimit-Limit-Requests"":""30"",""X-Ratelimit-Limit-Tokens"":""250000"",""X-Ratelimit-Remaining-Requests"":""0"",""X-Ratelimit-Remaining-Tokens"":""212300"",""X-Ratelimit-Reset-Requests"":""25s"",""X-Ratelimit-Reset-Tokens"":""25s""}",88.75
choice/4/016/vercel,vercel,choice,4,16,1,429,false,HTTP 429,"{""error"":{""message"":""The upstream provider is currently experiencing high demand. Please retry shortly."",""type"":""rate_limit_exceeded"",""param"":{""error"":""The upstream provider is currently experiencing high demand. Please retry shortly."",""type"":""rate_limit_exceeded"",""statusCode"":429,""name"":""RateLimitExceededError"",""message"":""The upstream provider is currently experiencing high demand. Please retry shortly.""}},""providerMetadata"":{""gateway"":{""routing"":{""originalModelId"":""typesafe-ai/jev"",""resolvedProvider"":""typesafe-ai"",""fallbacksAvailable"":[],""canonicalSlug"":""typesafe-ai/jev"",""modelAttemptCount"":1,""modelAttempts"":[{""canonicalSlug"":""typesafe-ai/jev"",""success"":false,""providerAttemptCount"":0,""providerAttempts"":[]}],""totalProviderAttemptCount"":0},""generationId"":""gen_01M3625TVXBJMRR2JH1XAVGQW4""}}}",25,"{""X-Ratelimit-Limit-Requests"":""30"",""X-Ratelimit-Limit-Tokens"":""250000"",""X-Ratelimit-Remaining-Requests"":""0"",""X-Ratelimit-Remaining-Tokens"":""212263"",""X-Ratelimit-Reset-Requests"":""25s"",""X-Ratelimit-Reset-Tokens"":""25s""}",90.91
choice/4/018/vercel,vercel,choice,4,18,1,429,false,HTTP 429,"{""error"":{""message"":""The upstream provider is currently experiencing high demand. Please retry shortly."",""type"":""rate_limit_exceeded"",""param"":{""error"":""The upstream provider is currently experiencing high demand. Please retry shortly."",""type"":""rate_limit_exceeded"",""statusCode"":429,""name"":""RateLimitExceededError"",""message"":""The upstream provider is currently experiencing high demand. Please retry shortly.""}},""providerMetadata"":{""gateway"":{""routing"":{""originalModelId"":""typesafe-ai/jev"",""resolvedProvider"":""typesafe-ai"",""fallbacksAvailable"":[],""canonicalSlug"":""typesafe-ai/jev"",""modelAttemptCount"":1,""modelAttempts"":[{""canonicalSlug"":""typesafe-ai/jev"",""success"":false,""providerAttemptCount"":0,""providerAttempts"":[]}],""totalProviderAttemptCount"":0},""generationId"":""gen_01M3625WYCXZG779QSX56R6KT8""}}}",23,"{""X-Ratelimit-Limit-Requests"":""30"",""X-Ratelimit-Limit-Tokens"":""250000"",""X-Ratelimit-Remaining-Requests"":""0"",""X-Ratelimit-Remaining-Tokens"":""212791"",""X-Ratelimit-Reset-Requests"":""23s"",""X-Ratelimit-Reset-Tokens"":""23s""}",87.51
choice/4/020/vercel,vercel,choice,4,20,1,429,false,HTTP 429,"{""error"":{""message"":""The upstream provider is currently experiencing high demand. Please retry shortly."",""type"":""rate_limit_exceeded"",""param"":{""error"":""The upstream provider is currently experiencing high demand. Please retry shortly."",""type"":""rate_limit_exceeded"",""statusCode"":429,""name"":""RateLimitExceededError"",""message"":""The upstream provider is currently experiencing high demand. Please retry shortly.""}},""providerMetadata"":{""gateway"":{""routing"":{""originalModelId"":""typesafe-ai/jev"",""resolvedProvider"":""typesafe-ai"",""fallbacksAvailable"":[],""canonicalSlug"":""typesafe-ai/jev"",""modelAttemptCount"":1,""modelAttempts"":[{""canonicalSlug"":""typesafe-ai/jev"",""success"":false,""providerAttemptCount"":0,""providerAttempts"":[]}],""totalProviderAttemptCount"":0},""generationId"":""gen_01M3625Y2C47Z02M1GQCDDPPHX""}}}",21,"{""X-Ratelimit-Limit-Requests"":""30"",""X-Ratelimit-Limit-Tokens"":""250000"",""X-Ratelimit-Remaining-Requests"":""0"",""X-Ratelimit-Remaining-Tokens"":""211229"",""X-Ratelimit-Reset-Requests"":""21s"",""X-Ratelimit-Reset-Tokens"":""21s""}",100.03
choice/4/021/vercel,vercel,choice,4,21,1,429,false,HTTP 429,"{""error"":{""message"":""The upstream provider is currently experiencing high demand. Please retry shortly."",""type"":""rate_limit_exceeded"",""param"":{""error"":""The upstream provider is currently experiencing high demand. Please retry shortly."",""type"":""rate_limit_exceeded"",""statusCode"":429,""name"":""RateLimitExceededError"",""message"":""The upstream provider is currently experiencing high demand. Please retry shortly.""}},""providerMetadata"":{""gateway"":{""routing"":{""originalModelId"":""typesafe-ai/jev"",""resolvedProvider"":""typesafe-ai"",""fallbacksAvailable"":[],""canonicalSlug"":""typesafe-ai/jev"",""modelAttemptCount"":1,""modelAttempts"":[{""canonicalSlug"":""typesafe-ai/jev"",""success"":false,""providerAttemptCount"":0,""providerAttempts"":[]}],""totalProviderAttemptCount"":0},""generationId"":""gen_01M3625YVGKEA97HD216D4M0Q9""}}}",21,"{""X-Ratelimit-Limit-Requests"":""30"",""X-Ratelimit-Limit-Tokens"":""250000"",""X-Ratelimit-Remaining-Requests"":""0"",""X-Ratelimit-Remaining-Tokens"":""211698"",""X-Ratelimit-Reset-Requests"":""21s"",""X-Ratelimit-Reset-Tokens"":""21s""}",88.59
choice/4/023/vercel,vercel,choice,4,23,1,429,false,HTTP 429,"{""error"":{""message"":""The upstream provider is currently experiencing high demand. Please retry shortly."",""type"":""rate_limit_exceeded"",""param"":{""error"":""The upstream provider is currently experiencing high demand. Please retry shortly."",""type"":""rate_limit_exceeded"",""statusCode"":429,""name"":""RateLimitExceededError"",""message"":""The upstream provider is currently experiencing high demand. Please retry shortly.""}},""providerMetadata"":{""gateway"":{""routing"":{""originalModelId"":""typesafe-ai/jev"",""resolvedProvider"":""typesafe-ai"",""fallbacksAvailable"":[],""canonicalSlug"":""typesafe-ai/jev"",""modelAttemptCount"":1,""modelAttempts"":[{""canonicalSlug"":""typesafe-ai/jev"",""success"":false,""providerAttemptCount"":0,""providerAttempts"":[]}],""totalProviderAttemptCount"":0},""generationId"":""gen_01M362609MA83SXDEXWWBXP7RS""}}}",19,"{""X-Ratelimit-Limit-Requests"":""30"",""X-Ratelimit-Limit-Tokens"":""250000"",""X-Ratelimit-Remaining-Requests"":""0"",""X-Ratelimit-Remaining-Tokens"":""211076"",""X-Ratelimit-Reset-Requests"":""19s"",""X-Ratelimit-Reset-Tokens"":""19s""}",96.23
choice/4/024/vercel,vercel,choice,4,24,1,429,false,HTTP 429,"{""error"":{""message"":""The upstream provider is currently experiencing high demand. Please retry shortly."",""type"":""rate_limit_exceeded"",""param"":{""error"":""The upstream provider is currently experiencing high demand. Please retry shortly."",""type"":""rate_limit_exceeded"",""statusCode"":429,""name"":""RateLimitExceededError"",""message"":""The upstream provider is currently experiencing high demand. Please retry shortly.""}},""providerMetadata"":{""gateway"":{""routing"":{""originalModelId"":""typesafe-ai/jev"",""resolvedProvider"":""typesafe-ai"",""fallbacksAvailable"":[],""canonicalSlug"":""typesafe-ai/jev"",""modelAttemptCount"":1,""modelAttempts"":[{""canonicalSlug"":""typesafe-ai/jev"",""success"":false,""providerAttemptCount"":0,""providerAttempts"":[]}],""totalProviderAttemptCount"":0},""generationId"":""gen_01M36260VTC305PEVRMAFCRKJ7""}}}",19,"{""X-Ratelimit-Limit-Requests"":""30"",""X-Ratelimit-Limit-Tokens"":""250000"",""X-Ratelimit-Remaining-Requests"":""0"",""X-Ratelimit-Remaining-Tokens"":""212029"",""X-Ratelimit-Reset-Requests"":""19s"",""X-Ratelimit-Reset-Tokens"":""19s""}",155.95
choice/4/027/vercel,vercel,choice,4,27,1,429,false,HTTP 429,"{""error"":{""message"":""The upstream provider is currently experiencing high demand. Please retry shortly."",""type"":""rate_limit_exceeded"",""param"":{""error"":""The upstream provider is currently experiencing high demand. Please retry shortly."",""type"":""rate_limit_exceeded"",""statusCode"":429,""name"":""RateLimitExceededError"",""message"":""The upstream provider is currently experiencing high demand. Please retry shortly.""}},""providerMetadata"":{""gateway"":{""routing"":{""originalModelId"":""typesafe-ai/jev"",""resolvedProvider"":""typesafe-ai"",""fallbacksAvailable"":[],""canonicalSlug"":""typesafe-ai/jev"",""modelAttemptCount"":1,""modelAttempts"":[{""canonicalSlug"":""typesafe-ai/jev"",""success"":false,""providerAttemptCount"":0,""providerAttempts"":[]}],""totalProviderAttemptCount"":0},""generationId"":""gen_01M36263BE783EP8JK5KMVJ08B""}}}",16,"{""X-Ratelimit-Limit-Requests"":""30"",""X-Ratelimit-Limit-Tokens"":""250000"",""X-Ratelimit-Remaining-Requests"":""0"",""X-Ratelimit-Remaining-Tokens"":""209965"",""X-Ratelimit-Reset-Requests"":""16s"",""X-Ratelimit-Reset-Tokens"":""16s""}",88.79
choice/4/028/vercel,vercel,choice,4,28,1,429,false,HTTP 429,"{""error"":{""message"":""The upstream provider is currently experiencing high demand. Please retry shortly."",""type"":""rate_limit_exceeded"",""param"":{""error"":""The upstream provider is currently experiencing high demand. Please retry shortly."",""type"":""rate_limit_exceeded"",""statusCode"":429,""name"":""RateLimitExceededError"",""message"":""The upstream provider is currently experiencing high demand. Please retry shortly.""}},""providerMetadata"":{""gateway"":{""routing"":{""originalModelId"":""typesafe-ai/jev"",""resolvedProvider"":""typesafe-ai"",""fallbacksAvailable"":[],""canonicalSlug"":""typesafe-ai/jev"",""modelAttemptCount"":1,""modelAttempts"":[{""canonicalSlug"":""typesafe-ai/jev"",""success"":false,""providerAttemptCount"":0,""providerAttempts"":[]}],""totalProviderAttemptCount"":0},""generationId"":""gen_01M36264DSEN1AJNDKM9EDZT5H""}}}",15,"{""X-Ratelimit-Limit-Requests"":""30"",""X-Ratelimit-Limit-Tokens"":""250000"",""X-Ratelimit-Remaining-Requests"":""0"",""X-Ratelimit-Remaining-Tokens"":""211921"",""X-Ratelimit-Reset-Requests"":""15s"",""X-Ratelimit-Reset-Tokens"":""15s""}",83.58
choice/4/029/vercel,vercel,choice,4,29,1,429,false,HTTP 429,"{""error"":{""message"":""The upstream provider is currently experiencing high demand. Please retry shortly."",""type"":""rate_limit_exceeded"",""param"":{""error"":""The upstream provider is currently experiencing high demand. Please retry shortly."",""type"":""rate_limit_exceeded"",""statusCode"":429,""name"":""RateLimitExceededError"",""message"":""The upstream provider is currently experiencing high demand. Please retry shortly.""}},""providerMetadata"":{""gateway"":{""routing"":{""originalModelId"":""typesafe-ai/jev"",""resolvedProvider"":""typesafe-ai"",""fallbacksAvailable"":[],""canonicalSlug"":""typesafe-ai/jev"",""modelAttemptCount"":1,""modelAttempts"":[{""canonicalSlug"":""typesafe-ai/jev"",""success"":false,""providerAttemptCount"":0,""providerAttempts"":[]}],""totalProviderAttemptCount"":0},""generationId"":""gen_01M36264QN2TZW5RKJP7984931""}}}",15,"{""X-Ratelimit-Limit-Requests"":""30"",""X-Ratelimit-Limit-Tokens"":""250000"",""X-Ratelimit-Remaining-Requests"":""0"",""X-Ratelimit-Remaining-Tokens"":""210788"",""X-Ratelimit-Reset-Requests"":""15s"",""X-Ratelimit-Reset-Tokens"":""15s""}",88.24
choice/4/032/vercel,vercel,choice,4,32,1,429,false,HTTP 429,"{""error"":{""message"":""The upstream provider is currently experiencing high demand. Please retry shortly."",""type"":""rate_limit_exceeded"",""param"":{""error"":""The upstream provider is currently experiencing high demand. Please retry shortly."",""type"":""rate_limit_exceeded"",""statusCode"":429,""name"":""RateLimitExceededError"",""message"":""The upstream provider is currently experiencing high demand. Please retry shortly.""}},""providerMetadata"":{""gateway"":{""routing"":{""originalModelId"":""typesafe-ai/jev"",""resolvedProvider"":""typesafe-ai"",""fallbacksAvailable"":[],""canonicalSlug"":""typesafe-ai/jev"",""modelAttemptCount"":1,""modelAttempts"":[{""canonicalSlug"":""typesafe-ai/jev"",""success"":false,""providerAttemptCount"":0,""providerAttempts"":[]}],""totalProviderAttemptCount"":0},""generationId"":""gen_01M36267R7QRZWFMQPW9NAKXJ5""}}}",12,"{""X-Ratelimit-Limit-Requests"":""30"",""X-Ratelimit-Limit-Tokens"":""250000"",""X-Ratelimit-Remaining-Requests"":""0"",""X-Ratelimit-Remaining-Tokens"":""209635"",""X-Ratelimit-Reset-Requests"":""12s"",""X-Ratelimit-Reset-Tokens"":""12s""}",102.20
choice/4/033/vercel,vercel,choice,4,33,1,429,false,HTTP 429,"{""error"":{""message"":""The upstream provider is currently experiencing high demand. Please retry shortly."",""type"":""rate_limit_exceeded"",""param"":{""error"":""The upstream provider is currently experiencing high demand. Please retry shortly."",""type"":""rate_limit_exceeded"",""statusCode"":429,""name"":""RateLimitExceededError"",""message"":""The upstream provider is currently experiencing high demand. Please retry shortly.""}},""providerMetadata"":{""gateway"":{""routing"":{""originalModelId"":""typesafe-ai/jev"",""resolvedProvider"":""typesafe-ai"",""fallbacksAvailable"":[],""canonicalSlug"":""typesafe-ai/jev"",""modelAttemptCount"":1,""modelAttempts"":[{""canonicalSlug"":""typesafe-ai/jev"",""success"":false,""providerAttemptCount"":0,""providerAttempts"":[]}],""totalProviderAttemptCount"":0},""generationId"":""gen_01M36268P4MH7B5HBKEHMDHQVN""}}}",11,"{""X-Ratelimit-Limit-Requests"":""30"",""X-Ratelimit-Limit-Tokens"":""250000"",""X-Ratelimit-Remaining-Requests"":""0"",""X-Ratelimit-Remaining-Tokens"":""210200"",""X-Ratelimit-Reset-Requests"":""11s"",""X-Ratelimit-Reset-Tokens"":""11s""}",94.28
choice/4/035/vercel,vercel,choice,4,35,1,429,false,HTTP 429,"{""error"":{""message"":""The upstream provider is currently experiencing high demand. Please retry shortly."",""type"":""rate_limit_exceeded"",""param"":{""error"":""The upstream provider is currently experiencing high demand. Please retry shortly."",""type"":""rate_limit_exceeded"",""statusCode"":429,""name"":""RateLimitExceededError"",""message"":""The upstream provider is currently experiencing high demand. Please retry shortly.""}},""providerMetadata"":{""gateway"":{""routing"":{""originalModelId"":""typesafe-ai/jev"",""resolvedProvider"":""typesafe-ai"",""fallbacksAvailable"":[],""canonicalSlug"":""typesafe-ai/jev"",""modelAttemptCount"":1,""modelAttempts"":[{""canonicalSlug"":""typesafe-ai/jev"",""success"":false,""providerAttemptCount"":0,""providerAttempts"":[]}],""totalProviderAttemptCount"":0},""generationId"":""gen_01M36269TA70AXJAAA8Q1R1BJW""}}}",9,"{""X-Ratelimit-Limit-Requests"":""30"",""X-Ratelimit-Limit-Tokens"":""250000"",""X-Ratelimit-Remaining-Requests"":""0"",""X-Ratelimit-Remaining-Tokens"":""209404"",""X-Ratelimit-Reset-Requests"":""9s"",""X-Ratelimit-Reset-Tokens"":""9s""}",104.84
choice/4/036/vercel,vercel,choice,4,36,1,429,false,HTTP 429,"{""error"":{""message"":""The upstream provider is currently experiencing high demand. Please retry shortly."",""type"":""rate_limit_exceeded"",""param"":{""error"":""The upstream provider is currently experiencing high demand. Please retry shortly."",""type"":""rate_limit_exceeded"",""statusCode"":429,""name"":""RateLimitExceededError"",""message"":""The upstream provider is currently experiencing high demand. Please retry shortly.""}},""providerMetadata"":{""gateway"":{""routing"":{""originalModelId"":""typesafe-ai/jev"",""resolvedProvider"":""typesafe-ai"",""fallbacksAvailable"":[],""canonicalSlug"":""typesafe-ai/jev"",""modelAttemptCount"":1,""modelAttempts"":[{""canonicalSlug"":""typesafe-ai/jev"",""success"":false,""providerAttemptCount"":0,""providerAttempts"":[]}],""totalProviderAttemptCount"":0},""generationId"":""gen_01M3626AN314HYEDHZ34X0NXZD""}}}",9,"{""X-Ratelimit-Limit-Requests"":""30"",""X-Ratelimit-Limit-Tokens"":""250000"",""X-Ratelimit-Remaining-Requests"":""0"",""X-Ratelimit-Remaining-Tokens"":""209904"",""X-Ratelimit-Reset-Requests"":""9s"",""X-Ratelimit-Reset-Tokens"":""9s""}",109.13
choice/4/039/vercel,vercel,choice,4,39,1,429,false,HTTP 429,"{""error"":{""message"":""The upstream provider is currently experiencing high demand. Please retry shortly."",""type"":""rate_limit_exceeded"",""param"":{""error"":""The upstream provider is currently experiencing high demand. Please retry shortly."",""type"":""rate_limit_exceeded"",""statusCode"":429,""name"":""RateLimitExceededError"",""message"":""The upstream provider is currently experiencing high demand. Please retry shortly.""}},""providerMetadata"":{""gateway"":{""routing"":{""originalModelId"":""typesafe-ai/jev"",""resolvedProvider"":""typesafe-ai"",""fallbacksAvailable"":[],""canonicalSlug"":""typesafe-ai/jev"",""modelAttemptCount"":1,""modelAttempts"":[{""canonicalSlug"":""typesafe-ai/jev"",""success"":false,""providerAttemptCount"":0,""providerAttempts"":[]}],""totalProviderAttemptCount"":0},""generationId"":""gen_01M3626E7JG216TY7Z22MTYVFA""}}}",5,"{""X-Ratelimit-Limit-Requests"":""30"",""X-Ratelimit-Limit-Tokens"":""250000"",""X-Ratelimit-Remaining-Requests"":""0"",""X-Ratelimit-Remaining-Tokens"":""209083"",""X-Ratelimit-Reset-Requests"":""5s"",""X-Ratelimit-Reset-Tokens"":""5s""}",104.85
choice/4/041/vercel,vercel,choice,4,41,1,429,false,HTTP 429,"{""error"":{""message"":""The upstream provider is currently experiencing high demand. Please retry shortly."",""type"":""rate_limit_exceeded"",""param"":{""error"":""The upstream provider is currently experiencing high demand. Please retry shortly."",""type"":""rate_limit_exceeded"",""statusCode"":429,""name"":""RateLimitExceededError"",""message"":""The upstream provider is currently experiencing high demand. Please retry shortly.""}},""providerMetadata"":{""gateway"":{""routing"":{""originalModelId"":""typesafe-ai/jev"",""resolvedProvider"":""typesafe-ai"",""fallbacksAvailable"":[],""canonicalSlug"":""typesafe-ai/jev"",""modelAttemptCount"":1,""modelAttempts"":[{""canonicalSlug"":""typesafe-ai/jev"",""success"":false,""providerAttemptCount"":0,""providerAttempts"":[]}],""totalProviderAttemptCount"":0},""generationId"":""gen_01M3626FBNEMQSCE773G4EQGFC""}}}",4,"{""X-Ratelimit-Limit-Requests"":""30"",""X-Ratelimit-Limit-Tokens"":""250000"",""X-Ratelimit-Remaining-Requests"":""0"",""X-Ratelimit-Remaining-Tokens"":""209764"",""X-Ratelimit-Reset-Requests"":""4s"",""X-Ratelimit-Reset-Tokens"":""4s""}",100.38
choice/4/042/vercel,vercel,choice,4,42,1,429,false,HTTP 429,"{""error"":{""message"":""The upstream provider is currently experiencing high demand. Please retry shortly."",""type"":""rate_limit_exceeded"",""param"":{""error"":""The upstream provider is currently experiencing high demand. Please retry shortly."",""type"":""rate_limit_exceeded"",""statusCode"":429,""name"":""RateLimitExceededError"",""message"":""The upstream provider is currently experiencing high demand. Please retry shortly.""}},""providerMetadata"":{""gateway"":{""routing"":{""originalModelId"":""typesafe-ai/jev"",""resolvedProvider"":""typesafe-ai"",""fallbacksAvailable"":[],""canonicalSlug"":""typesafe-ai/jev"",""modelAttemptCount"":1,""modelAttempts"":[{""canonicalSlug"":""typesafe-ai/jev"",""success"":false,""providerAttemptCount"":0,""providerAttempts"":[]}],""totalProviderAttemptCount"":0},""generationId"":""gen_01M3626G75Q9Z7EKQM5KN49KC1""}}}",3,"{""X-Ratelimit-Limit-Requests"":""30"",""X-Ratelimit-Limit-Tokens"":""250000"",""X-Ratelimit-Remaining-Requests"":""0"",""X-Ratelimit-Remaining-Tokens"":""208789"",""X-Ratelimit-Reset-Requests"":""3s"",""X-Ratelimit-Reset-Tokens"":""3s""}",94.75
choice/4/044/vercel,vercel,choice,4,44,1,429,false,HTTP 429,"{""error"":{""message"":""The upstream provider is currently experiencing high demand. Please retry shortly."",""type"":""rate_limit_exceeded"",""param"":{""error"":""The upstream provider is currently experiencing high demand. Please retry shortly."",""type"":""rate_limit_exceeded"",""statusCode"":429,""name"":""RateLimitExceededError"",""message"":""The upstream provider is currently experiencing high demand. Please retry shortly.""}},""providerMetadata"":{""gateway"":{""routing"":{""originalModelId"":""typesafe-ai/jev"",""resolvedProvider"":""typesafe-ai"",""fallbacksAvailable"":[],""canonicalSlug"":""typesafe-ai/jev"",""modelAttemptCount"":1,""modelAttempts"":[{""canonicalSlug"":""typesafe-ai/jev"",""success"":false,""providerAttemptCount"":0,""providerAttempts"":[]}],""totalProviderAttemptCount"":0},""generationId"":""gen_01M3626J16QR6JE6PHRGNT4KWN""}}}",1,"{""X-Ratelimit-Limit-Requests"":""30"",""X-Ratelimit-Limit-Tokens"":""250000"",""X-Ratelimit-Remaining-Requests"":""0"",""X-Ratelimit-Remaining-Tokens"":""208414"",""X-Ratelimit-Reset-Requests"":""1s"",""X-Ratelimit-Reset-Tokens"":""1s""}",117.71
choice/4/045/vercel,vercel,choice,4,45,1,503,false,HTTP 503,"{""error"":{""message"":""Service temporarily unavailable. Please try again shortly."",""type"":""service_unavailable_error"",""param"":{""error"":""Service temporarily unavailable. Please try again shortly."",""type"":""service_unavailable_error"",""statusCode"":503}},""providerMetadata"":{""gateway"":{""routing"":{""originalModelId"":""typesafe-ai/jev"",""resolvedProvider"":""typesafe-ai"",""fallbacksAvailable"":[],""canonicalSlug"":""typesafe-ai/jev"",""modelAttemptCount"":1,""modelAttempts"":[{""canonicalSlug"":""typesafe-ai/jev"",""success"":false,""providerAttemptCount"":1,""providerAttempts"":[{""provider"":""typesafe-ai"",""credentialType"":""system"",""success"":false,""error"":""Service temporarily unavailable"",""startTime"":1790131260332,""endTime"":1790131260436,""statusCode"":503}]}],""totalProviderAttemptCount"":1},""generationId"":""gen_01M3626JWEA4BA1XMA4R5GGEQ3""}}}",,null,196.11
choice/4/046/vercel,vercel,choice,4,46,1,429,false,HTTP 429,"{""error"":{""message"":""The upstream provider is currently experiencing high demand. Please retry shortly."",""type"":""rate_limit_exceeded"",""param"":{""error"":""The upstream provider is currently experiencing high demand. Please retry shortly."",""type"":""rate_limit_exceeded"",""statusCode"":429,""name"":""RateLimitExceededError"",""message"":""The upstream provider is currently experiencing high demand. Please retry shortly.""}},""providerMetadata"":{""gateway"":{""routing"":{""originalModelId"":""typesafe-ai/jev"",""resolvedProvider"":""typesafe-ai"",""fallbacksAvailable"":[],""canonicalSlug"":""typesafe-ai/jev"",""modelAttemptCount"":1,""modelAttempts"":[{""canonicalSlug"":""typesafe-ai/jev"",""success"":false,""providerAttemptCount"":0,""providerAttempts"":[]}],""totalProviderAttemptCount"":0},""generationId"":""gen_01M3626KD899ZV1A7TFBW5M6S0""}}}",60,"{""X-Ratelimit-Limit-Requests"":""30"",""X-Ratelimit-Limit-Tokens"":""250000"",""X-Ratelimit-Remaining-Requests"":""0"",""X-Ratelimit-Remaining-Tokens"":""209313"",""X-Ratelimit-Reset-Requests"":""60s"",""X-Ratelimit-Reset-Tokens"":""60s""}",208.19
choice/4/047/vercel,vercel,choice,4,47,1,429,false,HTTP 429,"{""error"":{""message"":""The upstream provider is currently experiencing high demand. Please retry shortly."",""type"":""rate_limit_exceeded"",""param"":{""error"":""The upstream provider is currently experiencing high demand. Please retry shortly."",""type"":""rate_limit_exceeded"",""statusCode"":429,""name"":""RateLimitExceededError"",""message"":""The upstream provider is currently experiencing high demand. Please retry shortly.""}},""providerMetadata"":{""gateway"":{""routing"":{""originalModelId"":""typesafe-ai/jev"",""resolvedProvider"":""typesafe-ai"",""fallbacksAvailable"":[],""canonicalSlug"":""typesafe-ai/jev"",""modelAttemptCount"":1,""modelAttempts"":[{""canonicalSlug"":""typesafe-ai/jev"",""success"":false,""providerAttemptCount"":0,""providerAttempts"":[]}],""totalProviderAttemptCount"":0},""generationId"":""gen_01M3626KZ00YZCQENYCZ45NVQE""}}}",59,"{""X-Ratelimit-Limit-Requests"":""30"",""X-Ratelimit-Limit-Tokens"":""250000"",""X-Ratelimit-Remaining-Requests"":""0"",""X-Ratelimit-Remaining-Tokens"":""209705"",""X-Ratelimit-Reset-Requests"":""59s"",""X-Ratelimit-Reset-Tokens"":""59s""}",86.64
choice/4/049/vercel,vercel,choice,4,49,1,429,false,HTTP 429,"{""error"":{""message"":""The upstream provider is currently experiencing high demand. Please retry shortly."",""type"":""rate_limit_exceeded"",""param"":{""error"":""The upstream provider is currently experiencing high demand. Please retry shortly."",""type"":""rate_limit_exceeded"",""statusCode"":429,""name"":""RateLimitExceededError"",""message"":""The upstream provider is currently experiencing high demand. Please retry shortly.""}},""providerMetadata"":{""gateway"":{""routing"":{""originalModelId"":""typesafe-ai/jev"",""resolvedProvider"":""typesafe-ai"",""fallbacksAvailable"":[],""canonicalSlug"":""typesafe-ai/jev"",""modelAttemptCount"":1,""modelAttempts"":[{""canonicalSlug"":""typesafe-ai/jev"",""success"":false,""providerAttemptCount"":0,""providerAttempts"":[]}],""totalProviderAttemptCount"":0},""generationId"":""gen_01M3626NN46FJS7QP5T6DFCM93""}}}",57,"{""X-Ratelimit-Limit-Requests"":""30"",""X-Ratelimit-Limit-Tokens"":""250000"",""X-Ratelimit-Remaining-Requests"":""0"",""X-Ratelimit-Remaining-Tokens"":""209414"",""X-Ratelimit-Reset-Requests"":""57s"",""X-Ratelimit-Reset-Tokens"":""57s""}",80.21
score/4/001/vercel,vercel,score,4,1,1,429,false,HTTP 429,"{""error"":{""message"":""The upstream provider is currently experiencing high demand. Please retry shortly."",""type"":""rate_limit_exceeded"",""param"":{""error"":""The upstream provider is currently experiencing high demand. Please retry shortly."",""type"":""rate_limit_exceeded"",""statusCode"":429,""name"":""RateLimitExceededError"",""message"":""The upstream provider is currently experiencing high demand. Please retry shortly.""}},""providerMetadata"":{""gateway"":{""routing"":{""originalModelId"":""typesafe-ai/jev"",""resolvedProvider"":""typesafe-ai"",""fallbacksAvailable"":[],""canonicalSlug"":""typesafe-ai/jev"",""modelAttemptCount"":1,""modelAttempts"":[{""canonicalSlug"":""typesafe-ai/jev"",""success"":false,""providerAttemptCount"":0,""providerAttempts"":[]}],""totalProviderAttemptCount"":0},""generationId"":""gen_01M3626QKQ0908E7PHQ2RK8FBX""}}}",55,"{""X-Ratelimit-Limit-Requests"":""30"",""X-Ratelimit-Limit-Tokens"":""250000"",""X-Ratelimit-Remaining-Requests"":""0"",""X-Ratelimit-Remaining-Tokens"":""209277"",""X-Ratelimit-Reset-Requests"":""55s"",""X-Ratelimit-Reset-Tokens"":""55s""}",95.81
score/4/003/vercel,vercel,score,4,3,1,429,false,HTTP 429,"{""error"":{""message"":""The upstream provider is currently experiencing high demand. Please retry shortly."",""type"":""rate_limit_exceeded"",""param"":{""error"":""The upstream provider is currently experiencing high demand. Please retry shortly."",""type"":""rate_limit_exceeded"",""statusCode"":429,""name"":""RateLimitExceededError"",""message"":""The upstream provider is currently experiencing high demand. Please retry shortly.""}},""providerMetadata"":{""gateway"":{""routing"":{""originalModelId"":""typesafe-ai/jev"",""resolvedProvider"":""typesafe-ai"",""fallbacksAvailable"":[],""canonicalSlug"":""typesafe-ai/jev"",""modelAttemptCount"":1,""modelAttempts"":[{""canonicalSlug"":""typesafe-ai/jev"",""success"":false,""providerAttemptCount"":0,""providerAttempts"":[]}],""totalProviderAttemptCount"":0},""generationId"":""gen_01M3626SWKEMVNPXGE1J031H1J""}}}",53,"{""X-Ratelimit-Limit-Requests"":""30"",""X-Ratelimit-Limit-Tokens"":""250000"",""X-Ratelimit-Remaining-Requests"":""0"",""X-Ratelimit-Remaining-Tokens"":""209346"",""X-Ratelimit-Reset-Requests"":""53s"",""X-Ratelimit-Reset-Tokens"":""53s""}",82.24
score/4/005/vercel,vercel,score,4,5,1,429,false,HTTP 429,"{""error"":{""message"":""The upstream provider is currently experiencing high demand. Please retry shortly."",""type"":""rate_limit_exceeded"",""param"":{""error"":""The upstream provider is currently experiencing high demand. Please retry shortly."",""type"":""rate_limit_exceeded"",""statusCode"":429,""name"":""RateLimitExceededError"",""message"":""The upstream provider is currently experiencing high demand. Please retry shortly.""}},""providerMetadata"":{""gateway"":{""routing"":{""originalModelId"":""typesafe-ai/jev"",""resolvedProvider"":""typesafe-ai"",""fallbacksAvailable"":[],""canonicalSlug"":""typesafe-ai/jev"",""modelAttemptCount"":1,""modelAttempts"":[{""canonicalSlug"":""typesafe-ai/jev"",""success"":false,""providerAttemptCount"":0,""providerAttempts"":[]}],""totalProviderAttemptCount"":0},""generationId"":""gen_01M3626V1DXAYX8NBTGTQ5XM6R""}}}",52,"{""X-Ratelimit-Limit-Requests"":""30"",""X-Ratelimit-Limit-Tokens"":""250000"",""X-Ratelimit-Remaining-Requests"":""0"",""X-Ratelimit-Remaining-Tokens"":""208629"",""X-Ratelimit-Reset-Requests"":""52s"",""X-Ratelimit-Reset-Tokens"":""52s""}",82.07
score/4/006/vercel,vercel,score,4,6,1,429,false,HTTP 429,"{""error"":{""message"":""The upstream provider is currently experiencing high demand. Please retry shortly."",""type"":""rate_limit_exceeded"",""param"":{""error"":""The upstream provider is currently experiencing high demand. Please retry shortly."",""type"":""rate_limit_exceeded"",""statusCode"":429,""name"":""RateLimitExceededError"",""message"":""The upstream provider is currently experiencing high demand. Please retry shortly.""}},""providerMetadata"":{""gateway"":{""routing"":{""originalModelId"":""typesafe-ai/jev"",""resolvedProvider"":""typesafe-ai"",""fallbacksAvailable"":[],""canonicalSlug"":""typesafe-ai/jev"",""modelAttemptCount"":1,""modelAttempts"":[{""canonicalSlug"":""typesafe-ai/jev"",""success"":false,""providerAttemptCount"":0,""providerAttempts"":[]}],""totalProviderAttemptCount"":0},""generationId"":""gen_01M3626VT02Y5VH99936FZE8RB""}}}",51,"{""X-Ratelimit-Limit-Requests"":""30"",""X-Ratelimit-Limit-Tokens"":""250000"",""X-Ratelimit-Remaining-Requests"":""0"",""X-Ratelimit-Remaining-Tokens"":""209177"",""X-Ratelimit-Reset-Requests"":""51s"",""X-Ratelimit-Reset-Tokens"":""51s""}",99.99
score/4/008/vercel,vercel,score,4,8,1,429,false,HTTP 429,"{""error"":{""message"":""The upstream provider is currently experiencing high demand. Please retry shortly."",""type"":""rate_limit_exceeded"",""param"":{""error"":""The upstream provider is currently experiencing high demand. Please retry shortly."",""type"":""rate_limit_exceeded"",""statusCode"":429,""name"":""RateLimitExceededError"",""message"":""The upstream provider is currently experiencing high demand. Please retry shortly.""}},""providerMetadata"":{""gateway"":{""routing"":{""originalModelId"":""typesafe-ai/jev"",""resolvedProvider"":""typesafe-ai"",""fallbacksAvailable"":[],""canonicalSlug"":""typesafe-ai/jev"",""modelAttemptCount"":1,""modelAttempts"":[{""canonicalSlug"":""typesafe-ai/jev"",""success"":false,""providerAttemptCount"":0,""providerAttempts"":[]}],""totalProviderAttemptCount"":0},""generationId"":""gen_01M3626XQP0DT648VDCC14X7TP""}}}",49,"{""X-Ratelimit-Limit-Requests"":""30"",""X-Ratelimit-Limit-Tokens"":""250000"",""X-Ratelimit-Remaining-Requests"":""0"",""X-Ratelimit-Remaining-Tokens"":""209008"",""X-Ratelimit-Reset-Requests"":""49s"",""X-Ratelimit-Reset-Tokens"":""49s""}",89.00
score/4/010/vercel,vercel,score,4,10,1,429,false,HTTP 429,"{""error"":{""message"":""The upstream provider is currently experiencing high demand. Please retry shortly."",""type"":""rate_limit_exceeded"",""param"":{""error"":""The upstream provider is currently experiencing high demand. Please retry shortly."",""type"":""rate_limit_exceeded"",""statusCode"":429,""name"":""RateLimitExceededError"",""message"":""The upstream provider is currently experiencing high demand. Please retry shortly.""}},""providerMetadata"":{""gateway"":{""routing"":{""originalModelId"":""typesafe-ai/jev"",""resolvedProvider"":""typesafe-ai"",""fallbacksAvailable"":[],""canonicalSlug"":""typesafe-ai/jev"",""modelAttemptCount"":1,""modelAttempts"":[{""canonicalSlug"":""typesafe-ai/jev"",""success"":false,""providerAttemptCount"":0,""providerAttempts"":[]}],""totalProviderAttemptCount"":0},""generationId"":""gen_01M3626ZMZJTBTDXVKGBETAZPW""}}}",47,"{""X-Ratelimit-Limit-Requests"":""30"",""X-Ratelimit-Limit-Tokens"":""250000"",""X-Ratelimit-Remaining-Requests"":""0"",""X-Ratelimit-Remaining-Tokens"":""208629"",""X-Ratelimit-Reset-Requests"":""47s"",""X-Ratelimit-Reset-Tokens"":""47s""}",88.75
score/4/011/vercel,vercel,score,4,11,1,429,false,HTTP 429,"{""error"":{""message"":""The upstream provider is currently experiencing high demand. Please retry shortly."",""type"":""rate_limit_exceeded"",""param"":{""error"":""The upstream provider is currently experiencing high demand. Please retry shortly."",""type"":""rate_limit_exceeded"",""statusCode"":429,""name"":""RateLimitExceededError"",""message"":""The upstream provider is currently experiencing high demand. Please retry shortly.""}},""providerMetadata"":{""gateway"":{""routing"":{""originalModelId"":""typesafe-ai/jev"",""resolvedProvider"":""typesafe-ai"",""fallbacksAvailable"":[],""canonicalSlug"":""typesafe-ai/jev"",""modelAttemptCount"":1,""modelAttempts"":[{""canonicalSlug"":""typesafe-ai/jev"",""success"":false,""providerAttemptCount"":0,""providerAttempts"":[]}],""totalProviderAttemptCount"":0},""generationId"":""gen_01M3626ZYFMN8X7M1RMDE7KT9W""}}}",47,"{""X-Ratelimit-Limit-Requests"":""30"",""X-Ratelimit-Limit-Tokens"":""250000"",""X-Ratelimit-Remaining-Requests"":""0"",""X-Ratelimit-Remaining-Tokens"":""209030"",""X-Ratelimit-Reset-Requests"":""47s"",""X-Ratelimit-Reset-Tokens"":""47s""}",100.24
score/4/013/vercel,vercel,score,4,13,1,429,false,HTTP 429,"{""error"":{""message"":""The upstream provider is currently experiencing high demand. Please retry shortly."",""type"":""rate_limit_exceeded"",""param"":{""error"":""The upstream provider is currently experiencing high demand. Please retry shortly."",""type"":""rate_limit_exceeded"",""statusCode"":429,""name"":""RateLimitExceededError"",""message"":""The upstream provider is currently experiencing high demand. Please retry shortly.""}},""providerMetadata"":{""gateway"":{""routing"":{""originalModelId"":""typesafe-ai/jev"",""resolvedProvider"":""typesafe-ai"",""fallbacksAvailable"":[],""canonicalSlug"":""typesafe-ai/jev"",""modelAttemptCount"":1,""modelAttempts"":[{""canonicalSlug"":""typesafe-ai/jev"",""success"":false,""providerAttemptCount"":0,""providerAttempts"":[]}],""totalProviderAttemptCount"":0},""generationId"":""gen_01M36271Y618VKN11BPARTQTJQ""}}}",45,"{""X-Ratelimit-Limit-Requests"":""30"",""X-Ratelimit-Limit-Tokens"":""250000"",""X-Ratelimit-Remaining-Requests"":""0"",""X-Ratelimit-Remaining-Tokens"":""208917"",""X-Ratelimit-Reset-Requests"":""45s"",""X-Ratelimit-Reset-Tokens"":""45s""}",83.74
score/4/015/vercel,vercel,score,4,15,1,429,false,HTTP 429,"{""error"":{""message"":""The upstream provider is currently experiencing high demand. Please retry shortly."",""type"":""rate_limit_exceeded"",""param"":{""error"":""The upstream provider is currently experiencing high demand. Please retry shortly."",""type"":""rate_limit_exceeded"",""statusCode"":429,""name"":""RateLimitExceededError"",""message"":""The upstream provider is currently experiencing high demand. Please retry shortly.""}},""providerMetadata"":{""gateway"":{""routing"":{""originalModelId"":""typesafe-ai/jev"",""resolvedProvider"":""typesafe-ai"",""fallbacksAvailable"":[],""canonicalSlug"":""typesafe-ai/jev"",""modelAttemptCount"":1,""modelAttempts"":[{""canonicalSlug"":""typesafe-ai/jev"",""success"":false,""providerAttemptCount"":0,""providerAttempts"":[]}],""totalProviderAttemptCount"":0},""generationId"":""gen_01M3627386M14Q27SJK44FJWQP""}}}",43,"{""X-Ratelimit-Limit-Requests"":""30"",""X-Ratelimit-Limit-Tokens"":""250000"",""X-Ratelimit-Remaining-Requests"":""0"",""X-Ratelimit-Remaining-Tokens"":""208320"",""X-Ratelimit-Reset-Requests"":""43s"",""X-Ratelimit-Reset-Tokens"":""43s""}",91.51
score/4/016/vercel,vercel,score,4,16,1,429,false,HTTP 429,"{""error"":{""message"":""The upstream provider is currently experiencing high demand. Please retry shortly."",""type"":""rate_limit_exceeded"",""param"":{""error"":""The upstream provider is currently experiencing high demand. Please retry shortly."",""type"":""rate_limit_exceeded"",""statusCode"":429,""name"":""RateLimitExceededError"",""message"":""The upstream provider is currently experiencing high demand. Please retry shortly.""}},""providerMetadata"":{""gateway"":{""routing"":{""originalModelId"":""typesafe-ai/jev"",""resolvedProvider"":""typesafe-ai"",""fallbacksAvailable"":[],""canonicalSlug"":""typesafe-ai/jev"",""modelAttemptCount"":1,""modelAttempts"":[{""canonicalSlug"":""typesafe-ai/jev"",""success"":false,""providerAttemptCount"":0,""providerAttempts"":[]}],""totalProviderAttemptCount"":0},""generationId"":""gen_01M36273JBXXG49ZA034N8X89K""}}}",43,"{""X-Ratelimit-Limit-Requests"":""30"",""X-Ratelimit-Limit-Tokens"":""250000"",""X-Ratelimit-Remaining-Requests"":""0"",""X-Ratelimit-Remaining-Tokens"":""209619"",""X-Ratelimit-Reset-Requests"":""43s"",""X-Ratelimit-Reset-Tokens"":""43s""}",81.00
score/4/018/vercel,vercel,score,4,18,1,429,false,HTTP 429,"{""error"":{""message"":""The upstream provider is currently experiencing high demand. Please retry shortly."",""type"":""rate_limit_exceeded"",""param"":{""error"":""The upstream provider is currently experiencing high demand. Please retry shortly."",""type"":""rate_limit_exceeded"",""statusCode"":429,""name"":""RateLimitExceededError"",""message"":""The upstream provider is currently experiencing high demand. Please retry shortly.""}},""providerMetadata"":{""gateway"":{""routing"":{""originalModelId"":""typesafe-ai/jev"",""resolvedProvider"":""typesafe-ai"",""fallbacksAvailable"":[],""canonicalSlug"":""typesafe-ai/jev"",""modelAttemptCount"":1,""modelAttempts"":[{""canonicalSlug"":""typesafe-ai/jev"",""success"":false,""providerAttemptCount"":0,""providerAttempts"":[]}],""totalProviderAttemptCount"":0},""generationId"":""gen_01M36275NXH18QYM9JDKNQ2KAJ""}}}",41,"{""X-Ratelimit-Limit-Requests"":""30"",""X-Ratelimit-Limit-Tokens"":""250000"",""X-Ratelimit-Remaining-Requests"":""0"",""X-Ratelimit-Remaining-Tokens"":""208510"",""X-Ratelimit-Reset-Requests"":""41s"",""X-Ratelimit-Reset-Tokens"":""41s""}",107.68
score/4/019/vercel,vercel,score,4,19,1,429,false,HTTP 429,"{""error"":{""message"":""The upstream provider is currently experiencing high demand. Please retry shortly."",""type"":""rate_limit_exceeded"",""param"":{""error"":""The upstream provider is currently experiencing high demand. Please retry shortly."",""type"":""rate_limit_exceeded"",""statusCode"":429,""name"":""RateLimitExceededError"",""message"":""The upstream provider is currently experiencing high demand. Please retry shortly.""}},""providerMetadata"":{""gateway"":{""routing"":{""originalModelId"":""typesafe-ai/jev"",""resolvedProvider"":""typesafe-ai"",""fallbacksAvailable"":[],""canonicalSlug"":""typesafe-ai/jev"",""modelAttemptCount"":1,""modelAttempts"":[{""canonicalSlug"":""typesafe-ai/jev"",""success"":false,""providerAttemptCount"":0,""providerAttempts"":[]}],""totalProviderAttemptCount"":0},""generationId"":""gen_01M36275ZKXYWSP87H83RHJDFQ""}}}",41,"{""X-Ratelimit-Limit-Requests"":""30"",""X-Ratelimit-Limit-Tokens"":""250000"",""X-Ratelimit-Remaining-Requests"":""0"",""X-Ratelimit-Remaining-Tokens"":""208708"",""X-Ratelimit-Reset-Requests"":""41s"",""X-Ratelimit-Reset-Tokens"":""41s""}",103.96
score/4/021/vercel,vercel,score,4,21,1,429,false,HTTP 429,"{""error"":{""message"":""The upstream provider is currently experiencing high demand. Please retry shortly."",""type"":""rate_limit_exceeded"",""param"":{""error"":""The upstream provider is currently experiencing high demand. Please retry shortly."",""type"":""rate_limit_exceeded"",""statusCode"":429,""name"":""RateLimitExceededError"",""message"":""The upstream provider is currently experiencing high demand. Please retry shortly.""}},""providerMetadata"":{""gateway"":{""routing"":{""originalModelId"":""typesafe-ai/jev"",""resolvedProvider"":""typesafe-ai"",""fallbacksAvailable"":[],""canonicalSlug"":""typesafe-ai/jev"",""modelAttemptCount"":1,""modelAttempts"":[{""canonicalSlug"":""typesafe-ai/jev"",""success"":false,""providerAttemptCount"":0,""providerAttempts"":[]}],""totalProviderAttemptCount"":0},""generationId"":""gen_01M36277E6ZPN2T577WV3JMD5H""}}}",39,"{""X-Ratelimit-Limit-Requests"":""30"",""X-Ratelimit-Limit-Tokens"":""250000"",""X-Ratelimit-Remaining-Requests"":""0"",""X-Ratelimit-Remaining-Tokens"":""208209"",""X-Ratelimit-Reset-Requests"":""39s"",""X-Ratelimit-Reset-Tokens"":""39s""}",89.40
score/4/023/vercel,vercel,score,4,23,1,429,false,HTTP 429,"{""error"":{""message"":""The upstream provider is currently experiencing high demand. Please retry shortly."",""type"":""rate_limit_exceeded"",""param"":{""error"":""The upstream provider is currently experiencing high demand. Please retry shortly."",""type"":""rate_limit_exceeded"",""statusCode"":429,""name"":""RateLimitExceededError"",""message"":""The upstream provider is currently experiencing high demand. Please retry shortly.""}},""providerMetadata"":{""gateway"":{""routing"":{""originalModelId"":""typesafe-ai/jev"",""resolvedProvider"":""typesafe-ai"",""fallbacksAvailable"":[],""canonicalSlug"":""typesafe-ai/jev"",""modelAttemptCount"":1,""modelAttempts"":[{""canonicalSlug"":""typesafe-ai/jev"",""success"":false,""providerAttemptCount"":0,""providerAttempts"":[]}],""totalProviderAttemptCount"":0},""generationId"":""gen_01M36279BW8K2J947943N62T62""}}}",37,"{""X-Ratelimit-Limit-Requests"":""30"",""X-Ratelimit-Limit-Tokens"":""250000"",""X-Ratelimit-Remaining-Requests"":""0"",""X-Ratelimit-Remaining-Tokens"":""208048"",""X-Ratelimit-Reset-Requests"":""37s"",""X-Ratelimit-Reset-Tokens"":""37s""}",107.33
score/4/025/vercel,vercel,score,4,25,1,429,false,HTTP 429,"{""error"":{""message"":""The upstream provider is currently experiencing high demand. Please retry shortly."",""type"":""rate_limit_exceeded"",""param"":{""error"":""The upstream provider is currently experiencing high demand. Please retry shortly."",""type"":""rate_limit_exceeded"",""statusCode"":429,""name"":""RateLimitExceededError"",""message"":""The upstream provider is currently experiencing high demand. Please retry shortly.""}},""providerMetadata"":{""gateway"":{""routing"":{""originalModelId"":""typesafe-ai/jev"",""resolvedProvider"":""typesafe-ai"",""fallbacksAvailable"":[],""canonicalSlug"":""typesafe-ai/jev"",""modelAttemptCount"":1,""modelAttempts"":[{""canonicalSlug"":""typesafe-ai/jev"",""success"":false,""providerAttemptCount"":0,""providerAttempts"":[]}],""totalProviderAttemptCount"":0},""generationId"":""gen_01M3627AS6QRDJ039AF0GVDEDG""}}}",36,"{""X-Ratelimit-Limit-Requests"":""30"",""X-Ratelimit-Limit-Tokens"":""250000"",""X-Ratelimit-Remaining-Requests"":""0"",""X-Ratelimit-Remaining-Tokens"":""207514"",""X-Ratelimit-Reset-Requests"":""36s"",""X-Ratelimit-Reset-Tokens"":""36s""}",105.36
score/4/026/vercel,vercel,score,4,26,1,429,false,HTTP 429,"{""error"":{""message"":""The upstream provider is currently experiencing high demand. Please retry shortly."",""type"":""rate_limit_exceeded"",""param"":{""error"":""The upstream provider is currently experiencing high demand. Please retry shortly."",""type"":""rate_limit_exceeded"",""statusCode"":429,""name"":""RateLimitExceededError"",""message"":""The upstream provider is currently experiencing high demand. Please retry shortly.""}},""providerMetadata"":{""gateway"":{""routing"":{""originalModelId"":""typesafe-ai/jev"",""resolvedProvider"":""typesafe-ai"",""fallbacksAvailable"":[],""canonicalSlug"":""typesafe-ai/jev"",""modelAttemptCount"":1,""modelAttempts"":[{""canonicalSlug"":""typesafe-ai/jev"",""success"":false,""providerAttemptCount"":0,""providerAttempts"":[]}],""totalProviderAttemptCount"":0},""generationId"":""gen_01M3627BX0FCH2B9BVKQ405XKB""}}}",35,"{""X-Ratelimit-Limit-Requests"":""30"",""X-Ratelimit-Limit-Tokens"":""250000"",""X-Ratelimit-Remaining-Requests"":""0"",""X-Ratelimit-Remaining-Tokens"":""208301"",""X-Ratelimit-Reset-Requests"":""35s"",""X-Ratelimit-Reset-Tokens"":""35s""}",85.52
score/4/028/vercel,vercel,score,4,28,1,429,false,HTTP 429,"{""error"":{""message"":""The upstream provider is currently experiencing high demand. Please retry shortly."",""type"":""rate_limit_exceeded"",""param"":{""error"":""The upstream provider is currently experiencing high demand. Please retry shortly."",""type"":""rate_limit_exceeded"",""statusCode"":429,""name"":""RateLimitExceededError"",""message"":""The upstream provider is currently experiencing high demand. Please retry shortly.""}},""providerMetadata"":{""gateway"":{""routing"":{""originalModelId"":""typesafe-ai/jev"",""resolvedProvider"":""typesafe-ai"",""fallbacksAvailable"":[],""canonicalSlug"":""typesafe-ai/jev"",""modelAttemptCount"":1,""modelAttempts"":[{""canonicalSlug"":""typesafe-ai/jev"",""success"":false,""providerAttemptCount"":0,""providerAttempts"":[]}],""totalProviderAttemptCount"":0},""generationId"":""gen_01M3627DE9GMY14GH6TEK7QM4E""}}}",33,"{""X-Ratelimit-Limit-Requests"":""30"",""X-Ratelimit-Limit-Tokens"":""250000"",""X-Ratelimit-Remaining-Requests"":""0"",""X-Ratelimit-Remaining-Tokens"":""208048"",""X-Ratelimit-Reset-Requests"":""33s"",""X-Ratelimit-Reset-Tokens"":""33s""}",86.47
score/4/030/vercel,vercel,score,4,30,1,429,false,HTTP 429,"{""error"":{""message"":""The upstream provider is currently experiencing high demand. Please retry shortly."",""type"":""rate_limit_exceeded"",""param"":{""error"":""The upstream provider is currently experiencing high demand. Please retry shortly."",""type"":""rate_limit_exceeded"",""statusCode"":429,""name"":""RateLimitExceededError"",""message"":""The upstream provider is currently experiencing high demand. Please retry shortly.""}},""providerMetadata"":{""gateway"":{""routing"":{""originalModelId"":""typesafe-ai/jev"",""resolvedProvider"":""typesafe-ai"",""fallbacksAvailable"":[],""canonicalSlug"":""typesafe-ai/jev"",""modelAttemptCount"":1,""modelAttempts"":[{""canonicalSlug"":""typesafe-ai/jev"",""success"":false,""providerAttemptCount"":0,""providerAttempts"":[]}],""totalProviderAttemptCount"":0},""generationId"":""gen_01M3627ESYVNSGQ5BKN31FKT06""}}}",32,"{""X-Ratelimit-Limit-Requests"":""30"",""X-Ratelimit-Limit-Tokens"":""250000"",""X-Ratelimit-Remaining-Requests"":""0"",""X-Ratelimit-Remaining-Tokens"":""207321"",""X-Ratelimit-Reset-Requests"":""32s"",""X-Ratelimit-Reset-Tokens"":""32s""}",98.31
score/4/031/vercel,vercel,score,4,31,1,429,false,HTTP 429,"{""error"":{""message"":""The upstream provider is currently experiencing high demand. Please retry shortly."",""type"":""rate_limit_exceeded"",""param"":{""error"":""The upstream provider is currently experiencing high demand. Please retry shortly."",""type"":""rate_limit_exceeded"",""statusCode"":429,""name"":""RateLimitExceededError"",""message"":""The upstream provider is currently experiencing high demand. Please retry shortly.""}},""providerMetadata"":{""gateway"":{""routing"":{""originalModelId"":""typesafe-ai/jev"",""resolvedProvider"":""typesafe-ai"",""fallbacksAvailable"":[],""canonicalSlug"":""typesafe-ai/jev"",""modelAttemptCount"":1,""modelAttempts"":[{""canonicalSlug"":""typesafe-ai/jev"",""success"":false,""providerAttemptCount"":0,""providerAttempts"":[]}],""totalProviderAttemptCount"":0},""generationId"":""gen_01M3627F32MPQWW8EVC5J787K3""}}}",31,"{""X-Ratelimit-Limit-Requests"":""30"",""X-Ratelimit-Limit-Tokens"":""250000"",""X-Ratelimit-Remaining-Requests"":""0"",""X-Ratelimit-Remaining-Tokens"":""207499"",""X-Ratelimit-Reset-Requests"":""31s"",""X-Ratelimit-Reset-Tokens"":""31s""}",82.32
score/4/032/vercel,vercel,score,4,32,1,429,false,HTTP 429,"{""error"":{""message"":""The upstream provider is currently experiencing high demand. Please retry shortly."",""type"":""rate_limit_exceeded"",""param"":{""error"":""The upstream provider is currently experiencing high demand. Please retry shortly."",""type"":""rate_limit_exceeded"",""statusCode"":429,""name"":""RateLimitExceededError"",""message"":""The upstream provider is currently experiencing high demand. Please retry shortly.""}},""providerMetadata"":{""gateway"":{""routing"":{""originalModelId"":""typesafe-ai/jev"",""resolvedProvider"":""typesafe-ai"",""fallbacksAvailable"":[],""canonicalSlug"":""typesafe-ai/jev"",""modelAttemptCount"":1,""modelAttempts"":[{""canonicalSlug"":""typesafe-ai/jev"",""success"":false,""providerAttemptCount"":0,""providerAttempts"":[]}],""totalProviderAttemptCount"":0},""generationId"":""gen_01M3627FN3SFGNK7YQ8GW9589H""}}}",31,"{""X-Ratelimit-Limit-Requests"":""30"",""X-Ratelimit-Limit-Tokens"":""250000"",""X-Ratelimit-Remaining-Requests"":""0"",""X-Ratelimit-Remaining-Tokens"":""207892"",""X-Ratelimit-Reset-Requests"":""31s"",""X-Ratelimit-Reset-Tokens"":""31s""}",87.84
score/4/034/vercel,vercel,score,4,34,1,429,false,HTTP 429,"{""error"":{""message"":""The upstream provider is currently experiencing high demand. Please retry shortly."",""type"":""rate_limit_exceeded"",""param"":{""error"":""The upstream provider is currently experiencing high demand. Please retry shortly."",""type"":""rate_limit_exceeded"",""statusCode"":429,""name"":""RateLimitExceededError"",""message"":""The upstream provider is currently experiencing high demand. Please retry shortly.""}},""providerMetadata"":{""gateway"":{""routing"":{""originalModelId"":""typesafe-ai/jev"",""resolvedProvider"":""typesafe-ai"",""fallbacksAvailable"":[],""canonicalSlug"":""typesafe-ai/jev"",""modelAttemptCount"":1,""modelAttempts"":[{""canonicalSlug"":""typesafe-ai/jev"",""success"":false,""providerAttemptCount"":0,""providerAttempts"":[]}],""totalProviderAttemptCount"":0},""generationId"":""gen_01M3627HEWHTVY6M4KQAN5Y6K2""}}}",29,"{""X-Ratelimit-Limit-Requests"":""30"",""X-Ratelimit-Limit-Tokens"":""250000"",""X-Ratelimit-Remaining-Requests"":""0"",""X-Ratelimit-Remaining-Tokens"":""207647"",""X-Ratelimit-Reset-Requests"":""29s"",""X-Ratelimit-Reset-Tokens"":""29s""}",103.07
score/4/036/vercel,vercel,score,4,36,1,429,false,HTTP 429,"{""error"":{""message"":""The upstream provider is currently experiencing high demand. Please retry shortly."",""type"":""rate_limit_exceeded"",""param"":{""error"":""The upstream provider is currently experiencing high demand. Please retry shortly."",""type"":""rate_limit_exceeded"",""statusCode"":429,""name"":""RateLimitExceededError"",""message"":""The upstream provider is currently experiencing high demand. Please retry shortly.""}},""providerMetadata"":{""gateway"":{""routing"":{""originalModelId"":""typesafe-ai/jev"",""resolvedProvider"":""typesafe-ai"",""fallbacksAvailable"":[],""canonicalSlug"":""typesafe-ai/jev"",""modelAttemptCount"":1,""modelAttempts"":[{""canonicalSlug"":""typesafe-ai/jev"",""success"":false,""providerAttemptCount"":0,""providerAttempts"":[]}],""totalProviderAttemptCount"":0},""generationId"":""gen_01M3627KB9WNA7QFHKQQWPR9MC""}}}",27,"{""X-Ratelimit-Limit-Requests"":""30"",""X-Ratelimit-Limit-Tokens"":""250000"",""X-Ratelimit-Remaining-Requests"":""0"",""X-Ratelimit-Remaining-Tokens"":""207444"",""X-Ratelimit-Reset-Requests"":""27s"",""X-Ratelimit-Reset-Tokens"":""27s""}",85.08
score/4/037/vercel,vercel,score,4,37,1,429,false,HTTP 429,"{""error"":{""message"":""The upstream provider is currently experiencing high demand. Please retry shortly."",""type"":""rate_limit_exceeded"",""param"":{""error"":""The upstream provider is currently experiencing high demand. Please retry shortly."",""type"":""rate_limit_exceeded"",""statusCode"":429,""name"":""RateLimitExceededError"",""message"":""The upstream provider is currently experiencing high demand. Please retry shortly.""}},""providerMetadata"":{""gateway"":{""routing"":{""originalModelId"":""typesafe-ai/jev"",""resolvedProvider"":""typesafe-ai"",""fallbacksAvailable"":[],""canonicalSlug"":""typesafe-ai/jev"",""modelAttemptCount"":1,""modelAttempts"":[{""canonicalSlug"":""typesafe-ai/jev"",""success"":false,""providerAttemptCount"":0,""providerAttempts"":[]}],""totalProviderAttemptCount"":0},""generationId"":""gen_01M3627KMB6E5NFBM80FP91HH2""}}}",27,"{""X-Ratelimit-Limit-Requests"":""30"",""X-Ratelimit-Limit-Tokens"":""250000"",""X-Ratelimit-Remaining-Requests"":""0"",""X-Ratelimit-Remaining-Tokens"":""207640"",""X-Ratelimit-Reset-Requests"":""27s"",""X-Ratelimit-Reset-Tokens"":""27s""}",77.47
score/4/040/vercel,vercel,score,4,40,1,429,false,HTTP 429,"{""error"":{""message"":""The upstream provider is currently experiencing high demand. Please retry shortly."",""type"":""rate_limit_exceeded"",""param"":{""error"":""The upstream provider is currently experiencing high demand. Please retry shortly."",""type"":""rate_limit_exceeded"",""statusCode"":429,""name"":""RateLimitExceededError"",""message"":""The upstream provider is currently experiencing high demand. Please retry shortly.""}},""providerMetadata"":{""gateway"":{""routing"":{""originalModelId"":""typesafe-ai/jev"",""resolvedProvider"":""typesafe-ai"",""fallbacksAvailable"":[],""canonicalSlug"":""typesafe-ai/jev"",""modelAttemptCount"":1,""modelAttempts"":[{""canonicalSlug"":""typesafe-ai/jev"",""success"":false,""providerAttemptCount"":0,""providerAttempts"":[]}],""totalProviderAttemptCount"":0},""generationId"":""gen_01M3627P9T86TKGJKBJH2AQMCF""}}}",24,"{""X-Ratelimit-Limit-Requests"":""30"",""X-Ratelimit-Limit-Tokens"":""250000"",""X-Ratelimit-Remaining-Requests"":""0"",""X-Ratelimit-Remaining-Tokens"":""206471"",""X-Ratelimit-Reset-Requests"":""24s"",""X-Ratelimit-Reset-Tokens"":""24s""}",135.07
score/4/041/vercel,vercel,score,4,41,1,429,false,HTTP 429,"{""error"":{""message"":""The upstream provider is currently experiencing high demand. Please retry shortly."",""type"":""rate_limit_exceeded"",""param"":{""error"":""The upstream provider is currently experiencing high demand. Please retry shortly."",""type"":""rate_limit_exceeded"",""statusCode"":429,""name"":""RateLimitExceededError"",""message"":""The upstream provider is currently experiencing high demand. Please retry shortly.""}},""providerMetadata"":{""gateway"":{""routing"":{""originalModelId"":""typesafe-ai/jev"",""resolvedProvider"":""typesafe-ai"",""fallbacksAvailable"":[],""canonicalSlug"":""typesafe-ai/jev"",""modelAttemptCount"":1,""modelAttempts"":[{""canonicalSlug"":""typesafe-ai/jev"",""success"":false,""providerAttemptCount"":0,""providerAttempts"":[]}],""totalProviderAttemptCount"":0},""generationId"":""gen_01M3627QKZ0A94X437DZ91XSWP""}}}",23,"{""X-Ratelimit-Limit-Requests"":""30"",""X-Ratelimit-Limit-Tokens"":""250000"",""X-Ratelimit-Remaining-Requests"":""0"",""X-Ratelimit-Remaining-Tokens"":""207404"",""X-Ratelimit-Reset-Requests"":""23s"",""X-Ratelimit-Reset-Tokens"":""23s""}",83.88
score/4/043/vercel,vercel,score,4,43,1,429,false,HTTP 429,"{""error"":{""message"":""The upstream provider is currently experiencing high demand. Please retry shortly."",""type"":""rate_limit_exceeded"",""param"":{""error"":""The upstream provider is currently experiencing high demand. Please retry shortly."",""type"":""rate_limit_exceeded"",""statusCode"":429,""name"":""RateLimitExceededError"",""message"":""The upstream provider is currently experiencing high demand. Please retry shortly.""}},""providerMetadata"":{""gateway"":{""routing"":{""originalModelId"":""typesafe-ai/jev"",""resolvedProvider"":""typesafe-ai"",""fallbacksAvailable"":[],""canonicalSlug"":""typesafe-ai/jev"",""modelAttemptCount"":1,""modelAttempts"":[{""canonicalSlug"":""typesafe-ai/jev"",""success"":false,""providerAttemptCount"":0,""providerAttempts"":[]}],""totalProviderAttemptCount"":0},""generationId"":""gen_01M3627SD6FY4G7PNFTVNY0WVS""}}}",21,"{""X-Ratelimit-Limit-Requests"":""30"",""X-Ratelimit-Limit-Tokens"":""250000"",""X-Ratelimit-Remaining-Requests"":""0"",""X-Ratelimit-Remaining-Tokens"":""207141"",""X-Ratelimit-Reset-Requests"":""21s"",""X-Ratelimit-Reset-Tokens"":""21s""}",95.13
score/4/045/vercel,vercel,score,4,45,1,429,false,HTTP 429,"{""error"":{""message"":""The upstream provider is currently experiencing high demand. Please retry shortly."",""type"":""rate_limit_exceeded"",""param"":{""error"":""The upstream provider is currently experiencing high demand. Please retry shortly."",""type"":""rate_limit_exceeded"",""statusCode"":429,""name"":""RateLimitExceededError"",""message"":""The upstream provider is currently experiencing high demand. Please retry shortly.""}},""providerMetadata"":{""gateway"":{""routing"":{""originalModelId"":""typesafe-ai/jev"",""resolvedProvider"":""typesafe-ai"",""fallbacksAvailable"":[],""canonicalSlug"":""typesafe-ai/jev"",""modelAttemptCount"":1,""modelAttempts"":[{""canonicalSlug"":""typesafe-ai/jev"",""success"":false,""providerAttemptCount"":0,""providerAttempts"":[]}],""totalProviderAttemptCount"":0},""generationId"":""gen_01M3627TVRFQH4J06FF0A4AET0""}}}",19,"{""X-Ratelimit-Limit-Requests"":""30"",""X-Ratelimit-Limit-Tokens"":""250000"",""X-Ratelimit-Remaining-Requests"":""0"",""X-Ratelimit-Remaining-Tokens"":""206643"",""X-Ratelimit-Reset-Requests"":""19s"",""X-Ratelimit-Reset-Tokens"":""19s""}",76.75
score/4/046/vercel,vercel,score,4,46,1,429,false,HTTP 429,"{""error"":{""message"":""The upstream provider is currently experiencing high demand. Please retry shortly."",""type"":""rate_limit_exceeded"",""param"":{""error"":""The upstream provider is currently experiencing high demand. Please retry shortly."",""type"":""rate_limit_exceeded"",""statusCode"":429,""name"":""RateLimitExceededError"",""message"":""The upstream provider is currently experiencing high demand. Please retry shortly.""}},""providerMetadata"":{""gateway"":{""routing"":{""originalModelId"":""typesafe-ai/jev"",""resolvedProvider"":""typesafe-ai"",""fallbacksAvailable"":[],""canonicalSlug"":""typesafe-ai/jev"",""modelAttemptCount"":1,""modelAttempts"":[{""canonicalSlug"":""typesafe-ai/jev"",""success"":false,""providerAttemptCount"":0,""providerAttempts"":[]}],""totalProviderAttemptCount"":0},""generationId"":""gen_01M3627V7TCX087TJSREF7G89X""}}}",19,"{""X-Ratelimit-Limit-Requests"":""30"",""X-Ratelimit-Limit-Tokens"":""250000"",""X-Ratelimit-Remaining-Requests"":""0"",""X-Ratelimit-Remaining-Tokens"":""206901"",""X-Ratelimit-Reset-Requests"":""19s"",""X-Ratelimit-Reset-Tokens"":""19s""}",83.07
score/4/048/vercel,vercel,score,4,48,1,429,false,HTTP 429,"{""error"":{""message"":""The upstream provider is currently experiencing high demand. Please retry shortly."",""type"":""rate_limit_exceeded"",""param"":{""error"":""The upstream provider is currently experiencing high demand. Please retry shortly."",""type"":""rate_limit_exceeded"",""statusCode"":429,""name"":""RateLimitExceededError"",""message"":""The upstream provider is currently experiencing high demand. Please retry shortly.""}},""providerMetadata"":{""gateway"":{""routing"":{""originalModelId"":""typesafe-ai/jev"",""resolvedProvider"":""typesafe-ai"",""fallbacksAvailable"":[],""canonicalSlug"":""typesafe-ai/jev"",""modelAttemptCount"":1,""modelAttempts"":[{""canonicalSlug"":""typesafe-ai/jev"",""success"":false,""providerAttemptCount"":0,""providerAttempts"":[]}],""totalProviderAttemptCount"":0},""generationId"":""gen_01M3627WVYK9K1VKGJHAXA17QN""}}}",17,"{""X-Ratelimit-Limit-Requests"":""30"",""X-Ratelimit-Limit-Tokens"":""250000"",""X-Ratelimit-Remaining-Requests"":""0"",""X-Ratelimit-Remaining-Tokens"":""206518"",""X-Ratelimit-Reset-Requests"":""17s"",""X-Ratelimit-Reset-Tokens"":""17s""}",101.73
score/4/049/vercel,vercel,score,4,49,1,429,false,HTTP 429,"{""error"":{""message"":""The upstream provider is currently experiencing high demand. Please retry shortly."",""type"":""rate_limit_exceeded"",""param"":{""error"":""The upstream provider is currently experiencing high demand. Please retry shortly."",""type"":""rate_limit_exceeded"",""statusCode"":429,""name"":""RateLimitExceededError"",""message"":""The upstream provider is currently experiencing high demand. Please retry shortly.""}},""providerMetadata"":{""gateway"":{""routing"":{""originalModelId"":""typesafe-ai/jev"",""resolvedProvider"":""typesafe-ai"",""fallbacksAvailable"":[],""canonicalSlug"":""typesafe-ai/jev"",""modelAttemptCount"":1,""modelAttempts"":[{""canonicalSlug"":""typesafe-ai/jev"",""success"":false,""providerAttemptCount"":0,""providerAttempts"":[]}],""totalProviderAttemptCount"":0},""generationId"":""gen_01M3627XEJAA9NGSF2X6ARAJKG""}}}",17,"{""X-Ratelimit-Limit-Requests"":""30"",""X-Ratelimit-Limit-Tokens"":""250000"",""X-Ratelimit-Remaining-Requests"":""0"",""X-Ratelimit-Remaining-Tokens"":""207141"",""X-Ratelimit-Reset-Requests"":""17s"",""X-Ratelimit-Reset-Tokens"":""17s""}",83.52
noul/16/001/vercel,vercel,noul,16,1,1,429,false,HTTP 429,"{""error"":{""message"":""The upstream provider is currently experiencing high demand. Please retry shortly."",""type"":""rate_limit_exceeded"",""param"":{""error"":""The upstream provider is currently experiencing high demand. Please retry shortly."",""type"":""rate_limit_exceeded"",""statusCode"":429,""name"":""RateLimitExceededError"",""message"":""The upstream provider is currently experiencing high demand. Please retry shortly.""}},""providerMetadata"":{""gateway"":{""routing"":{""originalModelId"":""typesafe-ai/jev"",""resolvedProvider"":""typesafe-ai"",""fallbacksAvailable"":[],""canonicalSlug"":""typesafe-ai/jev"",""modelAttemptCount"":1,""modelAttempts"":[{""canonicalSlug"":""typesafe-ai/jev"",""success"":false,""providerAttemptCount"":0,""providerAttempts"":[]}],""totalProviderAttemptCount"":0},""generationId"":""gen_01M3627Z9H2N2KYB4H3J2AAVPB""}}}",15,"{""X-Ratelimit-Limit-Requests"":""30"",""X-Ratelimit-Limit-Tokens"":""250000"",""X-Ratelimit-Remaining-Requests"":""0"",""X-Ratelimit-Remaining-Tokens"":""205800"",""X-Ratelimit-Reset-Requests"":""15s"",""X-Ratelimit-Reset-Tokens"":""15s""}",79.37
noul/16/003/vercel,vercel,noul,16,3,1,429,false,HTTP 429,"{""error"":{""message"":""The upstream provider is currently experiencing high demand. Please retry shortly."",""type"":""rate_limit_exceeded"",""param"":{""error"":""The upstream provider is currently experiencing high demand. Please retry shortly."",""type"":""rate_limit_exceeded"",""statusCode"":429,""name"":""RateLimitExceededError"",""message"":""The upstream provider is currently experiencing high demand. Please retry shortly.""}},""providerMetadata"":{""gateway"":{""routing"":{""originalModelId"":""typesafe-ai/jev"",""resolvedProvider"":""typesafe-ai"",""fallbacksAvailable"":[],""canonicalSlug"":""typesafe-ai/jev"",""modelAttemptCount"":1,""modelAttempts"":[{""canonicalSlug"":""typesafe-ai/jev"",""success"":false,""providerAttemptCount"":0,""providerAttempts"":[]}],""totalProviderAttemptCount"":0},""generationId"":""gen_01M362808FCYS2GJCMTK2R1W6C""}}}",14,"{""X-Ratelimit-Limit-Requests"":""30"",""X-Ratelimit-Limit-Tokens"":""250000"",""X-Ratelimit-Remaining-Requests"":""0"",""X-Ratelimit-Remaining-Tokens"":""204062"",""X-Ratelimit-Reset-Requests"":""14s"",""X-Ratelimit-Reset-Tokens"":""14s""}",118.04
noul/16/004/vercel,vercel,noul,16,4,1,429,false,HTTP 429,"{""error"":{""message"":""The upstream provider is currently experiencing high demand. Please retry shortly."",""type"":""rate_limit_exceeded"",""param"":{""error"":""The upstream provider is currently experiencing high demand. Please retry shortly."",""type"":""rate_limit_exceeded"",""statusCode"":429,""name"":""RateLimitExceededError"",""message"":""The upstream provider is currently experiencing high demand. Please retry shortly.""}},""providerMetadata"":{""gateway"":{""routing"":{""originalModelId"":""typesafe-ai/jev"",""resolvedProvider"":""typesafe-ai"",""fallbacksAvailable"":[],""canonicalSlug"":""typesafe-ai/jev"",""modelAttemptCount"":1,""modelAttempts"":[{""canonicalSlug"":""typesafe-ai/jev"",""success"":false,""providerAttemptCount"":0,""providerAttempts"":[]}],""totalProviderAttemptCount"":0},""generationId"":""gen_01M36280Y3BN0SE206RPEVHF67""}}}",13,"{""X-Ratelimit-Limit-Requests"":""30"",""X-Ratelimit-Limit-Tokens"":""250000"",""X-Ratelimit-Remaining-Requests"":""0"",""X-Ratelimit-Remaining-Tokens"":""205800"",""X-Ratelimit-Reset-Requests"":""13s"",""X-Ratelimit-Reset-Tokens"":""13s""}",100.45
noul/16/006/vercel,vercel,noul,16,6,1,429,false,HTTP 429,"{""error"":{""message"":""The upstream provider is currently experiencing high demand. Please retry shortly."",""type"":""rate_limit_exceeded"",""param"":{""error"":""The upstream provider is currently experiencing high demand. Please retry shortly."",""type"":""rate_limit_exceeded"",""statusCode"":429,""name"":""RateLimitExceededError"",""message"":""The upstream provider is currently experiencing high demand. Please retry shortly.""}},""providerMetadata"":{""gateway"":{""routing"":{""originalModelId"":""typesafe-ai/jev"",""resolvedProvider"":""typesafe-ai"",""fallbacksAvailable"":[],""canonicalSlug"":""typesafe-ai/jev"",""modelAttemptCount"":1,""modelAttempts"":[{""canonicalSlug"":""typesafe-ai/jev"",""success"":false,""providerAttemptCount"":0,""providerAttempts"":[]}],""totalProviderAttemptCount"":0},""generationId"":""gen_01M36282MHYJT4C9BQA6G6T6BP""}}}",11,"{""X-Ratelimit-Limit-Requests"":""30"",""X-Ratelimit-Limit-Tokens"":""250000"",""X-Ratelimit-Remaining-Requests"":""0"",""X-Ratelimit-Remaining-Tokens"":""203300"",""X-Ratelimit-Reset-Requests"":""11s"",""X-Ratelimit-Reset-Tokens"":""11s""}",92.84
noul/16/007/vercel,vercel,noul,16,7,1,429,false,HTTP 429,"{""error"":{""message"":""The upstream provider is currently experiencing high demand. Please retry shortly."",""type"":""rate_limit_exceeded"",""param"":{""error"":""The upstream provider is currently experiencing high demand. Please retry shortly."",""type"":""rate_limit_exceeded"",""statusCode"":429,""name"":""RateLimitExceededError"",""message"":""The upstream provider is currently experiencing high demand. Please retry shortly.""}},""providerMetadata"":{""gateway"":{""routing"":{""originalModelId"":""typesafe-ai/jev"",""resolvedProvider"":""typesafe-ai"",""fallbacksAvailable"":[],""canonicalSlug"":""typesafe-ai/jev"",""modelAttemptCount"":1,""modelAttempts"":[{""canonicalSlug"":""typesafe-ai/jev"",""success"":false,""providerAttemptCount"":0,""providerAttempts"":[]}],""totalProviderAttemptCount"":0},""generationId"":""gen_01M36282YVYSKV46P6PHSX7RWE""}}}",11,"{""X-Ratelimit-Limit-Requests"":""30"",""X-Ratelimit-Limit-Tokens"":""250000"",""X-Ratelimit-Remaining-Requests"":""0"",""X-Ratelimit-Remaining-Tokens"":""203530"",""X-Ratelimit-Reset-Requests"":""11s"",""X-Ratelimit-Reset-Tokens"":""11s""}",113.51
noul/16/008/vercel,vercel,noul,16,8,1,503,false,HTTP 503,"{""error"":{""message"":""Service temporarily unavailable. Please try again shortly."",""type"":""service_unavailable_error"",""param"":{""error"":""Service temporarily unavailable. Please try again shortly."",""type"":""service_unavailable_error"",""statusCode"":503}},""providerMetadata"":{""gateway"":{""routing"":{""originalModelId"":""typesafe-ai/jev"",""resolvedProvider"":""typesafe-ai"",""fallbacksAvailable"":[],""canonicalSlug"":""typesafe-ai/jev"",""modelAttemptCount"":1,""modelAttempts"":[{""canonicalSlug"":""typesafe-ai/jev"",""success"":false,""providerAttemptCount"":1,""providerAttempts"":[{""provider"":""typesafe-ai"",""credentialType"":""system"",""success"":false,""error"":""Service temporarily unavailable"",""startTime"":1790131310362,""endTime"":1790131310500,""statusCode"":503}]}],""totalProviderAttemptCount"":1},""generationId"":""gen_01M36283R2CQFNAP6FVPHA3ATY""}}}",,null,348.67
noul/16/009/vercel,vercel,noul,16,9,1,503,false,HTTP 503,"{""error"":{""message"":""Service temporarily unavailable. Please try again shortly."",""type"":""service_unavailable_error"",""param"":{""error"":""Service temporarily unavailable. Please try again shortly."",""type"":""service_unavailable_error"",""statusCode"":503}},""providerMetadata"":{""gateway"":{""routing"":{""originalModelId"":""typesafe-ai/jev"",""resolvedProvider"":""typesafe-ai"",""fallbacksAvailable"":[],""canonicalSlug"":""typesafe-ai/jev"",""modelAttemptCount"":1,""modelAttempts"":[{""canonicalSlug"":""typesafe-ai/jev"",""success"":false,""providerAttemptCount"":1,""providerAttempts"":[{""provider"":""typesafe-ai"",""credentialType"":""system"",""success"":false,""error"":""Service temporarily unavailable"",""startTime"":1790131316653,""endTime"":1790131316806,""statusCode"":503}]}],""totalProviderAttemptCount"":1},""generationId"":""gen_01M36289AJKY6TMH0PCB945XB3""}}}",,null,5807.51
noul/16/013/vercel,vercel,noul,16,13,1,503,false,HTTP 503,"{""error"":{""message"":""Service temporarily unavailable. Please try again shortly."",""type"":""service_unavailable_error"",""param"":{""error"":""Service temporarily unavailable. Please try again shortly."",""type"":""service_unavailable_error"",""statusCode"":503}},""providerMetadata"":{""gateway"":{""routing"":{""originalModelId"":""typesafe-ai/jev"",""resolvedProvider"":""typesafe-ai"",""fallbacksAvailable"":[],""canonicalSlug"":""typesafe-ai/jev"",""modelAttemptCount"":1,""modelAttempts"":[{""canonicalSlug"":""typesafe-ai/jev"",""success"":false,""providerAttemptCount"":1,""providerAttempts"":[{""provider"":""typesafe-ai"",""credentialType"":""system"",""success"":false,""error"":""Service temporarily unavailable"",""startTime"":1790131321280,""endTime"":1790131321381,""statusCode"":503}]}],""totalProviderAttemptCount"":1},""generationId"":""gen_01M3628EAYYY6GA55RDG6WMKTW""}}}",,null,312.63
noul/16/014/vercel,vercel,noul,16,14,1,429,false,HTTP 429,"{""error"":{""message"":""The upstream provider is currently experiencing high demand. Please retry shortly."",""type"":""rate_limit_exceeded"",""param"":{""error"":""The upstream provider is currently experiencing high demand. Please retry shortly."",""type"":""rate_limit_exceeded"",""statusCode"":429,""name"":""RateLimitExceededError"",""message"":""The upstream provider is currently experiencing high demand. Please retry shortly.""}},""providerMetadata"":{""gateway"":{""routing"":{""originalModelId"":""typesafe-ai/jev"",""resolvedProvider"":""typesafe-ai"",""fallbacksAvailable"":[],""canonicalSlug"":""typesafe-ai/jev"",""modelAttemptCount"":1,""modelAttempts"":[{""canonicalSlug"":""typesafe-ai/jev"",""success"":false,""providerAttemptCount"":0,""providerAttempts"":[]}],""totalProviderAttemptCount"":0},""generationId"":""gen_01M3628EVNH3WZ8M578069KKJ8""}}}",59,"{""X-Ratelimit-Limit-Requests"":""30"",""X-Ratelimit-Limit-Tokens"":""250000"",""X-Ratelimit-Remaining-Requests"":""0"",""X-Ratelimit-Remaining-Tokens"":""204719"",""X-Ratelimit-Reset-Requests"":""59s"",""X-Ratelimit-Reset-Tokens"":""59s""}",153.51
noul/16/016/vercel,vercel,noul,16,16,1,429,false,HTTP 429,"{""error"":{""message"":""The upstream provider is currently experiencing high demand. Please retry shortly."",""type"":""rate_limit_exceeded"",""param"":{""error"":""The upstream provider is currently experiencing high demand. Please retry shortly."",""type"":""rate_limit_exceeded"",""statusCode"":429,""name"":""RateLimitExceededError"",""message"":""The upstream provider is currently experiencing high demand. Please retry shortly.""}},""providerMetadata"":{""gateway"":{""routing"":{""originalModelId"":""typesafe-ai/jev"",""resolvedProvider"":""typesafe-ai"",""fallbacksAvailable"":[],""canonicalSlug"":""typesafe-ai/jev"",""modelAttemptCount"":1,""modelAttempts"":[{""canonicalSlug"":""typesafe-ai/jev"",""success"":false,""providerAttemptCount"":0,""providerAttempts"":[]}],""totalProviderAttemptCount"":0},""generationId"":""gen_01M3628H116CYBN771DFHXHMTN""}}}",57,"{""X-Ratelimit-Limit-Requests"":""30"",""X-Ratelimit-Limit-Tokens"":""250000"",""X-Ratelimit-Remaining-Requests"":""0"",""X-Ratelimit-Remaining-Tokens"":""203922"",""X-Ratelimit-Reset-Requests"":""57s"",""X-Ratelimit-Reset-Tokens"":""57s""}",119.48
noul/16/017/vercel,vercel,noul,16,17,1,503,false,HTTP 503,"{""error"":{""message"":""Service temporarily unavailable. Please try again shortly."",""type"":""service_unavailable_error"",""param"":{""error"":""Service temporarily unavailable. Please try again shortly."",""type"":""service_unavailable_error"",""statusCode"":503}},""providerMetadata"":{""gateway"":{""routing"":{""originalModelId"":""typesafe-ai/jev"",""resolvedProvider"":""typesafe-ai"",""fallbacksAvailable"":[],""canonicalSlug"":""typesafe-ai/jev"",""modelAttemptCount"":1,""modelAttempts"":[{""canonicalSlug"":""typesafe-ai/jev"",""success"":false,""providerAttemptCount"":1,""providerAttempts"":[{""provider"":""typesafe-ai"",""credentialType"":""system"",""success"":false,""error"":""Service temporarily unavailable"",""startTime"":1790131324302,""endTime"":1790131324426,""statusCode"":503}]}],""totalProviderAttemptCount"":1},""generationId"":""gen_01M3628HBPFP2CVF29VE1R63ZB""}}}",,null,214.05
noul/16/018/vercel,vercel,noul,16,18,1,429,false,HTTP 429,"{""error"":{""message"":""The upstream provider is currently experiencing high demand. Please retry shortly."",""type"":""rate_limit_exceeded"",""param"":{""error"":""The upstream provider is currently experiencing high demand. Please retry shortly."",""type"":""rate_limit_exceeded"",""statusCode"":429,""name"":""RateLimitExceededError"",""message"":""The upstream provider is currently experiencing high demand. Please retry shortly.""}},""providerMetadata"":{""gateway"":{""routing"":{""originalModelId"":""typesafe-ai/jev"",""resolvedProvider"":""typesafe-ai"",""fallbacksAvailable"":[],""canonicalSlug"":""typesafe-ai/jev"",""modelAttemptCount"":1,""modelAttempts"":[{""canonicalSlug"":""typesafe-ai/jev"",""success"":false,""providerAttemptCount"":0,""providerAttempts"":[]}],""totalProviderAttemptCount"":0},""generationId"":""gen_01M3628JQ8TN4RTMP56FY86FKR""}}}",55,"{""X-Ratelimit-Limit-Requests"":""30"",""X-Ratelimit-Limit-Tokens"":""250000"",""X-Ratelimit-Remaining-Requests"":""0"",""X-Ratelimit-Remaining-Tokens"":""204169"",""X-Ratelimit-Reset-Requests"":""55s"",""X-Ratelimit-Reset-Tokens"":""55s""}",127.54
noul/16/020/vercel,vercel,noul,16,20,1,429,false,HTTP 429,"{""error"":{""message"":""The upstream provider is currently experiencing high demand. Please retry shortly."",""type"":""rate_limit_exceeded"",""param"":{""error"":""The upstream provider is currently experiencing high demand. Please retry shortly."",""type"":""rate_limit_exceeded"",""statusCode"":429,""name"":""RateLimitExceededError"",""message"":""The upstream provider is currently experiencing high demand. Please retry shortly.""}},""providerMetadata"":{""gateway"":{""routing"":{""originalModelId"":""typesafe-ai/jev"",""resolvedProvider"":""typesafe-ai"",""fallbacksAvailable"":[],""canonicalSlug"":""typesafe-ai/jev"",""modelAttemptCount"":1,""modelAttempts"":[{""canonicalSlug"":""typesafe-ai/jev"",""success"":false,""providerAttemptCount"":0,""providerAttempts"":[]}],""totalProviderAttemptCount"":0},""generationId"":""gen_01M3628M0C8JFE6VZZE4H23K80""}}}",53,"{""X-Ratelimit-Limit-Requests"":""30"",""X-Ratelimit-Limit-Tokens"":""250000"",""X-Ratelimit-Remaining-Requests"":""0"",""X-Ratelimit-Remaining-Tokens"":""203922"",""X-Ratelimit-Reset-Requests"":""53s"",""X-Ratelimit-Reset-Tokens"":""53s""}",103.48
noul/16/021/vercel,vercel,noul,16,21,1,429,false,HTTP 429,"{""error"":{""message"":""The upstream provider is currently experiencing high demand. Please retry shortly."",""type"":""rate_limit_exceeded"",""param"":{""error"":""The upstream provider is currently experiencing high demand. Please retry shortly."",""type"":""rate_limit_exceeded"",""statusCode"":429,""name"":""RateLimitExceededError"",""message"":""The upstream provider is currently experiencing high demand. Please retry shortly.""}},""providerMetadata"":{""gateway"":{""routing"":{""originalModelId"":""typesafe-ai/jev"",""resolvedProvider"":""typesafe-ai"",""fallbacksAvailable"":[],""canonicalSlug"":""typesafe-ai/jev"",""modelAttemptCount"":1,""modelAttempts"":[{""canonicalSlug"":""typesafe-ai/jev"",""success"":false,""providerAttemptCount"":0,""providerAttempts"":[]}],""totalProviderAttemptCount"":0},""generationId"":""gen_01M3628N6JDVCB062ZW7EA9BBS""}}}",52,"{""X-Ratelimit-Limit-Requests"":""30"",""X-Ratelimit-Limit-Tokens"":""250000"",""X-Ratelimit-Remaining-Requests"":""0"",""X-Ratelimit-Remaining-Tokens"":""204656"",""X-Ratelimit-Reset-Requests"":""52s"",""X-Ratelimit-Reset-Tokens"":""52s""}",158.95
noul/16/024/vercel,vercel,noul,16,24,1,429,false,HTTP 429,"{""error"":{""message"":""The upstream provider is currently experiencing high demand. Please retry shortly."",""type"":""rate_limit_exceeded"",""param"":{""error"":""The upstream provider is currently experiencing high demand. Please retry shortly."",""type"":""rate_limit_exceeded"",""statusCode"":429,""name"":""RateLimitExceededError"",""message"":""The upstream provider is currently experiencing high demand. Please retry shortly.""}},""providerMetadata"":{""gateway"":{""routing"":{""originalModelId"":""typesafe-ai/jev"",""resolvedProvider"":""typesafe-ai"",""fallbacksAvailable"":[],""canonicalSlug"":""typesafe-ai/jev"",""modelAttemptCount"":1,""modelAttempts"":[{""canonicalSlug"":""typesafe-ai/jev"",""success"":false,""providerAttemptCount"":0,""providerAttempts"":[]}],""totalProviderAttemptCount"":0},""generationId"":""gen_01M3628RH0D8H10HEK3QDGEHRB""}}}",49,"{""X-Ratelimit-Limit-Requests"":""30"",""X-Ratelimit-Limit-Tokens"":""250000"",""X-Ratelimit-Remaining-Requests"":""0"",""X-Ratelimit-Remaining-Tokens"":""202281"",""X-Ratelimit-Reset-Requests"":""49s"",""X-Ratelimit-Reset-Tokens"":""49s""}",84.24
noul/16/025/vercel,vercel,noul,16,25,1,429,false,HTTP 429,"{""error"":{""message"":""The upstream provider is currently experiencing high demand. Please retry shortly."",""type"":""rate_limit_exceeded"",""param"":{""error"":""The upstream provider is currently experiencing high demand. Please retry shortly."",""type"":""rate_limit_exceeded"",""statusCode"":429,""name"":""RateLimitExceededError"",""message"":""The upstream provider is currently experiencing high demand. Please retry shortly.""}},""providerMetadata"":{""gateway"":{""routing"":{""originalModelId"":""typesafe-ai/jev"",""resolvedProvider"":""typesafe-ai"",""fallbacksAvailable"":[],""canonicalSlug"":""typesafe-ai/jev"",""modelAttemptCount"":1,""modelAttempts"":[{""canonicalSlug"":""typesafe-ai/jev"",""success"":false,""providerAttemptCount"":0,""providerAttempts"":[]}],""totalProviderAttemptCount"":0},""generationId"":""gen_01M3628RWSJVZXHS1AV2PFN3S5""}}}",48,"{""X-Ratelimit-Limit-Requests"":""30"",""X-Ratelimit-Limit-Tokens"":""250000"",""X-Ratelimit-Remaining-Requests"":""0"",""X-Ratelimit-Remaining-Tokens"":""204656"",""X-Ratelimit-Reset-Requests"":""48s"",""X-Ratelimit-Reset-Tokens"":""48s""}",188.73
noul/16/027/vercel,vercel,noul,16,27,1,429,false,HTTP 429,"{""error"":{""message"":""The upstream provider is currently experiencing high demand. Please retry shortly."",""type"":""rate_limit_exceeded"",""param"":{""error"":""The upstream provider is currently experiencing high demand. Please retry shortly."",""type"":""rate_limit_exceeded"",""statusCode"":429,""name"":""RateLimitExceededError"",""message"":""The upstream provider is currently experiencing high demand. Please retry shortly.""}},""providerMetadata"":{""gateway"":{""routing"":{""originalModelId"":""typesafe-ai/jev"",""resolvedProvider"":""typesafe-ai"",""fallbacksAvailable"":[],""canonicalSlug"":""typesafe-ai/jev"",""modelAttemptCount"":1,""modelAttempts"":[{""canonicalSlug"":""typesafe-ai/jev"",""success"":false,""providerAttemptCount"":0,""providerAttempts"":[]}],""totalProviderAttemptCount"":0},""generationId"":""gen_01M3628TSNTWPVFHSJ9YE1FD7Q""}}}",47,"{""X-Ratelimit-Limit-Requests"":""30"",""X-Ratelimit-Limit-Tokens"":""250000"",""X-Ratelimit-Remaining-Requests"":""0"",""X-Ratelimit-Remaining-Tokens"":""202281"",""X-Ratelimit-Reset-Requests"":""47s"",""X-Ratelimit-Reset-Tokens"":""47s""}",94.08
noul/16/028/vercel,vercel,noul,16,28,1,429,false,HTTP 429,"{""error"":{""message"":""The upstream provider is currently experiencing high demand. Please retry shortly."",""type"":""rate_limit_exceeded"",""param"":{""error"":""The upstream provider is currently experiencing high demand. Please retry shortly."",""type"":""rate_limit_exceeded"",""statusCode"":429,""name"":""RateLimitExceededError"",""message"":""The upstream provider is currently experiencing high demand. Please retry shortly.""}},""providerMetadata"":{""gateway"":{""routing"":{""originalModelId"":""typesafe-ai/jev"",""resolvedProvider"":""typesafe-ai"",""fallbacksAvailable"":[],""canonicalSlug"":""typesafe-ai/jev"",""modelAttemptCount"":1,""modelAttempts"":[{""canonicalSlug"":""typesafe-ai/jev"",""success"":false,""providerAttemptCount"":0,""providerAttempts"":[]}],""totalProviderAttemptCount"":0},""generationId"":""gen_01M3628V1YGYYQ6HY0Q1JWE9ES""}}}",46,"{""X-Ratelimit-Limit-Requests"":""30"",""X-Ratelimit-Limit-Tokens"":""250000"",""X-Ratelimit-Remaining-Requests"":""0"",""X-Ratelimit-Remaining-Tokens"":""203001"",""X-Ratelimit-Reset-Requests"":""46s"",""X-Ratelimit-Reset-Tokens"":""46s""}",79.97
noul/16/029/vercel,vercel,noul,16,29,1,503,false,HTTP 503,"{""error"":{""message"":""Service temporarily unavailable. Please try again shortly."",""type"":""service_unavailable_error"",""param"":{""error"":""Service temporarily unavailable. Please try again shortly."",""type"":""service_unavailable_error"",""statusCode"":503}},""providerMetadata"":{""gateway"":{""routing"":{""originalModelId"":""typesafe-ai/jev"",""resolvedProvider"":""typesafe-ai"",""fallbacksAvailable"":[],""canonicalSlug"":""typesafe-ai/jev"",""modelAttemptCount"":1,""modelAttempts"":[{""canonicalSlug"":""typesafe-ai/jev"",""success"":false,""providerAttemptCount"":1,""providerAttempts"":[{""provider"":""typesafe-ai"",""credentialType"":""system"",""success"":false,""error"":""Service temporarily unavailable"",""startTime"":1790131335587,""endTime"":1790131335688,""statusCode"":503}]}],""totalProviderAttemptCount"":1},""generationId"":""gen_01M3628WC8YYGCD05FNBYXABHN""}}}",,null,223.87
noul/16/030/vercel,vercel,noul,16,30,1,429,false,HTTP 429,"{""error"":{""message"":""The upstream provider is currently experiencing high demand. Please retry shortly."",""type"":""rate_limit_exceeded"",""param"":{""error"":""The upstream provider is currently experiencing high demand. Please retry shortly."",""type"":""rate_limit_exceeded"",""statusCode"":429,""name"":""RateLimitExceededError"",""message"":""The upstream provider is currently experiencing high demand. Please retry shortly.""}},""providerMetadata"":{""gateway"":{""routing"":{""originalModelId"":""typesafe-ai/jev"",""resolvedProvider"":""typesafe-ai"",""fallbacksAvailable"":[],""canonicalSlug"":""typesafe-ai/jev"",""modelAttemptCount"":1,""modelAttempts"":[{""canonicalSlug"":""typesafe-ai/jev"",""success"":false,""providerAttemptCount"":0,""providerAttempts"":[]}],""totalProviderAttemptCount"":0},""generationId"":""gen_01M3628WK40SQGF42NMC7ETB50""}}}",45,"{""X-Ratelimit-Limit-Requests"":""30"",""X-Ratelimit-Limit-Tokens"":""250000"",""X-Ratelimit-Remaining-Requests"":""0"",""X-Ratelimit-Remaining-Tokens"":""202916"",""X-Ratelimit-Reset-Requests"":""45s"",""X-Ratelimit-Reset-Tokens"":""45s""}",105.40
noul/16/032/vercel,vercel,noul,16,32,1,429,false,HTTP 429,"{""error"":{""message"":""The upstream provider is currently experiencing high demand. Please retry shortly."",""type"":""rate_limit_exceeded"",""param"":{""error"":""The upstream provider is currently experiencing high demand. Please retry shortly."",""type"":""rate_limit_exceeded"",""statusCode"":429,""name"":""RateLimitExceededError"",""message"":""The upstream provider is currently experiencing high demand. Please retry shortly.""}},""providerMetadata"":{""gateway"":{""routing"":{""originalModelId"":""typesafe-ai/jev"",""resolvedProvider"":""typesafe-ai"",""fallbacksAvailable"":[],""canonicalSlug"":""typesafe-ai/jev"",""modelAttemptCount"":1,""modelAttempts"":[{""canonicalSlug"":""typesafe-ai/jev"",""success"":false,""providerAttemptCount"":0,""providerAttempts"":[]}],""totalProviderAttemptCount"":0},""generationId"":""gen_01M3628YMK5PWV80ZNSW6K73SS""}}}",43,"{""X-Ratelimit-Limit-Requests"":""30"",""X-Ratelimit-Limit-Tokens"":""250000"",""X-Ratelimit-Remaining-Requests"":""0"",""X-Ratelimit-Remaining-Tokens"":""202031"",""X-Ratelimit-Reset-Requests"":""43s"",""X-Ratelimit-Reset-Tokens"":""43s""}",94.32
noul/16/034/vercel,vercel,noul,16,34,1,429,false,HTTP 429,"{""error"":{""message"":""The upstream provider is currently experiencing high demand. Please retry shortly."",""type"":""rate_limit_exceeded"",""param"":{""error"":""The upstream provider is currently experiencing high demand. Please retry shortly."",""type"":""rate_limit_exceeded"",""statusCode"":429,""name"":""RateLimitExceededError"",""message"":""The upstream provider is currently experiencing high demand. Please retry shortly.""}},""providerMetadata"":{""gateway"":{""routing"":{""originalModelId"":""typesafe-ai/jev"",""resolvedProvider"":""typesafe-ai"",""fallbacksAvailable"":[],""canonicalSlug"":""typesafe-ai/jev"",""modelAttemptCount"":1,""modelAttempts"":[{""canonicalSlug"":""typesafe-ai/jev"",""success"":false,""providerAttemptCount"":0,""providerAttempts"":[]}],""totalProviderAttemptCount"":0},""generationId"":""gen_01M3629059C6Y1VCVT8RQW69JD""}}}",41,"{""X-Ratelimit-Limit-Requests"":""30"",""X-Ratelimit-Limit-Tokens"":""250000"",""X-Ratelimit-Remaining-Requests"":""0"",""X-Ratelimit-Remaining-Tokens"":""200756"",""X-Ratelimit-Reset-Requests"":""41s"",""X-Ratelimit-Reset-Tokens"":""41s""}",122.75
noul/16/036/vercel,vercel,noul,16,36,1,429,false,HTTP 429,"{""error"":{""message"":""The upstream provider is currently experiencing high demand. Please retry shortly."",""type"":""rate_limit_exceeded"",""param"":{""error"":""The upstream provider is currently experiencing high demand. Please retry shortly."",""type"":""rate_limit_exceeded"",""statusCode"":429,""name"":""RateLimitExceededError"",""message"":""The upstream provider is currently experiencing high demand. Please retry shortly.""}},""providerMetadata"":{""gateway"":{""routing"":{""originalModelId"":""typesafe-ai/jev"",""resolvedProvider"":""typesafe-ai"",""fallbacksAvailable"":[],""canonicalSlug"":""typesafe-ai/jev"",""modelAttemptCount"":1,""modelAttempts"":[{""canonicalSlug"":""typesafe-ai/jev"",""success"":false,""providerAttemptCount"":0,""providerAttempts"":[]}],""totalProviderAttemptCount"":0},""generationId"":""gen_01M36291VG1EFHRKGHK56GT3WE""}}}",39,"{""X-Ratelimit-Limit-Requests"":""30"",""X-Ratelimit-Limit-Tokens"":""250000"",""X-Ratelimit-Remaining-Requests"":""0"",""X-Ratelimit-Remaining-Tokens"":""202758"",""X-Ratelimit-Reset-Requests"":""39s"",""X-Ratelimit-Reset-Tokens"":""39s""}",88.31
noul/16/037/vercel,vercel,noul,16,37,1,429,false,HTTP 429,"{""error"":{""message"":""The upstream provider is currently experiencing high demand. Please retry shortly."",""type"":""rate_limit_exceeded"",""param"":{""error"":""The upstream provider is currently experiencing high demand. Please retry shortly."",""type"":""rate_limit_exceeded"",""statusCode"":429,""name"":""RateLimitExceededError"",""message"":""The upstream provider is currently experiencing high demand. Please retry shortly.""}},""providerMetadata"":{""gateway"":{""routing"":{""originalModelId"":""typesafe-ai/jev"",""resolvedProvider"":""typesafe-ai"",""fallbacksAvailable"":[],""canonicalSlug"":""typesafe-ai/jev"",""modelAttemptCount"":1,""modelAttempts"":[{""canonicalSlug"":""typesafe-ai/jev"",""success"":false,""providerAttemptCount"":0,""providerAttempts"":[]}],""totalProviderAttemptCount"":0},""generationId"":""gen_01M362938A872TFYSWC485WWEJ""}}}",38,"{""X-Ratelimit-Limit-Requests"":""30"",""X-Ratelimit-Limit-Tokens"":""250000"",""X-Ratelimit-Remaining-Requests"":""0"",""X-Ratelimit-Remaining-Tokens"":""199593"",""X-Ratelimit-Reset-Requests"":""38s"",""X-Ratelimit-Reset-Tokens"":""38s""}",106.45
noul/16/039/vercel,vercel,noul,16,39,1,429,false,HTTP 429,"{""error"":{""message"":""The upstream provider is currently experiencing high demand. Please retry shortly."",""type"":""rate_limit_exceeded"",""param"":{""error"":""The upstream provider is currently experiencing high demand. Please retry shortly."",""type"":""rate_limit_exceeded"",""statusCode"":429,""name"":""RateLimitExceededError"",""message"":""The upstream provider is currently experiencing high demand. Please retry shortly.""}},""providerMetadata"":{""gateway"":{""routing"":{""originalModelId"":""typesafe-ai/jev"",""resolvedProvider"":""typesafe-ai"",""fallbacksAvailable"":[],""canonicalSlug"":""typesafe-ai/jev"",""modelAttemptCount"":1,""modelAttempts"":[{""canonicalSlug"":""typesafe-ai/jev"",""success"":false,""providerAttemptCount"":0,""providerAttempts"":[]}],""totalProviderAttemptCount"":0},""generationId"":""gen_01M36294X9NHGEFFFD873WDMKS""}}}",36,"{""X-Ratelimit-Limit-Requests"":""30"",""X-Ratelimit-Limit-Tokens"":""250000"",""X-Ratelimit-Remaining-Requests"":""0"",""X-Ratelimit-Remaining-Tokens"":""199467"",""X-Ratelimit-Reset-Requests"":""36s"",""X-Ratelimit-Reset-Tokens"":""36s""}",83.37
noul/16/040/vercel,vercel,noul,16,40,1,429,false,HTTP 429,"{""error"":{""message"":""The upstream provider is currently experiencing high demand. Please retry shortly."",""type"":""rate_limit_exceeded"",""param"":{""error"":""The upstream provider is currently experiencing high demand. Please retry shortly."",""type"":""rate_limit_exceeded"",""statusCode"":429,""name"":""RateLimitExceededError"",""message"":""The upstream provider is currently experiencing high demand. Please retry shortly.""}},""providerMetadata"":{""gateway"":{""routing"":{""originalModelId"":""typesafe-ai/jev"",""resolvedProvider"":""typesafe-ai"",""fallbacksAvailable"":[],""canonicalSlug"":""typesafe-ai/jev"",""modelAttemptCount"":1,""modelAttempts"":[{""canonicalSlug"":""typesafe-ai/jev"",""success"":false,""providerAttemptCount"":0,""providerAttempts"":[]}],""totalProviderAttemptCount"":0},""generationId"":""gen_01M36295724KFNAN582W2WBQEC""}}}",36,"{""X-Ratelimit-Limit-Requests"":""30"",""X-Ratelimit-Limit-Tokens"":""250000"",""X-Ratelimit-Remaining-Requests"":""0"",""X-Ratelimit-Remaining-Tokens"":""200648"",""X-Ratelimit-Reset-Requests"":""36s"",""X-Ratelimit-Reset-Tokens"":""36s""}",93.20
noul/16/042/vercel,vercel,noul,16,42,1,429,false,HTTP 429,"{""error"":{""message"":""The upstream provider is currently experiencing high demand. Please retry shortly."",""type"":""rate_limit_exceeded"",""param"":{""error"":""The upstream provider is currently experiencing high demand. Please retry shortly."",""type"":""rate_limit_exceeded"",""statusCode"":429,""name"":""RateLimitExceededError"",""message"":""The upstream provider is currently experiencing high demand. Please retry shortly.""}},""providerMetadata"":{""gateway"":{""routing"":{""originalModelId"":""typesafe-ai/jev"",""resolvedProvider"":""typesafe-ai"",""fallbacksAvailable"":[],""canonicalSlug"":""typesafe-ai/jev"",""modelAttemptCount"":1,""modelAttempts"":[{""canonicalSlug"":""typesafe-ai/jev"",""success"":false,""providerAttemptCount"":0,""providerAttempts"":[]}],""totalProviderAttemptCount"":0},""generationId"":""gen_01M362975MYDPXSMP4B09KB54F""}}}",34,"{""X-Ratelimit-Limit-Requests"":""30"",""X-Ratelimit-Limit-Tokens"":""250000"",""X-Ratelimit-Remaining-Requests"":""0"",""X-Ratelimit-Remaining-Tokens"":""198743"",""X-Ratelimit-Reset-Requests"":""34s"",""X-Ratelimit-Reset-Tokens"":""34s""}",89.20
noul/16/044/vercel,vercel,noul,16,44,1,429,false,HTTP 429,"{""error"":{""message"":""The upstream provider is currently experiencing high demand. Please retry shortly."",""type"":""rate_limit_exceeded"",""param"":{""error"":""The upstream provider is currently experiencing high demand. Please retry shortly."",""type"":""rate_limit_exceeded"",""statusCode"":429,""name"":""RateLimitExceededError"",""message"":""The upstream provider is currently experiencing high demand. Please retry shortly.""}},""providerMetadata"":{""gateway"":{""routing"":{""originalModelId"":""typesafe-ai/jev"",""resolvedProvider"":""typesafe-ai"",""fallbacksAvailable"":[],""canonicalSlug"":""typesafe-ai/jev"",""modelAttemptCount"":1,""modelAttempts"":[{""canonicalSlug"":""typesafe-ai/jev"",""success"":false,""providerAttemptCount"":0,""providerAttempts"":[]}],""totalProviderAttemptCount"":0},""generationId"":""gen_01M362991YBC11X4C36HK86M2Z""}}}",32,"{""X-Ratelimit-Limit-Requests"":""30"",""X-Ratelimit-Limit-Tokens"":""250000"",""X-Ratelimit-Remaining-Requests"":""0"",""X-Ratelimit-Remaining-Tokens"":""199467"",""X-Ratelimit-Reset-Requests"":""32s"",""X-Ratelimit-Reset-Tokens"":""32s""}",100.87
noul/16/046/vercel,vercel,noul,16,46,1,429,false,HTTP 429,"{""error"":{""message"":""The upstream provider is currently experiencing high demand. Please retry shortly."",""type"":""rate_limit_exceeded"",""param"":{""error"":""The upstream provider is currently experiencing high demand. Please retry shortly."",""type"":""rate_limit_exceeded"",""statusCode"":429,""name"":""RateLimitExceededError"",""message"":""The upstream provider is currently experiencing high demand. Please retry shortly.""}},""providerMetadata"":{""gateway"":{""routing"":{""originalModelId"":""typesafe-ai/jev"",""resolvedProvider"":""typesafe-ai"",""fallbacksAvailable"":[],""canonicalSlug"":""typesafe-ai/jev"",""modelAttemptCount"":1,""modelAttempts"":[{""canonicalSlug"":""typesafe-ai/jev"",""success"":false,""providerAttemptCount"":0,""providerAttempts"":[]}],""totalProviderAttemptCount"":0},""generationId"":""gen_01M3629A1T368T86A70PXZA9ZR""}}}",31,"{""X-Ratelimit-Limit-Requests"":""30"",""X-Ratelimit-Limit-Tokens"":""250000"",""X-Ratelimit-Remaining-Requests"":""0"",""X-Ratelimit-Remaining-Tokens"":""198974"",""X-Ratelimit-Reset-Requests"":""31s"",""X-Ratelimit-Reset-Tokens"":""31s""}",112.96
noul/16/047/vercel,vercel,noul,16,47,1,429,false,HTTP 429,"{""error"":{""message"":""The upstream provider is currently experiencing high demand. Please retry shortly."",""type"":""rate_limit_exceeded"",""param"":{""error"":""The upstream provider is currently experiencing high demand. Please retry shortly."",""type"":""rate_limit_exceeded"",""statusCode"":429,""name"":""RateLimitExceededError"",""message"":""The upstream provider is currently experiencing high demand. Please retry shortly.""}},""providerMetadata"":{""gateway"":{""routing"":{""originalModelId"":""typesafe-ai/jev"",""resolvedProvider"":""typesafe-ai"",""fallbacksAvailable"":[],""canonicalSlug"":""typesafe-ai/jev"",""modelAttemptCount"":1,""modelAttempts"":[{""canonicalSlug"":""typesafe-ai/jev"",""success"":false,""providerAttemptCount"":0,""providerAttempts"":[]}],""totalProviderAttemptCount"":0},""generationId"":""gen_01M3629AKGH463EGHMBGEVS0QN""}}}",30,"{""X-Ratelimit-Limit-Requests"":""30"",""X-Ratelimit-Limit-Tokens"":""250000"",""X-Ratelimit-Remaining-Requests"":""0"",""X-Ratelimit-Remaining-Tokens"":""196472"",""X-Ratelimit-Reset-Requests"":""30s"",""X-Ratelimit-Reset-Tokens"":""30s""}",90.95
noul/16/049/vercel,vercel,noul,16,49,1,429,false,HTTP 429,"{""error"":{""message"":""The upstream provider is currently experiencing high demand. Please retry shortly."",""type"":""rate_limit_exceeded"",""param"":{""error"":""The upstream provider is currently experiencing high demand. Please retry shortly."",""type"":""rate_limit_exceeded"",""statusCode"":429,""name"":""RateLimitExceededError"",""message"":""The upstream provider is currently experiencing high demand. Please retry shortly.""}},""providerMetadata"":{""gateway"":{""routing"":{""originalModelId"":""typesafe-ai/jev"",""resolvedProvider"":""typesafe-ai"",""fallbacksAvailable"":[],""canonicalSlug"":""typesafe-ai/jev"",""modelAttemptCount"":1,""modelAttempts"":[{""canonicalSlug"":""typesafe-ai/jev"",""success"":false,""providerAttemptCount"":0,""providerAttempts"":[]}],""totalProviderAttemptCount"":0},""generationId"":""gen_01M3629C8748MNXX0NDHNNCZQC""}}}",29,"{""X-Ratelimit-Limit-Requests"":""30"",""X-Ratelimit-Limit-Tokens"":""250000"",""X-Ratelimit-Remaining-Requests"":""0"",""X-Ratelimit-Remaining-Tokens"":""197277"",""X-Ratelimit-Reset-Requests"":""29s"",""X-Ratelimit-Reset-Tokens"":""29s""}",83.95
choice/16/000/vercel,vercel,choice,16,0,1,429,false,HTTP 429,"{""error"":{""message"":""The upstream provider is currently experiencing high demand. Please retry shortly."",""type"":""rate_limit_exceeded"",""param"":{""error"":""The upstream provider is currently experiencing high demand. Please retry shortly."",""type"":""rate_limit_exceeded"",""statusCode"":429,""name"":""RateLimitExceededError"",""message"":""The upstream provider is currently experiencing high demand. Please retry shortly.""}},""providerMetadata"":{""gateway"":{""routing"":{""originalModelId"":""typesafe-ai/jev"",""resolvedProvider"":""typesafe-ai"",""fallbacksAvailable"":[],""canonicalSlug"":""typesafe-ai/jev"",""modelAttemptCount"":1,""modelAttempts"":[{""canonicalSlug"":""typesafe-ai/jev"",""success"":false,""providerAttemptCount"":0,""providerAttempts"":[]}],""totalProviderAttemptCount"":0},""generationId"":""gen_01M3629D3ST38YG39240WWGZRF""}}}",28,"{""X-Ratelimit-Limit-Requests"":""30"",""X-Ratelimit-Limit-Tokens"":""250000"",""X-Ratelimit-Remaining-Requests"":""0"",""X-Ratelimit-Remaining-Tokens"":""197736"",""X-Ratelimit-Reset-Requests"":""28s"",""X-Ratelimit-Reset-Tokens"":""28s""}",104.67
choice/16/002/vercel,vercel,choice,16,2,1,429,false,HTTP 429,"{""error"":{""message"":""The upstream provider is currently experiencing high demand. Please retry shortly."",""type"":""rate_limit_exceeded"",""param"":{""error"":""The upstream provider is currently experiencing high demand. Please retry shortly."",""type"":""rate_limit_exceeded"",""statusCode"":429,""name"":""RateLimitExceededError"",""message"":""The upstream provider is currently experiencing high demand. Please retry shortly.""}},""providerMetadata"":{""gateway"":{""routing"":{""originalModelId"":""typesafe-ai/jev"",""resolvedProvider"":""typesafe-ai"",""fallbacksAvailable"":[],""canonicalSlug"":""typesafe-ai/jev"",""modelAttemptCount"":1,""modelAttempts"":[{""canonicalSlug"":""typesafe-ai/jev"",""success"":false,""providerAttemptCount"":0,""providerAttempts"":[]}],""totalProviderAttemptCount"":0},""generationId"":""gen_01M3629FA2C81SAT0WWMFADKX9""}}}",26,"{""X-Ratelimit-Limit-Requests"":""30"",""X-Ratelimit-Limit-Tokens"":""250000"",""X-Ratelimit-Remaining-Requests"":""0"",""X-Ratelimit-Remaining-Tokens"":""194585"",""X-Ratelimit-Reset-Requests"":""26s"",""X-Ratelimit-Reset-Tokens"":""26s""}",84.91
choice/16/004/vercel,vercel,choice,16,4,1,429,false,HTTP 429,"{""error"":{""message"":""The upstream provider is currently experiencing high demand. Please retry shortly."",""type"":""rate_limit_exceeded"",""param"":{""error"":""The upstream provider is currently experiencing high demand. Please retry shortly."",""type"":""rate_limit_exceeded"",""statusCode"":429,""name"":""RateLimitExceededError"",""message"":""The upstream provider is currently experiencing high demand. Please retry shortly.""}},""providerMetadata"":{""gateway"":{""routing"":{""originalModelId"":""typesafe-ai/jev"",""resolvedProvider"":""typesafe-ai"",""fallbacksAvailable"":[],""canonicalSlug"":""typesafe-ai/jev"",""modelAttemptCount"":1,""modelAttempts"":[{""canonicalSlug"":""typesafe-ai/jev"",""success"":false,""providerAttemptCount"":0,""providerAttempts"":[]}],""totalProviderAttemptCount"":0},""generationId"":""gen_01M3629H8931SCP9K5F2KG3T4W""}}}",24,"{""X-Ratelimit-Limit-Requests"":""30"",""X-Ratelimit-Limit-Tokens"":""250000"",""X-Ratelimit-Remaining-Requests"":""0"",""X-Ratelimit-Remaining-Tokens"":""193048"",""X-Ratelimit-Reset-Requests"":""24s"",""X-Ratelimit-Reset-Tokens"":""24s""}",91.81
choice/16/006/vercel,vercel,choice,16,6,1,429,false,HTTP 429,"{""error"":{""message"":""The upstream provider is currently experiencing high demand. Please retry shortly."",""type"":""rate_limit_exceeded"",""param"":{""error"":""The upstream provider is currently experiencing high demand. Please retry shortly."",""type"":""rate_limit_exceeded"",""statusCode"":429,""name"":""RateLimitExceededError"",""message"":""The upstream provider is currently experiencing high demand. Please retry shortly.""}},""providerMetadata"":{""gateway"":{""routing"":{""originalModelId"":""typesafe-ai/jev"",""resolvedProvider"":""typesafe-ai"",""fallbacksAvailable"":[],""canonicalSlug"":""typesafe-ai/jev"",""modelAttemptCount"":1,""modelAttempts"":[{""canonicalSlug"":""typesafe-ai/jev"",""success"":false,""providerAttemptCount"":0,""providerAttempts"":[]}],""totalProviderAttemptCount"":0},""generationId"":""gen_01M3629JG3X2MHSW0P7TWACAYR""}}}",22,"{""X-Ratelimit-Limit-Requests"":""30"",""X-Ratelimit-Limit-Tokens"":""250000"",""X-Ratelimit-Remaining-Requests"":""0"",""X-Ratelimit-Remaining-Tokens"":""190980"",""X-Ratelimit-Reset-Requests"":""22s"",""X-Ratelimit-Reset-Tokens"":""22s""}",83.40
choice/16/008/vercel,vercel,choice,16,8,1,429,false,HTTP 429,"{""error"":{""message"":""The upstream provider is currently experiencing high demand. Please retry shortly."",""type"":""rate_limit_exceeded"",""param"":{""error"":""The upstream provider is currently experiencing high demand. Please retry shortly."",""type"":""rate_limit_exceeded"",""statusCode"":429,""name"":""RateLimitExceededError"",""message"":""The upstream provider is currently experiencing high demand. Please retry shortly.""}},""providerMetadata"":{""gateway"":{""routing"":{""originalModelId"":""typesafe-ai/jev"",""resolvedProvider"":""typesafe-ai"",""fallbacksAvailable"":[],""canonicalSlug"":""typesafe-ai/jev"",""modelAttemptCount"":1,""modelAttempts"":[{""canonicalSlug"":""typesafe-ai/jev"",""success"":false,""providerAttemptCount"":0,""providerAttempts"":[]}],""totalProviderAttemptCount"":0},""generationId"":""gen_01M3629MJ0B553VFC6AWG21S92""}}}",20,"{""X-Ratelimit-Limit-Requests"":""30"",""X-Ratelimit-Limit-Tokens"":""250000"",""X-Ratelimit-Remaining-Requests"":""0"",""X-Ratelimit-Remaining-Tokens"":""193265"",""X-Ratelimit-Reset-Requests"":""20s"",""X-Ratelimit-Reset-Tokens"":""20s""}",85.85
choice/16/010/vercel,vercel,choice,16,10,1,429,false,HTTP 429,"{""error"":{""message"":""The upstream provider is currently experiencing high demand. Please retry shortly."",""type"":""rate_limit_exceeded"",""param"":{""error"":""The upstream provider is currently experiencing high demand. Please retry shortly."",""type"":""rate_limit_exceeded"",""statusCode"":429,""name"":""RateLimitExceededError"",""message"":""The upstream provider is currently experiencing high demand. Please retry shortly.""}},""providerMetadata"":{""gateway"":{""routing"":{""originalModelId"":""typesafe-ai/jev"",""resolvedProvider"":""typesafe-ai"",""fallbacksAvailable"":[],""canonicalSlug"":""typesafe-ai/jev"",""modelAttemptCount"":1,""modelAttempts"":[{""canonicalSlug"":""typesafe-ai/jev"",""success"":false,""providerAttemptCount"":0,""providerAttempts"":[]}],""totalProviderAttemptCount"":0},""generationId"":""gen_01M3629PE007ABTKK3F5RREFX2""}}}",18,"{""X-Ratelimit-Limit-Requests"":""30"",""X-Ratelimit-Limit-Tokens"":""250000"",""X-Ratelimit-Remaining-Requests"":""0"",""X-Ratelimit-Remaining-Tokens"":""187934"",""X-Ratelimit-Reset-Requests"":""18s"",""X-Ratelimit-Reset-Tokens"":""18s""}",101.90
choice/16/011/vercel,vercel,choice,16,11,1,429,false,HTTP 429,"{""error"":{""message"":""The upstream provider is currently experiencing high demand. Please retry shortly."",""type"":""rate_limit_exceeded"",""param"":{""error"":""The upstream provider is currently experiencing high demand. Please retry shortly."",""type"":""rate_limit_exceeded"",""statusCode"":429,""name"":""RateLimitExceededError"",""message"":""The upstream provider is currently experiencing high demand. Please retry shortly.""}},""providerMetadata"":{""gateway"":{""routing"":{""originalModelId"":""typesafe-ai/jev"",""resolvedProvider"":""typesafe-ai"",""fallbacksAvailable"":[],""canonicalSlug"":""typesafe-ai/jev"",""modelAttemptCount"":1,""modelAttempts"":[{""canonicalSlug"":""typesafe-ai/jev"",""success"":false,""providerAttemptCount"":0,""providerAttempts"":[]}],""totalProviderAttemptCount"":0},""generationId"":""gen_01M3629PQ3ES57B5VW304KSWK9""}}}",18,"{""X-Ratelimit-Limit-Requests"":""30"",""X-Ratelimit-Limit-Tokens"":""250000"",""X-Ratelimit-Remaining-Requests"":""0"",""X-Ratelimit-Remaining-Tokens"":""189527"",""X-Ratelimit-Reset-Requests"":""18s"",""X-Ratelimit-Reset-Tokens"":""18s""}",99.03
choice/16/013/vercel,vercel,choice,16,13,1,429,false,HTTP 429,"{""error"":{""message"":""The upstream provider is currently experiencing high demand. Please retry shortly."",""type"":""rate_limit_exceeded"",""param"":{""error"":""The upstream provider is currently experiencing high demand. Please retry shortly."",""type"":""rate_limit_exceeded"",""statusCode"":429,""name"":""RateLimitExceededError"",""message"":""The upstream provider is currently experiencing high demand. Please retry shortly.""}},""providerMetadata"":{""gateway"":{""routing"":{""originalModelId"":""typesafe-ai/jev"",""resolvedProvider"":""typesafe-ai"",""fallbacksAvailable"":[],""canonicalSlug"":""typesafe-ai/jev"",""modelAttemptCount"":1,""modelAttempts"":[{""canonicalSlug"":""typesafe-ai/jev"",""success"":false,""providerAttemptCount"":0,""providerAttempts"":[]}],""totalProviderAttemptCount"":0},""generationId"":""gen_01M3629R8E2CBVW69EXMAEN4MA""}}}",16,"{""X-Ratelimit-Limit-Requests"":""30"",""X-Ratelimit-Limit-Tokens"":""250000"",""X-Ratelimit-Remaining-Requests"":""0"",""X-Ratelimit-Remaining-Tokens"":""186307"",""X-Ratelimit-Reset-Requests"":""16s"",""X-Ratelimit-Reset-Tokens"":""16s""}",80.88
choice/16/014/vercel,vercel,choice,16,14,1,429,false,HTTP 429,"{""error"":{""message"":""The upstream provider is currently experiencing high demand. Please retry shortly."",""type"":""rate_limit_exceeded"",""param"":{""error"":""The upstream provider is currently experiencing high demand. Please retry shortly."",""type"":""rate_limit_exceeded"",""statusCode"":429,""name"":""RateLimitExceededError"",""message"":""The upstream provider is currently experiencing high demand. Please retry shortly.""}},""providerMetadata"":{""gateway"":{""routing"":{""originalModelId"":""typesafe-ai/jev"",""resolvedProvider"":""typesafe-ai"",""fallbacksAvailable"":[],""canonicalSlug"":""typesafe-ai/jev"",""modelAttemptCount"":1,""modelAttempts"":[{""canonicalSlug"":""typesafe-ai/jev"",""success"":false,""providerAttemptCount"":0,""providerAttempts"":[]}],""totalProviderAttemptCount"":0},""generationId"":""gen_01M3629SGW1S8Z58R2M6G0X5EB""}}}",15,"{""X-Ratelimit-Limit-Requests"":""30"",""X-Ratelimit-Limit-Tokens"":""250000"",""X-Ratelimit-Remaining-Requests"":""0"",""X-Ratelimit-Remaining-Tokens"":""190310"",""X-Ratelimit-Reset-Requests"":""15s"",""X-Ratelimit-Reset-Tokens"":""15s""}",102.63
choice/16/015/vercel,vercel,choice,16,15,1,429,false,HTTP 429,"{""error"":{""message"":""The upstream provider is currently experiencing high demand. Please retry shortly."",""type"":""rate_limit_exceeded"",""param"":{""error"":""The upstream provider is currently experiencing high demand. Please retry shortly."",""type"":""rate_limit_exceeded"",""statusCode"":429,""name"":""RateLimitExceededError"",""message"":""The upstream provider is currently experiencing high demand. Please retry shortly.""}},""providerMetadata"":{""gateway"":{""routing"":{""originalModelId"":""typesafe-ai/jev"",""resolvedProvider"":""typesafe-ai"",""fallbacksAvailable"":[],""canonicalSlug"":""typesafe-ai/jev"",""modelAttemptCount"":1,""modelAttempts"":[{""canonicalSlug"":""typesafe-ai/jev"",""success"":false,""providerAttemptCount"":0,""providerAttempts"":[]}],""totalProviderAttemptCount"":0},""generationId"":""gen_01M3629SKVE7TDR4MRWB2T3W6S""}}}",15,"{""X-Ratelimit-Limit-Requests"":""30"",""X-Ratelimit-Limit-Tokens"":""250000"",""X-Ratelimit-Remaining-Requests"":""0"",""X-Ratelimit-Remaining-Tokens"":""188974"",""X-Ratelimit-Reset-Requests"":""15s"",""X-Ratelimit-Reset-Tokens"":""15s""}",86.50
choice/16/017/vercel,vercel,choice,16,17,1,429,false,HTTP 429,"{""error"":{""message"":""The upstream provider is currently experiencing high demand. Please retry shortly."",""type"":""rate_limit_exceeded"",""param"":{""error"":""The upstream provider is currently experiencing high demand. Please retry shortly."",""type"":""rate_limit_exceeded"",""statusCode"":429,""name"":""RateLimitExceededError"",""message"":""The upstream provider is currently experiencing high demand. Please retry shortly.""}},""providerMetadata"":{""gateway"":{""routing"":{""originalModelId"":""typesafe-ai/jev"",""resolvedProvider"":""typesafe-ai"",""fallbacksAvailable"":[],""canonicalSlug"":""typesafe-ai/jev"",""modelAttemptCount"":1,""modelAttempts"":[{""canonicalSlug"":""typesafe-ai/jev"",""success"":false,""providerAttemptCount"":0,""providerAttempts"":[]}],""totalProviderAttemptCount"":0},""generationId"":""gen_01M3629VKH0F8X47YXJSXDAPZM""}}}",13,"{""X-Ratelimit-Limit-Requests"":""30"",""X-Ratelimit-Limit-Tokens"":""250000"",""X-Ratelimit-Remaining-Requests"":""0"",""X-Ratelimit-Remaining-Tokens"":""187258"",""X-Ratelimit-Reset-Requests"":""13s"",""X-Ratelimit-Reset-Tokens"":""13s""}",84.31
choice/16/019/vercel,vercel,choice,16,19,1,429,false,HTTP 429,"{""error"":{""message"":""The upstream provider is currently experiencing high demand. Please retry shortly."",""type"":""rate_limit_exceeded"",""param"":{""error"":""The upstream provider is currently experiencing high demand. Please retry shortly."",""type"":""rate_limit_exceeded"",""statusCode"":429,""name"":""RateLimitExceededError"",""message"":""The upstream provider is currently experiencing high demand. Please retry shortly.""}},""providerMetadata"":{""gateway"":{""routing"":{""originalModelId"":""typesafe-ai/jev"",""resolvedProvider"":""typesafe-ai"",""fallbacksAvailable"":[],""canonicalSlug"":""typesafe-ai/jev"",""modelAttemptCount"":1,""modelAttempts"":[{""canonicalSlug"":""typesafe-ai/jev"",""success"":false,""providerAttemptCount"":0,""providerAttempts"":[]}],""totalProviderAttemptCount"":0},""generationId"":""gen_01M3629X3CRR6RXZJ6411XPPDQ""}}}",11,"{""X-Ratelimit-Limit-Requests"":""30"",""X-Ratelimit-Limit-Tokens"":""250000"",""X-Ratelimit-Remaining-Requests"":""0"",""X-Ratelimit-Remaining-Tokens"":""183948"",""X-Ratelimit-Reset-Requests"":""11s"",""X-Ratelimit-Reset-Tokens"":""11s""}",93.61
choice/16/021/vercel,vercel,choice,16,21,1,429,false,HTTP 429,"{""error"":{""message"":""The upstream provider is currently experiencing high demand. Please retry shortly."",""type"":""rate_limit_exceeded"",""param"":{""error"":""The upstream provider is currently experiencing high demand. Please retry shortly."",""type"":""rate_limit_exceeded"",""statusCode"":429,""name"":""RateLimitExceededError"",""message"":""The upstream provider is currently experiencing high demand. Please retry shortly.""}},""providerMetadata"":{""gateway"":{""routing"":{""originalModelId"":""typesafe-ai/jev"",""resolvedProvider"":""typesafe-ai"",""fallbacksAvailable"":[],""canonicalSlug"":""typesafe-ai/jev"",""modelAttemptCount"":1,""modelAttempts"":[{""canonicalSlug"":""typesafe-ai/jev"",""success"":false,""providerAttemptCount"":0,""providerAttempts"":[]}],""totalProviderAttemptCount"":0},""generationId"":""gen_01M3629YP12SRXTTRRKGPS2XNJ""}}}",10,"{""X-Ratelimit-Limit-Requests"":""30"",""X-Ratelimit-Limit-Tokens"":""250000"",""X-Ratelimit-Remaining-Requests"":""0"",""X-Ratelimit-Remaining-Tokens"":""182135"",""X-Ratelimit-Reset-Requests"":""10s"",""X-Ratelimit-Reset-Tokens"":""10s""}",94.71
choice/16/023/vercel,vercel,choice,16,23,1,429,false,HTTP 429,"{""error"":{""message"":""The upstream provider is currently experiencing high demand. Please retry shortly."",""type"":""rate_limit_exceeded"",""param"":{""error"":""The upstream provider is currently experiencing high demand. Please retry shortly."",""type"":""rate_limit_exceeded"",""statusCode"":429,""name"":""RateLimitExceededError"",""message"":""The upstream provider is currently experiencing high demand. Please retry shortly.""}},""providerMetadata"":{""gateway"":{""routing"":{""originalModelId"":""typesafe-ai/jev"",""resolvedProvider"":""typesafe-ai"",""fallbacksAvailable"":[],""canonicalSlug"":""typesafe-ai/jev"",""modelAttemptCount"":1,""modelAttempts"":[{""canonicalSlug"":""typesafe-ai/jev"",""success"":false,""providerAttemptCount"":0,""providerAttempts"":[]}],""totalProviderAttemptCount"":0},""generationId"":""gen_01M362A0YVBKZ3KSAP0TSPHRM1""}}}",7,"{""X-Ratelimit-Limit-Requests"":""30"",""X-Ratelimit-Limit-Tokens"":""250000"",""X-Ratelimit-Remaining-Requests"":""0"",""X-Ratelimit-Remaining-Tokens"":""180845"",""X-Ratelimit-Reset-Requests"":""7s"",""X-Ratelimit-Reset-Tokens"":""7s""}",185.58
choice/16/024/vercel,vercel,choice,16,24,1,429,false,HTTP 429,"{""error"":{""message"":""The upstream provider is currently experiencing high demand. Please retry shortly."",""type"":""rate_limit_exceeded"",""param"":{""error"":""The upstream provider is currently experiencing high demand. Please retry shortly."",""type"":""rate_limit_exceeded"",""statusCode"":429,""name"":""RateLimitExceededError"",""message"":""The upstream provider is currently experiencing high demand. Please retry shortly.""}},""providerMetadata"":{""gateway"":{""routing"":{""originalModelId"":""typesafe-ai/jev"",""resolvedProvider"":""typesafe-ai"",""fallbacksAvailable"":[],""canonicalSlug"":""typesafe-ai/jev"",""modelAttemptCount"":1,""modelAttempts"":[{""canonicalSlug"":""typesafe-ai/jev"",""success"":false,""providerAttemptCount"":0,""providerAttempts"":[]}],""totalProviderAttemptCount"":0},""generationId"":""gen_01M362A1F6J24F3CAANETMZWKJ""}}}",7,"{""X-Ratelimit-Limit-Requests"":""30"",""X-Ratelimit-Limit-Tokens"":""250000"",""X-Ratelimit-Remaining-Requests"":""0"",""X-Ratelimit-Remaining-Tokens"":""180845"",""X-Ratelimit-Reset-Requests"":""7s"",""X-Ratelimit-Reset-Tokens"":""7s""}",207.35
choice/16/026/vercel,vercel,choice,16,26,1,429,false,HTTP 429,"{""error"":{""message"":""The upstream provider is currently experiencing high demand. Please retry shortly."",""type"":""rate_limit_exceeded"",""param"":{""error"":""The upstream provider is currently experiencing high demand. Please retry shortly."",""type"":""rate_limit_exceeded"",""statusCode"":429,""name"":""RateLimitExceededError"",""message"":""The upstream provider is currently experiencing high demand. Please retry shortly.""}},""providerMetadata"":{""gateway"":{""routing"":{""originalModelId"":""typesafe-ai/jev"",""resolvedProvider"":""typesafe-ai"",""fallbacksAvailable"":[],""canonicalSlug"":""typesafe-ai/jev"",""modelAttemptCount"":1,""modelAttempts"":[{""canonicalSlug"":""typesafe-ai/jev"",""success"":false,""providerAttemptCount"":0,""providerAttempts"":[]}],""totalProviderAttemptCount"":0},""generationId"":""gen_01M362A311HPVPTFPGMA4TT2A8""}}}",5,"{""X-Ratelimit-Limit-Requests"":""30"",""X-Ratelimit-Limit-Tokens"":""250000"",""X-Ratelimit-Remaining-Requests"":""0"",""X-Ratelimit-Remaining-Tokens"":""184910"",""X-Ratelimit-Reset-Requests"":""5s"",""X-Ratelimit-Reset-Tokens"":""5s""}",80.75
choice/16/027/vercel,vercel,choice,16,27,1,429,false,HTTP 429,"{""error"":{""message"":""The upstream provider is currently experiencing high demand. Please retry shortly."",""type"":""rate_limit_exceeded"",""param"":{""error"":""The upstream provider is currently experiencing high demand. Please retry shortly."",""type"":""rate_limit_exceeded"",""statusCode"":429,""name"":""RateLimitExceededError"",""message"":""The upstream provider is currently experiencing high demand. Please retry shortly.""}},""providerMetadata"":{""gateway"":{""routing"":{""originalModelId"":""typesafe-ai/jev"",""resolvedProvider"":""typesafe-ai"",""fallbacksAvailable"":[],""canonicalSlug"":""typesafe-ai/jev"",""modelAttemptCount"":1,""modelAttempts"":[{""canonicalSlug"":""typesafe-ai/jev"",""success"":false,""providerAttemptCount"":0,""providerAttempts"":[]}],""totalProviderAttemptCount"":0},""generationId"":""gen_01M362A3H5X6GDADY3DT6H7KTN""}}}",5,"{""X-Ratelimit-Limit-Requests"":""30"",""X-Ratelimit-Limit-Tokens"":""250000"",""X-Ratelimit-Remaining-Requests"":""0"",""X-Ratelimit-Remaining-Tokens"":""179785"",""X-Ratelimit-Reset-Requests"":""5s"",""X-Ratelimit-Reset-Tokens"":""5s""}",93.56
choice/16/029/vercel,vercel,choice,16,29,1,429,false,HTTP 429,"{""error"":{""message"":""The upstream provider is currently experiencing high demand. Please retry shortly."",""type"":""rate_limit_exceeded"",""param"":{""error"":""The upstream provider is currently experiencing high demand. Please retry shortly."",""type"":""rate_limit_exceeded"",""statusCode"":429,""name"":""RateLimitExceededError"",""message"":""The upstream provider is currently experiencing high demand. Please retry shortly.""}},""providerMetadata"":{""gateway"":{""routing"":{""originalModelId"":""typesafe-ai/jev"",""resolvedProvider"":""typesafe-ai"",""fallbacksAvailable"":[],""canonicalSlug"":""typesafe-ai/jev"",""modelAttemptCount"":1,""modelAttempts"":[{""canonicalSlug"":""typesafe-ai/jev"",""success"":false,""providerAttemptCount"":0,""providerAttempts"":[]}],""totalProviderAttemptCount"":0},""generationId"":""gen_01M362A5BDEXRGRK3PXYXB3QNG""}}}",3,"{""X-Ratelimit-Limit-Requests"":""30"",""X-Ratelimit-Limit-Tokens"":""250000"",""X-Ratelimit-Remaining-Requests"":""0"",""X-Ratelimit-Remaining-Tokens"":""180258"",""X-Ratelimit-Reset-Requests"":""3s"",""X-Ratelimit-Reset-Tokens"":""3s""}",92.60
choice/16/031/vercel,vercel,choice,16,31,1,429,false,HTTP 429,"{""error"":{""message"":""The upstream provider is currently experiencing high demand. Please retry shortly."",""type"":""rate_limit_exceeded"",""param"":{""error"":""The upstream provider is currently experiencing high demand. Please retry shortly."",""type"":""rate_limit_exceeded"",""statusCode"":429,""name"":""RateLimitExceededError"",""message"":""The upstream provider is currently experiencing high demand. Please retry shortly.""}},""providerMetadata"":{""gateway"":{""routing"":{""originalModelId"":""typesafe-ai/jev"",""resolvedProvider"":""typesafe-ai"",""fallbacksAvailable"":[],""canonicalSlug"":""typesafe-ai/jev"",""modelAttemptCount"":1,""modelAttempts"":[{""canonicalSlug"":""typesafe-ai/jev"",""success"":false,""providerAttemptCount"":0,""providerAttempts"":[]}],""totalProviderAttemptCount"":0},""generationId"":""gen_01M362A6FF3S8KGP2MC2D3TSR6""}}}",2,"{""X-Ratelimit-Limit-Requests"":""30"",""X-Ratelimit-Limit-Tokens"":""250000"",""X-Ratelimit-Remaining-Requests"":""0"",""X-Ratelimit-Remaining-Tokens"":""175992"",""X-Ratelimit-Reset-Requests"":""2s"",""X-Ratelimit-Reset-Tokens"":""2s""}",98.30
choice/16/032/vercel,vercel,choice,16,32,1,429,false,HTTP 429,"{""error"":{""message"":""The upstream provider is currently experiencing high demand. Please retry shortly."",""type"":""rate_limit_exceeded"",""param"":{""error"":""The upstream provider is currently experiencing high demand. Please retry shortly."",""type"":""rate_limit_exceeded"",""statusCode"":429,""name"":""RateLimitExceededError"",""message"":""The upstream provider is currently experiencing high demand. Please retry shortly.""}},""providerMetadata"":{""gateway"":{""routing"":{""originalModelId"":""typesafe-ai/jev"",""resolvedProvider"":""typesafe-ai"",""fallbacksAvailable"":[],""canonicalSlug"":""typesafe-ai/jev"",""modelAttemptCount"":1,""modelAttempts"":[{""canonicalSlug"":""typesafe-ai/jev"",""success"":false,""providerAttemptCount"":0,""providerAttempts"":[]}],""totalProviderAttemptCount"":0},""generationId"":""gen_01M362A72QJGYMHZZPD4B6G0C0""}}}",1,"{""X-Ratelimit-Limit-Requests"":""30"",""X-Ratelimit-Limit-Tokens"":""250000"",""X-Ratelimit-Remaining-Requests"":""0"",""X-Ratelimit-Remaining-Tokens"":""181940"",""X-Ratelimit-Reset-Requests"":""1s"",""X-Ratelimit-Reset-Tokens"":""1s""}",96.80
choice/16/034/vercel,vercel,choice,16,34,1,429,false,HTTP 429,"{""error"":{""message"":""The upstream provider is currently experiencing high demand. Please retry shortly."",""type"":""rate_limit_exceeded"",""param"":{""error"":""The upstream provider is currently experiencing high demand. Please retry shortly."",""type"":""rate_limit_exceeded"",""statusCode"":429,""name"":""RateLimitExceededError"",""message"":""The upstream provider is currently experiencing high demand. Please retry shortly.""}},""providerMetadata"":{""gateway"":{""routing"":{""originalModelId"":""typesafe-ai/jev"",""resolvedProvider"":""typesafe-ai"",""fallbacksAvailable"":[],""canonicalSlug"":""typesafe-ai/jev"",""modelAttemptCount"":1,""modelAttempts"":[{""canonicalSlug"":""typesafe-ai/jev"",""success"":false,""providerAttemptCount"":0,""providerAttempts"":[]}],""totalProviderAttemptCount"":0},""generationId"":""gen_01M362A8YEM0TWRE7WCM1G8T09""}}}",59,"{""X-Ratelimit-Limit-Requests"":""30"",""X-Ratelimit-Limit-Tokens"":""250000"",""X-Ratelimit-Remaining-Requests"":""0"",""X-Ratelimit-Remaining-Tokens"":""176445"",""X-Ratelimit-Reset-Requests"":""59s"",""X-Ratelimit-Reset-Tokens"":""59s""}",278.10
choice/16/035/vercel,vercel,choice,16,35,1,503,false,HTTP 503,"{""error"":{""message"":""Service temporarily unavailable. Please try again shortly."",""type"":""service_unavailable_error"",""param"":{""error"":""Service temporarily unavailable. Please try again shortly."",""type"":""service_unavailable_error"",""statusCode"":503}},""providerMetadata"":{""gateway"":{""routing"":{""originalModelId"":""typesafe-ai/jev"",""resolvedProvider"":""typesafe-ai"",""fallbacksAvailable"":[],""canonicalSlug"":""typesafe-ai/jev"",""modelAttemptCount"":1,""modelAttempts"":[{""canonicalSlug"":""typesafe-ai/jev"",""success"":false,""providerAttemptCount"":1,""providerAttempts"":[{""provider"":""typesafe-ai"",""credentialType"":""system"",""success"":false,""error"":""Service temporarily unavailable"",""startTime"":1790131382320,""endTime"":1790131382424,""statusCode"":503}]}],""totalProviderAttemptCount"":1},""generationId"":""gen_01M362AA0W06WXSG4JA77KPXQD""}}}",,null,202.81
choice/16/036/vercel,vercel,choice,16,36,1,429,false,HTTP 429,"{""error"":{""message"":""The upstream provider is currently experiencing high demand. Please retry shortly."",""type"":""rate_limit_exceeded"",""param"":{""error"":""The upstream provider is currently experiencing high demand. Please retry shortly."",""type"":""rate_limit_exceeded"",""statusCode"":429,""name"":""RateLimitExceededError"",""message"":""The upstream provider is currently experiencing high demand. Please retry shortly.""}},""providerMetadata"":{""gateway"":{""routing"":{""originalModelId"":""typesafe-ai/jev"",""resolvedProvider"":""typesafe-ai"",""fallbacksAvailable"":[],""canonicalSlug"":""typesafe-ai/jev"",""modelAttemptCount"":1,""modelAttempts"":[{""canonicalSlug"":""typesafe-ai/jev"",""success"":false,""providerAttemptCount"":0,""providerAttempts"":[]}],""totalProviderAttemptCount"":0},""generationId"":""gen_01M362AAWP7FJPNJHADKPA9S2T""}}}",57,"{""X-Ratelimit-Limit-Requests"":""30"",""X-Ratelimit-Limit-Tokens"":""250000"",""X-Ratelimit-Remaining-Requests"":""0"",""X-Ratelimit-Remaining-Tokens"":""176775"",""X-Ratelimit-Reset-Requests"":""57s"",""X-Ratelimit-Reset-Tokens"":""57s""}",86.55
choice/16/037/vercel,vercel,choice,16,37,1,429,false,HTTP 429,"{""error"":{""message"":""The upstream provider is currently experiencing high demand. Please retry shortly."",""type"":""rate_limit_exceeded"",""param"":{""error"":""The upstream provider is currently experiencing high demand. Please retry shortly."",""type"":""rate_limit_exceeded"",""statusCode"":429,""name"":""RateLimitExceededError"",""message"":""The upstream provider is currently experiencing high demand. Please retry shortly.""}},""providerMetadata"":{""gateway"":{""routing"":{""originalModelId"":""typesafe-ai/jev"",""resolvedProvider"":""typesafe-ai"",""fallbacksAvailable"":[],""canonicalSlug"":""typesafe-ai/jev"",""modelAttemptCount"":1,""modelAttempts"":[{""canonicalSlug"":""typesafe-ai/jev"",""success"":false,""providerAttemptCount"":0,""providerAttempts"":[]}],""totalProviderAttemptCount"":0},""generationId"":""gen_01M362ABGGN6MWZRW9BJPDKTCP""}}}",57,"{""X-Ratelimit-Limit-Requests"":""30"",""X-Ratelimit-Limit-Tokens"":""250000"",""X-Ratelimit-Remaining-Requests"":""0"",""X-Ratelimit-Remaining-Tokens"":""176775"",""X-Ratelimit-Reset-Requests"":""57s"",""X-Ratelimit-Reset-Tokens"":""57s""}",87.33
choice/16/039/vercel,vercel,choice,16,39,1,429,false,HTTP 429,"{""error"":{""message"":""The upstream provider is currently experiencing high demand. Please retry shortly."",""type"":""rate_limit_exceeded"",""param"":{""error"":""The upstream provider is currently experiencing high demand. Please retry shortly."",""type"":""rate_limit_exceeded"",""statusCode"":429,""name"":""RateLimitExceededError"",""message"":""The upstream provider is currently experiencing high demand. Please retry shortly.""}},""providerMetadata"":{""gateway"":{""routing"":{""originalModelId"":""typesafe-ai/jev"",""resolvedProvider"":""typesafe-ai"",""fallbacksAvailable"":[],""canonicalSlug"":""typesafe-ai/jev"",""modelAttemptCount"":1,""modelAttempts"":[{""canonicalSlug"":""typesafe-ai/jev"",""success"":false,""providerAttemptCount"":0,""providerAttempts"":[]}],""totalProviderAttemptCount"":0},""generationId"":""gen_01M362ACX1S9T7B47PCHHBZ575""}}}",55,"{""X-Ratelimit-Limit-Requests"":""30"",""X-Ratelimit-Limit-Tokens"":""250000"",""X-Ratelimit-Remaining-Requests"":""0"",""X-Ratelimit-Remaining-Tokens"":""178628"",""X-Ratelimit-Reset-Requests"":""55s"",""X-Ratelimit-Reset-Tokens"":""55s""}",95.56
choice/16/041/vercel,vercel,choice,16,41,1,429,false,HTTP 429,"{""error"":{""message"":""The upstream provider is currently experiencing high demand. Please retry shortly."",""type"":""rate_limit_exceeded"",""param"":{""error"":""The upstream provider is currently experiencing high demand. Please retry shortly."",""type"":""rate_limit_exceeded"",""statusCode"":429,""name"":""RateLimitExceededError"",""message"":""The upstream provider is currently experiencing high demand. Please retry shortly.""}},""providerMetadata"":{""gateway"":{""routing"":{""originalModelId"":""typesafe-ai/jev"",""resolvedProvider"":""typesafe-ai"",""fallbacksAvailable"":[],""canonicalSlug"":""typesafe-ai/jev"",""modelAttemptCount"":1,""modelAttempts"":[{""canonicalSlug"":""typesafe-ai/jev"",""success"":false,""providerAttemptCount"":0,""providerAttempts"":[]}],""totalProviderAttemptCount"":0},""generationId"":""gen_01M362AEHZ44KQAH0G0RE1Y82A""}}}",54,"{""X-Ratelimit-Limit-Requests"":""30"",""X-Ratelimit-Limit-Tokens"":""250000"",""X-Ratelimit-Remaining-Requests"":""0"",""X-Ratelimit-Remaining-Tokens"":""176451"",""X-Ratelimit-Reset-Requests"":""54s"",""X-Ratelimit-Reset-Tokens"":""54s""}",121.76
choice/16/043/vercel,vercel,choice,16,43,1,429,false,HTTP 429,"{""error"":{""message"":""The upstream provider is currently experiencing high demand. Please retry shortly."",""type"":""rate_limit_exceeded"",""param"":{""error"":""The upstream provider is currently experiencing high demand. Please retry shortly."",""type"":""rate_limit_exceeded"",""statusCode"":429,""name"":""RateLimitExceededError"",""message"":""The upstream provider is currently experiencing high demand. Please retry shortly.""}},""providerMetadata"":{""gateway"":{""routing"":{""originalModelId"":""typesafe-ai/jev"",""resolvedProvider"":""typesafe-ai"",""fallbacksAvailable"":[],""canonicalSlug"":""typesafe-ai/jev"",""modelAttemptCount"":1,""modelAttempts"":[{""canonicalSlug"":""typesafe-ai/jev"",""success"":false,""providerAttemptCount"":0,""providerAttempts"":[]}],""totalProviderAttemptCount"":0},""generationId"":""gen_01M362AGG9HKC5VC0DDP7T7K2H""}}}",52,"{""X-Ratelimit-Limit-Requests"":""30"",""X-Ratelimit-Limit-Tokens"":""250000"",""X-Ratelimit-Remaining-Requests"":""0"",""X-Ratelimit-Remaining-Tokens"":""179012"",""X-Ratelimit-Reset-Requests"":""52s"",""X-Ratelimit-Reset-Tokens"":""52s""}",89.42
choice/16/044/vercel,vercel,choice,16,44,1,429,false,HTTP 429,"{""error"":{""message"":""The upstream provider is currently experiencing high demand. Please retry shortly."",""type"":""rate_limit_exceeded"",""param"":{""error"":""The upstream provider is currently experiencing high demand. Please retry shortly."",""type"":""rate_limit_exceeded"",""statusCode"":429,""name"":""RateLimitExceededError"",""message"":""The upstream provider is currently experiencing high demand. Please retry shortly.""}},""providerMetadata"":{""gateway"":{""routing"":{""originalModelId"":""typesafe-ai/jev"",""resolvedProvider"":""typesafe-ai"",""fallbacksAvailable"":[],""canonicalSlug"":""typesafe-ai/jev"",""modelAttemptCount"":1,""modelAttempts"":[{""canonicalSlug"":""typesafe-ai/jev"",""success"":false,""providerAttemptCount"":0,""providerAttempts"":[]}],""totalProviderAttemptCount"":0},""generationId"":""gen_01M362AGSANJQPZ7GBCW2PWPTB""}}}",51,"{""X-Ratelimit-Limit-Requests"":""30"",""X-Ratelimit-Limit-Tokens"":""250000"",""X-Ratelimit-Remaining-Requests"":""0"",""X-Ratelimit-Remaining-Tokens"":""176451"",""X-Ratelimit-Reset-Requests"":""51s"",""X-Ratelimit-Reset-Tokens"":""51s""}",91.22
choice/16/046/vercel,vercel,choice,16,46,1,429,false,HTTP 429,"{""error"":{""message"":""The upstream provider is currently experiencing high demand. Please retry shortly."",""type"":""rate_limit_exceeded"",""param"":{""error"":""The upstream provider is currently experiencing high demand. Please retry shortly."",""type"":""rate_limit_exceeded"",""statusCode"":429,""name"":""RateLimitExceededError"",""message"":""The upstream provider is currently experiencing high demand. Please retry shortly.""}},""providerMetadata"":{""gateway"":{""routing"":{""originalModelId"":""typesafe-ai/jev"",""resolvedProvider"":""typesafe-ai"",""fallbacksAvailable"":[],""canonicalSlug"":""typesafe-ai/jev"",""modelAttemptCount"":1,""modelAttempts"":[{""canonicalSlug"":""typesafe-ai/jev"",""success"":false,""providerAttemptCount"":0,""providerAttempts"":[]}],""totalProviderAttemptCount"":0},""generationId"":""gen_01M362AJWW6HR4FJ0VN55Y29QR""}}}",49,"{""X-Ratelimit-Limit-Requests"":""30"",""X-Ratelimit-Limit-Tokens"":""250000"",""X-Ratelimit-Remaining-Requests"":""0"",""X-Ratelimit-Remaining-Tokens"":""177938"",""X-Ratelimit-Reset-Requests"":""49s"",""X-Ratelimit-Reset-Tokens"":""49s""}",82.36
choice/16/047/vercel,vercel,choice,16,47,1,429,false,HTTP 429,"{""error"":{""message"":""The upstream provider is currently experiencing high demand. Please retry shortly."",""type"":""rate_limit_exceeded"",""param"":{""error"":""The upstream provider is currently experiencing high demand. Please retry shortly."",""type"":""rate_limit_exceeded"",""statusCode"":429,""name"":""RateLimitExceededError"",""message"":""The upstream provider is currently experiencing high demand. Please retry shortly.""}},""providerMetadata"":{""gateway"":{""routing"":{""originalModelId"":""typesafe-ai/jev"",""resolvedProvider"":""typesafe-ai"",""fallbacksAvailable"":[],""canonicalSlug"":""typesafe-ai/jev"",""modelAttemptCount"":1,""modelAttempts"":[{""canonicalSlug"":""typesafe-ai/jev"",""success"":false,""providerAttemptCount"":0,""providerAttempts"":[]}],""totalProviderAttemptCount"":0},""generationId"":""gen_01M362AK66093XXHY8TGHAR4SJ""}}}",49,"{""X-Ratelimit-Limit-Requests"":""30"",""X-Ratelimit-Limit-Tokens"":""250000"",""X-Ratelimit-Remaining-Requests"":""0"",""X-Ratelimit-Remaining-Tokens"":""177122"",""X-Ratelimit-Reset-Requests"":""49s"",""X-Ratelimit-Reset-Tokens"":""49s""}",81.65
choice/16/049/vercel,vercel,choice,16,49,1,429,false,HTTP 429,"{""error"":{""message"":""The upstream provider is currently experiencing high demand. Please retry shortly."",""type"":""rate_limit_exceeded"",""param"":{""error"":""The upstream provider is currently experiencing high demand. Please retry shortly."",""type"":""rate_limit_exceeded"",""statusCode"":429,""name"":""RateLimitExceededError"",""message"":""The upstream provider is currently experiencing high demand. Please retry shortly.""}},""providerMetadata"":{""gateway"":{""routing"":{""originalModelId"":""typesafe-ai/jev"",""resolvedProvider"":""typesafe-ai"",""fallbacksAvailable"":[],""canonicalSlug"":""typesafe-ai/jev"",""modelAttemptCount"":1,""modelAttempts"":[{""canonicalSlug"":""typesafe-ai/jev"",""success"":false,""providerAttemptCount"":0,""providerAttempts"":[]}],""totalProviderAttemptCount"":0},""generationId"":""gen_01M362AMKCV7B6NVACNCFQYAWX""}}}",47,"{""X-Ratelimit-Limit-Requests"":""30"",""X-Ratelimit-Limit-Tokens"":""250000"",""X-Ratelimit-Remaining-Requests"":""0"",""X-Ratelimit-Remaining-Tokens"":""176191"",""X-Ratelimit-Reset-Requests"":""47s"",""X-Ratelimit-Reset-Tokens"":""47s""}",111.84
score/16/001/vercel,vercel,score,16,1,1,429,false,HTTP 429,"{""error"":{""message"":""The upstream provider is currently experiencing high demand. Please retry shortly."",""type"":""rate_limit_exceeded"",""param"":{""error"":""The upstream provider is currently experiencing high demand. Please retry shortly."",""type"":""rate_limit_exceeded"",""statusCode"":429,""name"":""RateLimitExceededError"",""message"":""The upstream provider is currently experiencing high demand. Please retry shortly.""}},""providerMetadata"":{""gateway"":{""routing"":{""originalModelId"":""typesafe-ai/jev"",""resolvedProvider"":""typesafe-ai"",""fallbacksAvailable"":[],""canonicalSlug"":""typesafe-ai/jev"",""modelAttemptCount"":1,""modelAttempts"":[{""canonicalSlug"":""typesafe-ai/jev"",""success"":false,""providerAttemptCount"":0,""providerAttempts"":[]}],""totalProviderAttemptCount"":0},""generationId"":""gen_01M362APG4BBJKXY09JYHB6RQ8""}}}",45,"{""X-Ratelimit-Limit-Requests"":""30"",""X-Ratelimit-Limit-Tokens"":""250000"",""X-Ratelimit-Remaining-Requests"":""0"",""X-Ratelimit-Remaining-Tokens"":""174937"",""X-Ratelimit-Reset-Requests"":""45s"",""X-Ratelimit-Reset-Tokens"":""45s""}",98.99
score/16/002/vercel,vercel,score,16,2,1,429,false,HTTP 429,"{""error"":{""message"":""The upstream provider is currently experiencing high demand. Please retry shortly."",""type"":""rate_limit_exceeded"",""param"":{""error"":""The upstream provider is currently experiencing high demand. Please retry shortly."",""type"":""rate_limit_exceeded"",""statusCode"":429,""name"":""RateLimitExceededError"",""message"":""The upstream provider is currently experiencing high demand. Please retry shortly.""}},""providerMetadata"":{""gateway"":{""routing"":{""originalModelId"":""typesafe-ai/jev"",""resolvedProvider"":""typesafe-ai"",""fallbacksAvailable"":[],""canonicalSlug"":""typesafe-ai/jev"",""modelAttemptCount"":1,""modelAttempts"":[{""canonicalSlug"":""typesafe-ai/jev"",""success"":false,""providerAttemptCount"":0,""providerAttempts"":[]}],""totalProviderAttemptCount"":0},""generationId"":""gen_01M362AQ515D020S78QXK8W6FK""}}}",45,"{""X-Ratelimit-Limit-Requests"":""30"",""X-Ratelimit-Limit-Tokens"":""250000"",""X-Ratelimit-Remaining-Requests"":""0"",""X-Ratelimit-Remaining-Tokens"":""175821"",""X-Ratelimit-Reset-Requests"":""45s"",""X-Ratelimit-Reset-Tokens"":""45s""}",97.41
score/16/004/vercel,vercel,score,16,4,1,429,false,HTTP 429,"{""error"":{""message"":""The upstream provider is currently experiencing high demand. Please retry shortly."",""type"":""rate_limit_exceeded"",""param"":{""error"":""The upstream provider is currently experiencing high demand. Please retry shortly."",""type"":""rate_limit_exceeded"",""statusCode"":429,""name"":""RateLimitExceededError"",""message"":""The upstream provider is currently experiencing high demand. Please retry shortly.""}},""providerMetadata"":{""gateway"":{""routing"":{""originalModelId"":""typesafe-ai/jev"",""resolvedProvider"":""typesafe-ai"",""fallbacksAvailable"":[],""canonicalSlug"":""typesafe-ai/jev"",""modelAttemptCount"":1,""modelAttempts"":[{""canonicalSlug"":""typesafe-ai/jev"",""success"":false,""providerAttemptCount"":0,""providerAttempts"":[]}],""totalProviderAttemptCount"":0},""generationId"":""gen_01M362ARQC80YYTS26973A1RZX""}}}",43,"{""X-Ratelimit-Limit-Requests"":""30"",""X-Ratelimit-Limit-Tokens"":""250000"",""X-Ratelimit-Remaining-Requests"":""0"",""X-Ratelimit-Remaining-Tokens"":""176123"",""X-Ratelimit-Reset-Requests"":""43s"",""X-Ratelimit-Reset-Tokens"":""43s""}",97.08
score/16/006/vercel,vercel,score,16,6,1,429,false,HTTP 429,"{""error"":{""message"":""The upstream provider is currently experiencing high demand. Please retry shortly."",""type"":""rate_limit_exceeded"",""param"":{""error"":""The upstream provider is currently experiencing high demand. Please retry shortly."",""type"":""rate_limit_exceeded"",""statusCode"":429,""name"":""RateLimitExceededError"",""message"":""The upstream provider is currently experiencing high demand. Please retry shortly.""}},""providerMetadata"":{""gateway"":{""routing"":{""originalModelId"":""typesafe-ai/jev"",""resolvedProvider"":""typesafe-ai"",""fallbacksAvailable"":[],""canonicalSlug"":""typesafe-ai/jev"",""modelAttemptCount"":1,""modelAttempts"":[{""canonicalSlug"":""typesafe-ai/jev"",""success"":false,""providerAttemptCount"":0,""providerAttempts"":[]}],""totalProviderAttemptCount"":0},""generationId"":""gen_01M362ATJY28WA3M8JCADJBWGM""}}}",41,"{""X-Ratelimit-Limit-Requests"":""30"",""X-Ratelimit-Limit-Tokens"":""250000"",""X-Ratelimit-Remaining-Requests"":""0"",""X-Ratelimit-Remaining-Tokens"":""176123"",""X-Ratelimit-Reset-Requests"":""41s"",""X-Ratelimit-Reset-Tokens"":""41s""}",90.95
score/16/007/vercel,vercel,score,16,7,1,429,false,HTTP 429,"{""error"":{""message"":""The upstream provider is currently experiencing high demand. Please retry shortly."",""type"":""rate_limit_exceeded"",""param"":{""error"":""The upstream provider is currently experiencing high demand. Please retry shortly."",""type"":""rate_limit_exceeded"",""statusCode"":429,""name"":""RateLimitExceededError"",""message"":""The upstream provider is currently experiencing high demand. Please retry shortly.""}},""providerMetadata"":{""gateway"":{""routing"":{""originalModelId"":""typesafe-ai/jev"",""resolvedProvider"":""typesafe-ai"",""fallbacksAvailable"":[],""canonicalSlug"":""typesafe-ai/jev"",""modelAttemptCount"":1,""modelAttempts"":[{""canonicalSlug"":""typesafe-ai/jev"",""success"":false,""providerAttemptCount"":0,""providerAttempts"":[]}],""totalProviderAttemptCount"":0},""generationId"":""gen_01M362ATW2D2MVME186581VA4E""}}}",41,"{""X-Ratelimit-Limit-Requests"":""30"",""X-Ratelimit-Limit-Tokens"":""250000"",""X-Ratelimit-Remaining-Requests"":""0"",""X-Ratelimit-Remaining-Tokens"":""172816"",""X-Ratelimit-Reset-Requests"":""41s"",""X-Ratelimit-Reset-Tokens"":""41s""}",93.58
score/16/009/vercel,vercel,score,16,9,1,429,false,HTTP 429,"{""error"":{""message"":""The upstream provider is currently experiencing high demand. Please retry shortly."",""type"":""rate_limit_exceeded"",""param"":{""error"":""The upstream provider is currently experiencing high demand. Please retry shortly."",""type"":""rate_limit_exceeded"",""statusCode"":429,""name"":""RateLimitExceededError"",""message"":""The upstream provider is currently experiencing high demand. Please retry shortly.""}},""providerMetadata"":{""gateway"":{""routing"":{""originalModelId"":""typesafe-ai/jev"",""resolvedProvider"":""typesafe-ai"",""fallbacksAvailable"":[],""canonicalSlug"":""typesafe-ai/jev"",""modelAttemptCount"":1,""modelAttempts"":[{""canonicalSlug"":""typesafe-ai/jev"",""success"":false,""providerAttemptCount"":0,""providerAttempts"":[]}],""totalProviderAttemptCount"":0},""generationId"":""gen_01M362AWSQ990WAGV2NYGC4FK0""}}}",39,"{""X-Ratelimit-Limit-Requests"":""30"",""X-Ratelimit-Limit-Tokens"":""250000"",""X-Ratelimit-Remaining-Requests"":""0"",""X-Ratelimit-Remaining-Tokens"":""172378"",""X-Ratelimit-Reset-Requests"":""39s"",""X-Ratelimit-Reset-Tokens"":""39s""}",96.37
score/16/010/vercel,vercel,score,16,10,1,429,false,HTTP 429,"{""error"":{""message"":""The upstream provider is currently experiencing high demand. Please retry shortly."",""type"":""rate_limit_exceeded"",""param"":{""error"":""The upstream provider is currently experiencing high demand. Please retry shortly."",""type"":""rate_limit_exceeded"",""statusCode"":429,""name"":""RateLimitExceededError"",""message"":""The upstream provider is currently experiencing high demand. Please retry shortly.""}},""providerMetadata"":{""gateway"":{""routing"":{""originalModelId"":""typesafe-ai/jev"",""resolvedProvider"":""typesafe-ai"",""fallbacksAvailable"":[],""canonicalSlug"":""typesafe-ai/jev"",""modelAttemptCount"":1,""modelAttempts"":[{""canonicalSlug"":""typesafe-ai/jev"",""success"":false,""providerAttemptCount"":0,""providerAttempts"":[]}],""totalProviderAttemptCount"":0},""generationId"":""gen_01M362AX5EVSAJNZNAMKCJABDN""}}}",39,"{""X-Ratelimit-Limit-Requests"":""30"",""X-Ratelimit-Limit-Tokens"":""250000"",""X-Ratelimit-Remaining-Requests"":""0"",""X-Ratelimit-Remaining-Tokens"":""172816"",""X-Ratelimit-Reset-Requests"":""39s"",""X-Ratelimit-Reset-Tokens"":""39s""}",109.13
score/16/011/vercel,vercel,score,16,11,1,503,false,HTTP 503,"{""error"":{""message"":""Service temporarily unavailable. Please try again shortly."",""type"":""service_unavailable_error"",""param"":{""error"":""Service temporarily unavailable. Please try again shortly."",""type"":""service_unavailable_error"",""statusCode"":503}},""providerMetadata"":{""gateway"":{""routing"":{""originalModelId"":""typesafe-ai/jev"",""resolvedProvider"":""typesafe-ai"",""fallbacksAvailable"":[],""canonicalSlug"":""typesafe-ai/jev"",""modelAttemptCount"":1,""modelAttempts"":[{""canonicalSlug"":""typesafe-ai/jev"",""success"":false,""providerAttemptCount"":1,""providerAttempts"":[{""provider"":""typesafe-ai"",""credentialType"":""system"",""success"":false,""error"":""Service temporarily unavailable"",""startTime"":1790131403383,""endTime"":1790131403485,""statusCode"":503}]}],""totalProviderAttemptCount"":1},""generationId"":""gen_01M362AYK6KTJQ02MHY3AC3RSF""}}}",,null,206.26
score/16/012/vercel,vercel,score,16,12,1,429,false,HTTP 429,"{""error"":{""message"":""The upstream provider is currently experiencing high demand. Please retry shortly."",""type"":""rate_limit_exceeded"",""param"":{""error"":""The upstream provider is currently experiencing high demand. Please retry shortly."",""type"":""rate_limit_exceeded"",""statusCode"":429,""name"":""RateLimitExceededError"",""message"":""The upstream provider is currently experiencing high demand. Please retry shortly.""}},""providerMetadata"":{""gateway"":{""routing"":{""originalModelId"":""typesafe-ai/jev"",""resolvedProvider"":""typesafe-ai"",""fallbacksAvailable"":[],""canonicalSlug"":""typesafe-ai/jev"",""modelAttemptCount"":1,""modelAttempts"":[{""canonicalSlug"":""typesafe-ai/jev"",""success"":false,""providerAttemptCount"":0,""providerAttempts"":[]}],""totalProviderAttemptCount"":0},""generationId"":""gen_01M362AZ0B2KHTE47G6AQG8SHD""}}}",37,"{""X-Ratelimit-Limit-Requests"":""30"",""X-Ratelimit-Limit-Tokens"":""250000"",""X-Ratelimit-Remaining-Requests"":""0"",""X-Ratelimit-Remaining-Tokens"":""172837"",""X-Ratelimit-Reset-Requests"":""37s"",""X-Ratelimit-Reset-Tokens"":""37s""}",107.43
score/16/014/vercel,vercel,score,16,14,1,429,false,HTTP 429,"{""error"":{""message"":""The upstream provider is currently experiencing high demand. Please retry shortly."",""type"":""rate_limit_exceeded"",""param"":{""error"":""The upstream provider is currently experiencing high demand. Please retry shortly."",""type"":""rate_limit_exceeded"",""statusCode"":429,""name"":""RateLimitExceededError"",""message"":""The upstream provider is currently experiencing high demand. Please retry shortly.""}},""providerMetadata"":{""gateway"":{""routing"":{""originalModelId"":""typesafe-ai/jev"",""resolvedProvider"":""typesafe-ai"",""fallbacksAvailable"":[],""canonicalSlug"":""typesafe-ai/jev"",""modelAttemptCount"":1,""modelAttempts"":[{""canonicalSlug"":""typesafe-ai/jev"",""success"":false,""providerAttemptCount"":0,""providerAttempts"":[]}],""totalProviderAttemptCount"":0},""generationId"":""gen_01M362B0T3YN01G00AHJTTF29S""}}}",35,"{""X-Ratelimit-Limit-Requests"":""30"",""X-Ratelimit-Limit-Tokens"":""250000"",""X-Ratelimit-Remaining-Requests"":""0"",""X-Ratelimit-Remaining-Tokens"":""175928"",""X-Ratelimit-Reset-Requests"":""35s"",""X-Ratelimit-Reset-Tokens"":""35s""}",103.41
score/16/015/vercel,vercel,score,16,15,1,429,false,HTTP 429,"{""error"":{""message"":""The upstream provider is currently experiencing high demand. Please retry shortly."",""type"":""rate_limit_exceeded"",""param"":{""error"":""The upstream provider is currently experiencing high demand. Please retry shortly."",""type"":""rate_limit_exceeded"",""statusCode"":429,""name"":""RateLimitExceededError"",""message"":""The upstream provider is currently experiencing high demand. Please retry shortly.""}},""providerMetadata"":{""gateway"":{""routing"":{""originalModelId"":""typesafe-ai/jev"",""resolvedProvider"":""typesafe-ai"",""fallbacksAvailable"":[],""canonicalSlug"":""typesafe-ai/jev"",""modelAttemptCount"":1,""modelAttempts"":[{""canonicalSlug"":""typesafe-ai/jev"",""success"":false,""providerAttemptCount"":0,""providerAttempts"":[]}],""totalProviderAttemptCount"":0},""generationId"":""gen_01M362B0X0W1NY125HJHVTP8J0""}}}",35,"{""X-Ratelimit-Limit-Requests"":""30"",""X-Ratelimit-Limit-Tokens"":""250000"",""X-Ratelimit-Remaining-Requests"":""0"",""X-Ratelimit-Remaining-Tokens"":""174181"",""X-Ratelimit-Reset-Requests"":""35s"",""X-Ratelimit-Reset-Tokens"":""35s""}",86.30
score/16/017/vercel,vercel,score,16,17,1,429,false,HTTP 429,"{""error"":{""message"":""The upstream provider is currently experiencing high demand. Please retry shortly."",""type"":""rate_limit_exceeded"",""param"":{""error"":""The upstream provider is currently experiencing high demand. Please retry shortly."",""type"":""rate_limit_exceeded"",""statusCode"":429,""name"":""RateLimitExceededError"",""message"":""The upstream provider is currently experiencing high demand. Please retry shortly.""}},""providerMetadata"":{""gateway"":{""routing"":{""originalModelId"":""typesafe-ai/jev"",""resolvedProvider"":""typesafe-ai"",""fallbacksAvailable"":[],""canonicalSlug"":""typesafe-ai/jev"",""modelAttemptCount"":1,""modelAttempts"":[{""canonicalSlug"":""typesafe-ai/jev"",""success"":false,""providerAttemptCount"":0,""providerAttempts"":[]}],""totalProviderAttemptCount"":0},""generationId"":""gen_01M362B2CST3FCEPA8J1Q69WBQ""}}}",33,"{""X-Ratelimit-Limit-Requests"":""30"",""X-Ratelimit-Limit-Tokens"":""250000"",""X-Ratelimit-Remaining-Requests"":""0"",""X-Ratelimit-Remaining-Tokens"":""172961"",""X-Ratelimit-Reset-Requests"":""33s"",""X-Ratelimit-Reset-Tokens"":""33s""}",96.47
score/16/018/vercel,vercel,score,16,18,1,429,false,HTTP 429,"{""error"":{""message"":""The upstream provider is currently experiencing high demand. Please retry shortly."",""type"":""rate_limit_exceeded"",""param"":{""error"":""The upstream provider is currently experiencing high demand. Please retry shortly."",""type"":""rate_limit_exceeded"",""statusCode"":429,""name"":""RateLimitExceededError"",""message"":""The upstream provider is currently experiencing high demand. Please retry shortly.""}},""providerMetadata"":{""gateway"":{""routing"":{""originalModelId"":""typesafe-ai/jev"",""resolvedProvider"":""typesafe-ai"",""fallbacksAvailable"":[],""canonicalSlug"":""typesafe-ai/jev"",""modelAttemptCount"":1,""modelAttempts"":[{""canonicalSlug"":""typesafe-ai/jev"",""success"":false,""providerAttemptCount"":0,""providerAttempts"":[]}],""totalProviderAttemptCount"":0},""generationId"":""gen_01M362B2ZFJPCCM4GEC1KQZ0SY""}}}",33,"{""X-Ratelimit-Limit-Requests"":""30"",""X-Ratelimit-Limit-Tokens"":""250000"",""X-Ratelimit-Remaining-Requests"":""0"",""X-Ratelimit-Remaining-Tokens"":""174181"",""X-Ratelimit-Reset-Requests"":""33s"",""X-Ratelimit-Reset-Tokens"":""33s""}",85.61
score/16/020/vercel,vercel,score,16,20,1,429,false,HTTP 429,"{""error"":{""message"":""The upstream provider is currently experiencing high demand. Please retry shortly."",""type"":""rate_limit_exceeded"",""param"":{""error"":""The upstream provider is currently experiencing high demand. Please retry shortly."",""type"":""rate_limit_exceeded"",""statusCode"":429,""name"":""RateLimitExceededError"",""message"":""The upstream provider is currently experiencing high demand. Please retry shortly.""}},""providerMetadata"":{""gateway"":{""routing"":{""originalModelId"":""typesafe-ai/jev"",""resolvedProvider"":""typesafe-ai"",""fallbacksAvailable"":[],""canonicalSlug"":""typesafe-ai/jev"",""modelAttemptCount"":1,""modelAttempts"":[{""canonicalSlug"":""typesafe-ai/jev"",""success"":false,""providerAttemptCount"":0,""providerAttempts"":[]}],""totalProviderAttemptCount"":0},""generationId"":""gen_01M362B4RFV0KW849PTRHTVR4H""}}}",31,"{""X-Ratelimit-Limit-Requests"":""30"",""X-Ratelimit-Limit-Tokens"":""250000"",""X-Ratelimit-Remaining-Requests"":""0"",""X-Ratelimit-Remaining-Tokens"":""173689"",""X-Ratelimit-Reset-Requests"":""31s"",""X-Ratelimit-Reset-Tokens"":""31s""}",107.17
score/16/021/vercel,vercel,score,16,21,1,429,false,HTTP 429,"{""error"":{""message"":""The upstream provider is currently experiencing high demand. Please retry shortly."",""type"":""rate_limit_exceeded"",""param"":{""error"":""The upstream provider is currently experiencing high demand. Please retry shortly."",""type"":""rate_limit_exceeded"",""statusCode"":429,""name"":""RateLimitExceededError"",""message"":""The upstream provider is currently experiencing high demand. Please retry shortly.""}},""providerMetadata"":{""gateway"":{""routing"":{""originalModelId"":""typesafe-ai/jev"",""resolvedProvider"":""typesafe-ai"",""fallbacksAvailable"":[],""canonicalSlug"":""typesafe-ai/jev"",""modelAttemptCount"":1,""modelAttempts"":[{""canonicalSlug"":""typesafe-ai/jev"",""success"":false,""providerAttemptCount"":0,""providerAttempts"":[]}],""totalProviderAttemptCount"":0},""generationId"":""gen_01M362B4VZJ9VQ1K0FEW9JTY84""}}}",31,"{""X-Ratelimit-Limit-Requests"":""30"",""X-Ratelimit-Limit-Tokens"":""250000"",""X-Ratelimit-Remaining-Requests"":""0"",""X-Ratelimit-Remaining-Tokens"":""175507"",""X-Ratelimit-Reset-Requests"":""31s"",""X-Ratelimit-Reset-Tokens"":""31s""}",92.25
score/16/023/vercel,vercel,score,16,23,1,429,false,HTTP 429,"{""error"":{""message"":""The upstream provider is currently experiencing high demand. Please retry shortly."",""type"":""rate_limit_exceeded"",""param"":{""error"":""The upstream provider is currently experiencing high demand. Please retry shortly."",""type"":""rate_limit_exceeded"",""statusCode"":429,""name"":""RateLimitExceededError"",""message"":""The upstream provider is currently experiencing high demand. Please retry shortly.""}},""providerMetadata"":{""gateway"":{""routing"":{""originalModelId"":""typesafe-ai/jev"",""resolvedProvider"":""typesafe-ai"",""fallbacksAvailable"":[],""canonicalSlug"":""typesafe-ai/jev"",""modelAttemptCount"":1,""modelAttempts"":[{""canonicalSlug"":""typesafe-ai/jev"",""success"":false,""providerAttemptCount"":0,""providerAttempts"":[]}],""totalProviderAttemptCount"":0},""generationId"":""gen_01M362B6CX4308MDVHN7FEEGRN""}}}",29,"{""X-Ratelimit-Limit-Requests"":""30"",""X-Ratelimit-Limit-Tokens"":""250000"",""X-Ratelimit-Remaining-Requests"":""0"",""X-Ratelimit-Remaining-Tokens"":""172715"",""X-Ratelimit-Reset-Requests"":""29s"",""X-Ratelimit-Reset-Tokens"":""29s""}",99.52
score/16/024/vercel,vercel,score,16,24,1,429,false,HTTP 429,"{""error"":{""message"":""The upstream provider is currently experiencing high demand. Please retry shortly."",""type"":""rate_limit_exceeded"",""param"":{""error"":""The upstream provider is currently experiencing high demand. Please retry shortly."",""type"":""rate_limit_exceeded"",""statusCode"":429,""name"":""RateLimitExceededError"",""message"":""The upstream provider is currently experiencing high demand. Please retry shortly.""}},""providerMetadata"":{""gateway"":{""routing"":{""originalModelId"":""typesafe-ai/jev"",""resolvedProvider"":""typesafe-ai"",""fallbacksAvailable"":[],""canonicalSlug"":""typesafe-ai/jev"",""modelAttemptCount"":1,""modelAttempts"":[{""canonicalSlug"":""typesafe-ai/jev"",""success"":false,""providerAttemptCount"":0,""providerAttempts"":[]}],""totalProviderAttemptCount"":0},""generationId"":""gen_01M362B6Z8BQ9ETRXWPG8CQAZB""}}}",29,"{""X-Ratelimit-Limit-Requests"":""30"",""X-Ratelimit-Limit-Tokens"":""250000"",""X-Ratelimit-Remaining-Requests"":""0"",""X-Ratelimit-Remaining-Tokens"":""171558"",""X-Ratelimit-Reset-Requests"":""29s"",""X-Ratelimit-Reset-Tokens"":""29s""}",103.85
score/16/027/vercel,vercel,score,16,27,1,429,false,HTTP 429,"{""error"":{""message"":""The upstream provider is currently experiencing high demand. Please retry shortly."",""type"":""rate_limit_exceeded"",""param"":{""error"":""The upstream provider is currently experiencing high demand. Please retry shortly."",""type"":""rate_limit_exceeded"",""statusCode"":429,""name"":""RateLimitExceededError"",""message"":""The upstream provider is currently experiencing high demand. Please retry shortly.""}},""providerMetadata"":{""gateway"":{""routing"":{""originalModelId"":""typesafe-ai/jev"",""resolvedProvider"":""typesafe-ai"",""fallbacksAvailable"":[],""canonicalSlug"":""typesafe-ai/jev"",""modelAttemptCount"":1,""modelAttempts"":[{""canonicalSlug"":""typesafe-ai/jev"",""success"":false,""providerAttemptCount"":0,""providerAttempts"":[]}],""totalProviderAttemptCount"":0},""generationId"":""gen_01M362BAFWPRHRJ6E0XX026YG6""}}}",25,"{""X-Ratelimit-Limit-Requests"":""30"",""X-Ratelimit-Limit-Tokens"":""250000"",""X-Ratelimit-Remaining-Requests"":""0"",""X-Ratelimit-Remaining-Tokens"":""171730"",""X-Ratelimit-Reset-Requests"":""25s"",""X-Ratelimit-Reset-Tokens"":""25s""}",106.02
score/16/029/vercel,vercel,score,16,29,1,429,false,HTTP 429,"{""error"":{""message"":""The upstream provider is currently experiencing high demand. Please retry shortly."",""type"":""rate_limit_exceeded"",""param"":{""error"":""The upstream provider is currently experiencing high demand. Please retry shortly."",""type"":""rate_limit_exceeded"",""statusCode"":429,""name"":""RateLimitExceededError"",""message"":""The upstream provider is currently experiencing high demand. Please retry shortly.""}},""providerMetadata"":{""gateway"":{""routing"":{""originalModelId"":""typesafe-ai/jev"",""resolvedProvider"":""typesafe-ai"",""fallbacksAvailable"":[],""canonicalSlug"":""typesafe-ai/jev"",""modelAttemptCount"":1,""modelAttempts"":[{""canonicalSlug"":""typesafe-ai/jev"",""success"":false,""providerAttemptCount"":0,""providerAttempts"":[]}],""totalProviderAttemptCount"":0},""generationId"":""gen_01M362BBPP4KRP60ZCH32CWGW4""}}}",24,"{""X-Ratelimit-Limit-Requests"":""30"",""X-Ratelimit-Limit-Tokens"":""250000"",""X-Ratelimit-Remaining-Requests"":""0"",""X-Ratelimit-Remaining-Tokens"":""168589"",""X-Ratelimit-Reset-Requests"":""24s"",""X-Ratelimit-Reset-Tokens"":""24s""}",94.00
score/16/030/vercel,vercel,score,16,30,1,429,false,HTTP 429,"{""error"":{""message"":""The upstream provider is currently experiencing high demand. Please retry shortly."",""type"":""rate_limit_exceeded"",""param"":{""error"":""The upstream provider is currently experiencing high demand. Please retry shortly."",""type"":""rate_limit_exceeded"",""statusCode"":429,""name"":""RateLimitExceededError"",""message"":""The upstream provider is currently experiencing high demand. Please retry shortly.""}},""providerMetadata"":{""gateway"":{""routing"":{""originalModelId"":""typesafe-ai/jev"",""resolvedProvider"":""typesafe-ai"",""fallbacksAvailable"":[],""canonicalSlug"":""typesafe-ai/jev"",""modelAttemptCount"":1,""modelAttempts"":[{""canonicalSlug"":""typesafe-ai/jev"",""success"":false,""providerAttemptCount"":0,""providerAttempts"":[]}],""totalProviderAttemptCount"":0},""generationId"":""gen_01M362BCH5V116A1KRBYH6EGHV""}}}",23,"{""X-Ratelimit-Limit-Requests"":""30"",""X-Ratelimit-Limit-Tokens"":""250000"",""X-Ratelimit-Remaining-Requests"":""0"",""X-Ratelimit-Remaining-Tokens"":""170273"",""X-Ratelimit-Reset-Requests"":""23s"",""X-Ratelimit-Reset-Tokens"":""23s""}",108.69
score/16/032/vercel,vercel,score,16,32,1,429,false,HTTP 429,"{""error"":{""message"":""The upstream provider is currently experiencing high demand. Please retry shortly."",""type"":""rate_limit_exceeded"",""param"":{""error"":""The upstream provider is currently experiencing high demand. Please retry shortly."",""type"":""rate_limit_exceeded"",""statusCode"":429,""name"":""RateLimitExceededError"",""message"":""The upstream provider is currently experiencing high demand. Please retry shortly.""}},""providerMetadata"":{""gateway"":{""routing"":{""originalModelId"":""typesafe-ai/jev"",""resolvedProvider"":""typesafe-ai"",""fallbacksAvailable"":[],""canonicalSlug"":""typesafe-ai/jev"",""modelAttemptCount"":1,""modelAttempts"":[{""canonicalSlug"":""typesafe-ai/jev"",""success"":false,""providerAttemptCount"":0,""providerAttempts"":[]}],""totalProviderAttemptCount"":0},""generationId"":""gen_01M362BE6HX31GYFHYEHFD2G0C""}}}",21,"{""X-Ratelimit-Limit-Requests"":""30"",""X-Ratelimit-Limit-Tokens"":""250000"",""X-Ratelimit-Remaining-Requests"":""0"",""X-Ratelimit-Remaining-Tokens"":""168501"",""X-Ratelimit-Reset-Requests"":""21s"",""X-Ratelimit-Reset-Tokens"":""21s""}",83.16
score/16/034/vercel,vercel,score,16,34,1,429,false,HTTP 429,"{""error"":{""message"":""The upstream provider is currently experiencing high demand. Please retry shortly."",""type"":""rate_limit_exceeded"",""param"":{""error"":""The upstream provider is currently experiencing high demand. Please retry shortly."",""type"":""rate_limit_exceeded"",""statusCode"":429,""name"":""RateLimitExceededError"",""message"":""The upstream provider is currently experiencing high demand. Please retry shortly.""}},""providerMetadata"":{""gateway"":{""routing"":{""originalModelId"":""typesafe-ai/jev"",""resolvedProvider"":""typesafe-ai"",""fallbacksAvailable"":[],""canonicalSlug"":""typesafe-ai/jev"",""modelAttemptCount"":1,""modelAttempts"":[{""canonicalSlug"":""typesafe-ai/jev"",""success"":false,""providerAttemptCount"":0,""providerAttempts"":[]}],""totalProviderAttemptCount"":0},""generationId"":""gen_01M362BG12YFWT8313EDPE4CE7""}}}",19,"{""X-Ratelimit-Limit-Requests"":""30"",""X-Ratelimit-Limit-Tokens"":""250000"",""X-Ratelimit-Remaining-Requests"":""0"",""X-Ratelimit-Remaining-Tokens"":""169762"",""X-Ratelimit-Reset-Requests"":""19s"",""X-Ratelimit-Reset-Tokens"":""19s""}",109.77
score/16/035/vercel,vercel,score,16,35,1,429,false,HTTP 429,"{""error"":{""message"":""The upstream provider is currently experiencing high demand. Please retry shortly."",""type"":""rate_limit_exceeded"",""param"":{""error"":""The upstream provider is currently experiencing high demand. Please retry shortly."",""type"":""rate_limit_exceeded"",""statusCode"":429,""name"":""RateLimitExceededError"",""message"":""The upstream provider is currently experiencing high demand. Please retry shortly.""}},""providerMetadata"":{""gateway"":{""routing"":{""originalModelId"":""typesafe-ai/jev"",""resolvedProvider"":""typesafe-ai"",""fallbacksAvailable"":[],""canonicalSlug"":""typesafe-ai/jev"",""modelAttemptCount"":1,""modelAttempts"":[{""canonicalSlug"":""typesafe-ai/jev"",""success"":false,""providerAttemptCount"":0,""providerAttempts"":[]}],""totalProviderAttemptCount"":0},""generationId"":""gen_01M362BG9W4BDEB0TC9T6D2G93""}}}",19,"{""X-Ratelimit-Limit-Requests"":""30"",""X-Ratelimit-Limit-Tokens"":""250000"",""X-Ratelimit-Remaining-Requests"":""0"",""X-Ratelimit-Remaining-Tokens"":""169762"",""X-Ratelimit-Reset-Requests"":""19s"",""X-Ratelimit-Reset-Tokens"":""19s""}",93.99
score/16/037/vercel,vercel,score,16,37,1,429,false,HTTP 429,"{""error"":{""message"":""The upstream provider is currently experiencing high demand. Please retry shortly."",""type"":""rate_limit_exceeded"",""param"":{""error"":""The upstream provider is currently experiencing high demand. Please retry shortly."",""type"":""rate_limit_exceeded"",""statusCode"":429,""name"":""RateLimitExceededError"",""message"":""The upstream provider is currently experiencing high demand. Please retry shortly.""}},""providerMetadata"":{""gateway"":{""routing"":{""originalModelId"":""typesafe-ai/jev"",""resolvedProvider"":""typesafe-ai"",""fallbacksAvailable"":[],""canonicalSlug"":""typesafe-ai/jev"",""modelAttemptCount"":1,""modelAttempts"":[{""canonicalSlug"":""typesafe-ai/jev"",""success"":false,""providerAttemptCount"":0,""providerAttempts"":[]}],""totalProviderAttemptCount"":0},""generationId"":""gen_01M362BJGETM52A61S565WE108""}}}",17,"{""X-Ratelimit-Limit-Requests"":""30"",""X-Ratelimit-Limit-Tokens"":""250000"",""X-Ratelimit-Remaining-Requests"":""0"",""X-Ratelimit-Remaining-Tokens"":""167563"",""X-Ratelimit-Reset-Requests"":""17s"",""X-Ratelimit-Reset-Tokens"":""17s""}",159.39
score/16/039/vercel,vercel,score,16,39,1,429,false,HTTP 429,"{""error"":{""message"":""The upstream provider is currently experiencing high demand. Please retry shortly."",""type"":""rate_limit_exceeded"",""param"":{""error"":""The upstream provider is currently experiencing high demand. Please retry shortly."",""type"":""rate_limit_exceeded"",""statusCode"":429,""name"":""RateLimitExceededError"",""message"":""The upstream provider is currently experiencing high demand. Please retry shortly.""}},""providerMetadata"":{""gateway"":{""routing"":{""originalModelId"":""typesafe-ai/jev"",""resolvedProvider"":""typesafe-ai"",""fallbacksAvailable"":[],""canonicalSlug"":""typesafe-ai/jev"",""modelAttemptCount"":1,""modelAttempts"":[{""canonicalSlug"":""typesafe-ai/jev"",""success"":false,""providerAttemptCount"":0,""providerAttempts"":[]}],""totalProviderAttemptCount"":0},""generationId"":""gen_01M362BKPTKBMYMEM5RJ62BKFA""}}}",15,"{""X-Ratelimit-Limit-Requests"":""30"",""X-Ratelimit-Limit-Tokens"":""250000"",""X-Ratelimit-Remaining-Requests"":""0"",""X-Ratelimit-Remaining-Tokens"":""165781"",""X-Ratelimit-Reset-Requests"":""15s"",""X-Ratelimit-Reset-Tokens"":""15s""}",84.09
score/16/041/vercel,vercel,score,16,41,1,429,false,HTTP 429,"{""error"":{""message"":""The upstream provider is currently experiencing high demand. Please retry shortly."",""type"":""rate_limit_exceeded"",""param"":{""error"":""The upstream provider is currently experiencing high demand. Please retry shortly."",""type"":""rate_limit_exceeded"",""statusCode"":429,""name"":""RateLimitExceededError"",""message"":""The upstream provider is currently experiencing high demand. Please retry shortly.""}},""providerMetadata"":{""gateway"":{""routing"":{""originalModelId"":""typesafe-ai/jev"",""resolvedProvider"":""typesafe-ai"",""fallbacksAvailable"":[],""canonicalSlug"":""typesafe-ai/jev"",""modelAttemptCount"":1,""modelAttempts"":[{""canonicalSlug"":""typesafe-ai/jev"",""success"":false,""providerAttemptCount"":0,""providerAttempts"":[]}],""totalProviderAttemptCount"":0},""generationId"":""gen_01M362BNSNSPBJBDPWEH7M3QCY""}}}",13,"{""X-Ratelimit-Limit-Requests"":""30"",""X-Ratelimit-Limit-Tokens"":""250000"",""X-Ratelimit-Remaining-Requests"":""0"",""X-Ratelimit-Remaining-Tokens"":""168972"",""X-Ratelimit-Reset-Requests"":""13s"",""X-Ratelimit-Reset-Tokens"":""13s""}",113.48
score/16/042/vercel,vercel,score,16,42,1,429,false,HTTP 429,"{""error"":{""message"":""The upstream provider is currently experiencing high demand. Please retry shortly."",""type"":""rate_limit_exceeded"",""param"":{""error"":""The upstream provider is currently experiencing high demand. Please retry shortly."",""type"":""rate_limit_exceeded"",""statusCode"":429,""name"":""RateLimitExceededError"",""message"":""The upstream provider is currently experiencing high demand. Please retry shortly.""}},""providerMetadata"":{""gateway"":{""routing"":{""originalModelId"":""typesafe-ai/jev"",""resolvedProvider"":""typesafe-ai"",""fallbacksAvailable"":[],""canonicalSlug"":""typesafe-ai/jev"",""modelAttemptCount"":1,""modelAttempts"":[{""canonicalSlug"":""typesafe-ai/jev"",""success"":false,""providerAttemptCount"":0,""providerAttempts"":[]}],""totalProviderAttemptCount"":0},""generationId"":""gen_01M362BPKD19YKAKNG4EHBSY67""}}}",13,"{""X-Ratelimit-Limit-Requests"":""30"",""X-Ratelimit-Limit-Tokens"":""250000"",""X-Ratelimit-Remaining-Requests"":""0"",""X-Ratelimit-Remaining-Tokens"":""166192"",""X-Ratelimit-Reset-Requests"":""13s"",""X-Ratelimit-Reset-Tokens"":""13s""}",180.97
score/16/043/vercel,vercel,score,16,43,1,520,false,HTTP 520,"{""error"":{""message"":""<none>"",""type"":""AI_APICallError"",""param"":{""error"":""<none>"",""statusCode"":520,""name"":""AI_APICallError"",""message"":""<none>"",""isRetryable"":true,""type"":""AI_APICallError""}},""providerMetadata"":{""gateway"":{""routing"":{""originalModelId"":""typesafe-ai/jev"",""resolvedProvider"":""typesafe-ai"",""fallbacksAvailable"":[],""canonicalSlug"":""typesafe-ai/jev"",""modelAttemptCount"":1,""modelAttempts"":[{""canonicalSlug"":""typesafe-ai/jev"",""success"":false,""providerAttemptCount"":1,""providerAttempts"":[{""provider"":""typesafe-ai"",""credentialType"":""system"",""success"":false,""error"":""<none>"",""startTime"":1790131428308,""endTime"":1790131439222,""statusCode"":520}]}],""totalProviderAttemptCount"":1},""generationId"":""gen_01M362BPY13H995FXGVNN54WSY""}}}",,null,11023.46
score/16/044/vercel,vercel,score,16,44,1,503,false,HTTP 503,"{""error"":{""message"":""Service temporarily unavailable. Please try again shortly."",""type"":""service_unavailable_error"",""param"":{""error"":""Service temporarily unavailable. Please try again shortly."",""type"":""service_unavailable_error"",""statusCode"":503}},""providerMetadata"":{""gateway"":{""routing"":{""originalModelId"":""typesafe-ai/jev"",""resolvedProvider"":""typesafe-ai"",""fallbacksAvailable"":[],""canonicalSlug"":""typesafe-ai/jev"",""modelAttemptCount"":1,""modelAttempts"":[{""canonicalSlug"":""typesafe-ai/jev"",""success"":false,""providerAttemptCount"":1,""providerAttempts"":[{""provider"":""typesafe-ai"",""credentialType"":""system"",""success"":false,""error"":""Service temporarily unavailable"",""startTime"":1790131440557,""endTime"":1790131440658,""statusCode"":503}]}],""totalProviderAttemptCount"":1},""generationId"":""gen_01M362C2WD7ZMXJF4EJ990HPZW""}}}",,null,215.10
mixed/16/003/vercel,vercel,mixed,16,3,1,429,false,HTTP 429,"{""error"":{""message"":""The upstream provider is currently experiencing high demand. Please retry shortly."",""type"":""rate_limit_exceeded"",""param"":{""error"":""The upstream provider is currently experiencing high demand. Please retry shortly."",""type"":""rate_limit_exceeded"",""statusCode"":429,""name"":""RateLimitExceededError"",""message"":""The upstream provider is currently experiencing high demand. Please retry shortly.""}},""providerMetadata"":{""gateway"":{""routing"":{""originalModelId"":""typesafe-ai/jev"",""resolvedProvider"":""typesafe-ai"",""fallbacksAvailable"":[],""canonicalSlug"":""typesafe-ai/jev"",""modelAttemptCount"":1,""modelAttempts"":[{""canonicalSlug"":""typesafe-ai/jev"",""success"":false,""providerAttemptCount"":0,""providerAttempts"":[]}],""totalProviderAttemptCount"":0},""generationId"":""gen_01M362CAFRJJ0J7GZJGHV0Y3KW""}}}",52,"{""X-Ratelimit-Limit-Requests"":""30"",""X-Ratelimit-Limit-Tokens"":""250000"",""X-Ratelimit-Remaining-Requests"":""0"",""X-Ratelimit-Remaining-Tokens"":""165923"",""X-Ratelimit-Reset-Requests"":""52s"",""X-Ratelimit-Reset-Tokens"":""52s""}",89.25
mixed/16/004/vercel,vercel,mixed,16,4,1,429,false,HTTP 429,"{""error"":{""message"":""The upstream provider is currently experiencing high demand. Please retry shortly."",""type"":""rate_limit_exceeded"",""param"":{""error"":""The upstream provider is currently experiencing high demand. Please retry shortly."",""type"":""rate_limit_exceeded"",""statusCode"":429,""name"":""RateLimitExceededError"",""message"":""The upstream provider is currently experiencing high demand. Please retry shortly.""}},""providerMetadata"":{""gateway"":{""routing"":{""originalModelId"":""typesafe-ai/jev"",""resolvedProvider"":""typesafe-ai"",""fallbacksAvailable"":[],""canonicalSlug"":""typesafe-ai/jev"",""modelAttemptCount"":1,""modelAttempts"":[{""canonicalSlug"":""typesafe-ai/jev"",""success"":false,""providerAttemptCount"":0,""providerAttempts"":[]}],""totalProviderAttemptCount"":0},""generationId"":""gen_01M362CB2TMSCPQ3SSEKHWTVB5""}}}",52,"{""X-Ratelimit-Limit-Requests"":""30"",""X-Ratelimit-Limit-Tokens"":""250000"",""X-Ratelimit-Remaining-Requests"":""0"",""X-Ratelimit-Remaining-Tokens"":""170097"",""X-Ratelimit-Reset-Requests"":""52s"",""X-Ratelimit-Reset-Tokens"":""52s""}",87.88
mixed/16/005/vercel,vercel,mixed,16,5,1,503,false,HTTP 503,"{""error"":{""message"":""Service temporarily unavailable. Please try again shortly."",""type"":""service_unavailable_error"",""param"":{""error"":""Service temporarily unavailable. Please try again shortly."",""type"":""service_unavailable_error"",""statusCode"":503}},""providerMetadata"":{""gateway"":{""routing"":{""originalModelId"":""typesafe-ai/jev"",""resolvedProvider"":""typesafe-ai"",""fallbacksAvailable"":[],""canonicalSlug"":""typesafe-ai/jev"",""modelAttemptCount"":1,""modelAttempts"":[{""canonicalSlug"":""typesafe-ai/jev"",""success"":false,""providerAttemptCount"":1,""providerAttempts"":[{""provider"":""typesafe-ai"",""credentialType"":""system"",""success"":false,""error"":""Service temporarily unavailable"",""startTime"":1790131449971,""endTime"":1790131450081,""statusCode"":503}]}],""totalProviderAttemptCount"":1},""generationId"":""gen_01M362CC2XSR0STTAED4FQAYFG""}}}",,null,194.26
mixed/16/006/vercel,vercel,mixed,16,6,1,429,false,HTTP 429,"{""error"":{""message"":""The upstream provider is currently experiencing high demand. Please retry shortly."",""type"":""rate_limit_exceeded"",""param"":{""error"":""The upstream provider is currently experiencing high demand. Please retry shortly."",""type"":""rate_limit_exceeded"",""statusCode"":429,""name"":""RateLimitExceededError"",""message"":""The upstream provider is currently experiencing high demand. Please retry shortly.""}},""providerMetadata"":{""gateway"":{""routing"":{""originalModelId"":""typesafe-ai/jev"",""resolvedProvider"":""typesafe-ai"",""fallbacksAvailable"":[],""canonicalSlug"":""typesafe-ai/jev"",""modelAttemptCount"":1,""modelAttempts"":[{""canonicalSlug"":""typesafe-ai/jev"",""success"":false,""providerAttemptCount"":0,""providerAttempts"":[]}],""totalProviderAttemptCount"":0},""generationId"":""gen_01M362CC999YJMK59BNZF3JNQ7""}}}",50,"{""X-Ratelimit-Limit-Requests"":""30"",""X-Ratelimit-Limit-Tokens"":""250000"",""X-Ratelimit-Remaining-Requests"":""0"",""X-Ratelimit-Remaining-Tokens"":""166621"",""X-Ratelimit-Reset-Requests"":""50s"",""X-Ratelimit-Reset-Tokens"":""50s""}",88.70
mixed/16/007/vercel,vercel,mixed,16,7,1,429,false,HTTP 429,"{""error"":{""message"":""The upstream provider is currently experiencing high demand. Please retry shortly."",""type"":""rate_limit_exceeded"",""param"":{""error"":""The upstream provider is currently experiencing high demand. Please retry shortly."",""type"":""rate_limit_exceeded"",""statusCode"":429,""name"":""RateLimitExceededError"",""message"":""The upstream provider is currently experiencing high demand. Please retry shortly.""}},""providerMetadata"":{""gateway"":{""routing"":{""originalModelId"":""typesafe-ai/jev"",""resolvedProvider"":""typesafe-ai"",""fallbacksAvailable"":[],""canonicalSlug"":""typesafe-ai/jev"",""modelAttemptCount"":1,""modelAttempts"":[{""canonicalSlug"":""typesafe-ai/jev"",""success"":false,""providerAttemptCount"":0,""providerAttempts"":[]}],""totalProviderAttemptCount"":0},""generationId"":""gen_01M362CD8BKYMNEW016MQTC0K5""}}}",49,"{""X-Ratelimit-Limit-Requests"":""30"",""X-Ratelimit-Limit-Tokens"":""250000"",""X-Ratelimit-Remaining-Requests"":""0"",""X-Ratelimit-Remaining-Tokens"":""167883"",""X-Ratelimit-Reset-Requests"":""49s"",""X-Ratelimit-Reset-Tokens"":""49s""}",93.01
mixed/16/008/vercel,vercel,mixed,16,8,1,429,false,HTTP 429,"{""error"":{""message"":""The upstream provider is currently experiencing high demand. Please retry shortly."",""type"":""rate_limit_exceeded"",""param"":{""error"":""The upstream provider is currently experiencing high demand. Please retry shortly."",""type"":""rate_limit_exceeded"",""statusCode"":429,""name"":""RateLimitExceededError"",""message"":""The upstream provider is currently experiencing high demand. Please retry shortly.""}},""providerMetadata"":{""gateway"":{""routing"":{""originalModelId"":""typesafe-ai/jev"",""resolvedProvider"":""typesafe-ai"",""fallbacksAvailable"":[],""canonicalSlug"":""typesafe-ai/jev"",""modelAttemptCount"":1,""modelAttempts"":[{""canonicalSlug"":""typesafe-ai/jev"",""success"":false,""providerAttemptCount"":0,""providerAttempts"":[]}],""totalProviderAttemptCount"":0},""generationId"":""gen_01M362CDPJ6P7AFH68MFG54BJ1""}}}",49,"{""X-Ratelimit-Limit-Requests"":""30"",""X-Ratelimit-Limit-Tokens"":""250000"",""X-Ratelimit-Remaining-Requests"":""0"",""X-Ratelimit-Remaining-Tokens"":""165923"",""X-Ratelimit-Reset-Requests"":""49s"",""X-Ratelimit-Reset-Tokens"":""49s""}",84.07
mixed/16/010/vercel,vercel,mixed,16,10,1,429,false,HTTP 429,"{""error"":{""message"":""The upstream provider is currently experiencing high demand. Please retry shortly."",""type"":""rate_limit_exceeded"",""param"":{""error"":""The upstream provider is currently experiencing high demand. Please retry shortly."",""type"":""rate_limit_exceeded"",""statusCode"":429,""name"":""RateLimitExceededError"",""message"":""The upstream provider is currently experiencing high demand. Please retry shortly.""}},""providerMetadata"":{""gateway"":{""routing"":{""originalModelId"":""typesafe-ai/jev"",""resolvedProvider"":""typesafe-ai"",""fallbacksAvailable"":[],""canonicalSlug"":""typesafe-ai/jev"",""modelAttemptCount"":1,""modelAttempts"":[{""canonicalSlug"":""typesafe-ai/jev"",""success"":false,""providerAttemptCount"":0,""providerAttempts"":[]}],""totalProviderAttemptCount"":0},""generationId"":""gen_01M362CF11M8V7Y3FG6AQKGSVX""}}}",48,"{""X-Ratelimit-Limit-Requests"":""30"",""X-Ratelimit-Limit-Tokens"":""250000"",""X-Ratelimit-Remaining-Requests"":""0"",""X-Ratelimit-Remaining-Tokens"":""169187"",""X-Ratelimit-Reset-Requests"":""48s"",""X-Ratelimit-Reset-Tokens"":""48s""}",89.98
mixed/16/011/vercel,vercel,mixed,16,11,1,429,false,HTTP 429,"{""error"":{""message"":""The upstream provider is currently experiencing high demand. Please retry shortly."",""type"":""rate_limit_exceeded"",""param"":{""error"":""The upstream provider is currently experiencing high demand. Please retry shortly."",""type"":""rate_limit_exceeded"",""statusCode"":429,""name"":""RateLimitExceededError"",""message"":""The upstream provider is currently experiencing high demand. Please retry shortly.""}},""providerMetadata"":{""gateway"":{""routing"":{""originalModelId"":""typesafe-ai/jev"",""resolvedProvider"":""typesafe-ai"",""fallbacksAvailable"":[],""canonicalSlug"":""typesafe-ai/jev"",""modelAttemptCount"":1,""modelAttempts"":[{""canonicalSlug"":""typesafe-ai/jev"",""success"":false,""providerAttemptCount"":0,""providerAttempts"":[]}],""totalProviderAttemptCount"":0},""generationId"":""gen_01M362CG4A2ZDB5NTDQQ25RQ34""}}}",46,"{""X-Ratelimit-Limit-Requests"":""30"",""X-Ratelimit-Limit-Tokens"":""250000"",""X-Ratelimit-Remaining-Requests"":""0"",""X-Ratelimit-Remaining-Tokens"":""168430"",""X-Ratelimit-Reset-Requests"":""46s"",""X-Ratelimit-Reset-Tokens"":""46s""}",94.41
mixed/16/013/vercel,vercel,mixed,16,13,1,429,false,HTTP 429,"{""error"":{""message"":""The upstream provider is currently experiencing high demand. Please retry shortly."",""type"":""rate_limit_exceeded"",""param"":{""error"":""The upstream provider is currently experiencing high demand. Please retry shortly."",""type"":""rate_limit_exceeded"",""statusCode"":429,""name"":""RateLimitExceededError"",""message"":""The upstream provider is currently experiencing high demand. Please retry shortly.""}},""providerMetadata"":{""gateway"":{""routing"":{""originalModelId"":""typesafe-ai/jev"",""resolvedProvider"":""typesafe-ai"",""fallbacksAvailable"":[],""canonicalSlug"":""typesafe-ai/jev"",""modelAttemptCount"":1,""modelAttempts"":[{""canonicalSlug"":""typesafe-ai/jev"",""success"":false,""providerAttemptCount"":0,""providerAttempts"":[]}],""totalProviderAttemptCount"":0},""generationId"":""gen_01M362CHPWJRA6Q3G6B0M4SS2F""}}}",45,"{""X-Ratelimit-Limit-Requests"":""30"",""X-Ratelimit-Limit-Tokens"":""250000"",""X-Ratelimit-Remaining-Requests"":""0"",""X-Ratelimit-Remaining-Tokens"":""169730"",""X-Ratelimit-Reset-Requests"":""45s"",""X-Ratelimit-Reset-Tokens"":""45s""}",101.92
mixed/16/014/vercel,vercel,mixed,16,14,1,429,false,HTTP 429,"{""error"":{""message"":""The upstream provider is currently experiencing high demand. Please retry shortly."",""type"":""rate_limit_exceeded"",""param"":{""error"":""The upstream provider is currently experiencing high demand. Please retry shortly."",""type"":""rate_limit_exceeded"",""statusCode"":429,""name"":""RateLimitExceededError"",""message"":""The upstream provider is currently experiencing high demand. Please retry shortly.""}},""providerMetadata"":{""gateway"":{""routing"":{""originalModelId"":""typesafe-ai/jev"",""resolvedProvider"":""typesafe-ai"",""fallbacksAvailable"":[],""canonicalSlug"":""typesafe-ai/jev"",""modelAttemptCount"":1,""modelAttempts"":[{""canonicalSlug"":""typesafe-ai/jev"",""success"":false,""providerAttemptCount"":0,""providerAttempts"":[]}],""totalProviderAttemptCount"":0},""generationId"":""gen_01M362CJ2SZHA22ZPMAGFWES7S""}}}",44,"{""X-Ratelimit-Limit-Requests"":""30"",""X-Ratelimit-Limit-Tokens"":""250000"",""X-Ratelimit-Remaining-Requests"":""0"",""X-Ratelimit-Remaining-Tokens"":""169709"",""X-Ratelimit-Reset-Requests"":""44s"",""X-Ratelimit-Reset-Tokens"":""44s""}",87.43
mixed/16/016/vercel,vercel,mixed,16,16,1,429,false,HTTP 429,"{""error"":{""message"":""The upstream provider is currently experiencing high demand. Please retry shortly."",""type"":""rate_limit_exceeded"",""param"":{""error"":""The upstream provider is currently experiencing high demand. Please retry shortly."",""type"":""rate_limit_exceeded"",""statusCode"":429,""name"":""RateLimitExceededError"",""message"":""The upstream provider is currently experiencing high demand. Please retry shortly.""}},""providerMetadata"":{""gateway"":{""routing"":{""originalModelId"":""typesafe-ai/jev"",""resolvedProvider"":""typesafe-ai"",""fallbacksAvailable"":[],""canonicalSlug"":""typesafe-ai/jev"",""modelAttemptCount"":1,""modelAttempts"":[{""canonicalSlug"":""typesafe-ai/jev"",""success"":false,""providerAttemptCount"":0,""providerAttempts"":[]}],""totalProviderAttemptCount"":0},""generationId"":""gen_01M362CMBYFZD14PH9V30Y6AXA""}}}",42,"{""X-Ratelimit-Limit-Requests"":""30"",""X-Ratelimit-Limit-Tokens"":""250000"",""X-Ratelimit-Remaining-Requests"":""0"",""X-Ratelimit-Remaining-Tokens"":""169037"",""X-Ratelimit-Reset-Requests"":""42s"",""X-Ratelimit-Reset-Tokens"":""42s""}",98.70
mixed/16/017/vercel,vercel,mixed,16,17,1,429,false,HTTP 429,"{""error"":{""message"":""The upstream provider is currently experiencing high demand. Please retry shortly."",""type"":""rate_limit_exceeded"",""param"":{""error"":""The upstream provider is currently experiencing high demand. Please retry shortly."",""type"":""rate_limit_exceeded"",""statusCode"":429,""name"":""RateLimitExceededError"",""message"":""The upstream provider is currently experiencing high demand. Please retry shortly.""}},""providerMetadata"":{""gateway"":{""routing"":{""originalModelId"":""typesafe-ai/jev"",""resolvedProvider"":""typesafe-ai"",""fallbacksAvailable"":[],""canonicalSlug"":""typesafe-ai/jev"",""modelAttemptCount"":1,""modelAttempts"":[{""canonicalSlug"":""typesafe-ai/jev"",""success"":false,""providerAttemptCount"":0,""providerAttempts"":[]}],""totalProviderAttemptCount"":0},""generationId"":""gen_01M362CMZ8RRRG692Q3S2QATKP""}}}",41,"{""X-Ratelimit-Limit-Requests"":""30"",""X-Ratelimit-Limit-Tokens"":""250000"",""X-Ratelimit-Remaining-Requests"":""0"",""X-Ratelimit-Remaining-Tokens"":""168751"",""X-Ratelimit-Reset-Requests"":""41s"",""X-Ratelimit-Reset-Tokens"":""41s""}",92.20
mixed/16/019/vercel,vercel,mixed,16,19,1,429,false,HTTP 429,"{""error"":{""message"":""The upstream provider is currently experiencing high demand. Please retry shortly."",""type"":""rate_limit_exceeded"",""param"":{""error"":""The upstream provider is currently experiencing high demand. Please retry shortly."",""type"":""rate_limit_exceeded"",""statusCode"":429,""name"":""RateLimitExceededError"",""message"":""The upstream provider is currently experiencing high demand. Please retry shortly.""}},""providerMetadata"":{""gateway"":{""routing"":{""originalModelId"":""typesafe-ai/jev"",""resolvedProvider"":""typesafe-ai"",""fallbacksAvailable"":[],""canonicalSlug"":""typesafe-ai/jev"",""modelAttemptCount"":1,""modelAttempts"":[{""canonicalSlug"":""typesafe-ai/jev"",""success"":false,""providerAttemptCount"":0,""providerAttempts"":[]}],""totalProviderAttemptCount"":0},""generationId"":""gen_01M362CPT1T08YR0ZEVWD73GPX""}}}",40,"{""X-Ratelimit-Limit-Requests"":""30"",""X-Ratelimit-Limit-Tokens"":""250000"",""X-Ratelimit-Remaining-Requests"":""0"",""X-Ratelimit-Remaining-Tokens"":""169754"",""X-Ratelimit-Reset-Requests"":""40s"",""X-Ratelimit-Reset-Tokens"":""40s""}",94.28
mixed/16/020/vercel,vercel,mixed,16,20,1,429,false,HTTP 429,"{""error"":{""message"":""The upstream provider is currently experiencing high demand. Please retry shortly."",""type"":""rate_limit_exceeded"",""param"":{""error"":""The upstream provider is currently experiencing high demand. Please retry shortly."",""type"":""rate_limit_exceeded"",""statusCode"":429,""name"":""RateLimitExceededError"",""message"":""The upstream provider is currently experiencing high demand. Please retry shortly.""}},""providerMetadata"":{""gateway"":{""routing"":{""originalModelId"":""typesafe-ai/jev"",""resolvedProvider"":""typesafe-ai"",""fallbacksAvailable"":[],""canonicalSlug"":""typesafe-ai/jev"",""modelAttemptCount"":1,""modelAttempts"":[{""canonicalSlug"":""typesafe-ai/jev"",""success"":false,""providerAttemptCount"":0,""providerAttempts"":[]}],""totalProviderAttemptCount"":0},""generationId"":""gen_01M362CQ48J83H67D7M3481K6N""}}}",39,"{""X-Ratelimit-Limit-Requests"":""30"",""X-Ratelimit-Limit-Tokens"":""250000"",""X-Ratelimit-Remaining-Requests"":""0"",""X-Ratelimit-Remaining-Tokens"":""169068"",""X-Ratelimit-Reset-Requests"":""39s"",""X-Ratelimit-Reset-Tokens"":""39s""}",98.68
mixed/16/022/vercel,vercel,mixed,16,22,1,429,false,HTTP 429,"{""error"":{""message"":""The upstream provider is currently experiencing high demand. Please retry shortly."",""type"":""rate_limit_exceeded"",""param"":{""error"":""The upstream provider is currently experiencing high demand. Please retry shortly."",""type"":""rate_limit_exceeded"",""statusCode"":429,""name"":""RateLimitExceededError"",""message"":""The upstream provider is currently experiencing high demand. Please retry shortly.""}},""providerMetadata"":{""gateway"":{""routing"":{""originalModelId"":""typesafe-ai/jev"",""resolvedProvider"":""typesafe-ai"",""fallbacksAvailable"":[],""canonicalSlug"":""typesafe-ai/jev"",""modelAttemptCount"":1,""modelAttempts"":[{""canonicalSlug"":""typesafe-ai/jev"",""success"":false,""providerAttemptCount"":0,""providerAttempts"":[]}],""totalProviderAttemptCount"":0},""generationId"":""gen_01M362CSBJ9PVXE8829BVE073Y""}}}",37,"{""X-Ratelimit-Limit-Requests"":""30"",""X-Ratelimit-Limit-Tokens"":""250000"",""X-Ratelimit-Remaining-Requests"":""0"",""X-Ratelimit-Remaining-Tokens"":""170901"",""X-Ratelimit-Reset-Requests"":""37s"",""X-Ratelimit-Reset-Tokens"":""37s""}",82.34
mixed/16/024/vercel,vercel,mixed,16,24,1,429,false,HTTP 429,"{""error"":{""message"":""The upstream provider is currently experiencing high demand. Please retry shortly."",""type"":""rate_limit_exceeded"",""param"":{""error"":""The upstream provider is currently experiencing high demand. Please retry shortly."",""type"":""rate_limit_exceeded"",""statusCode"":429,""name"":""RateLimitExceededError"",""message"":""The upstream provider is currently experiencing high demand. Please retry shortly.""}},""providerMetadata"":{""gateway"":{""routing"":{""originalModelId"":""typesafe-ai/jev"",""resolvedProvider"":""typesafe-ai"",""fallbacksAvailable"":[],""canonicalSlug"":""typesafe-ai/jev"",""modelAttemptCount"":1,""modelAttempts"":[{""canonicalSlug"":""typesafe-ai/jev"",""success"":false,""providerAttemptCount"":0,""providerAttempts"":[]}],""totalProviderAttemptCount"":0},""generationId"":""gen_01M362CTYFMWWYM8MP199N0NRS""}}}",35,"{""X-Ratelimit-Limit-Requests"":""30"",""X-Ratelimit-Limit-Tokens"":""250000"",""X-Ratelimit-Remaining-Requests"":""0"",""X-Ratelimit-Remaining-Tokens"":""170475"",""X-Ratelimit-Reset-Requests"":""35s"",""X-Ratelimit-Reset-Tokens"":""35s""}",88.88
mixed/16/025/vercel,vercel,mixed,16,25,1,429,false,HTTP 429,"{""error"":{""message"":""The upstream provider is currently experiencing high demand. Please retry shortly."",""type"":""rate_limit_exceeded"",""param"":{""error"":""The upstream provider is currently experiencing high demand. Please retry shortly."",""type"":""rate_limit_exceeded"",""statusCode"":429,""name"":""RateLimitExceededError"",""message"":""The upstream provider is currently experiencing high demand. Please retry shortly.""}},""providerMetadata"":{""gateway"":{""routing"":{""originalModelId"":""typesafe-ai/jev"",""resolvedProvider"":""typesafe-ai"",""fallbacksAvailable"":[],""canonicalSlug"":""typesafe-ai/jev"",""modelAttemptCount"":1,""modelAttempts"":[{""canonicalSlug"":""typesafe-ai/jev"",""success"":false,""providerAttemptCount"":0,""providerAttempts"":[]}],""totalProviderAttemptCount"":0},""generationId"":""gen_01M362CV8ZEHQ1BT3DKF5H5PA7""}}}",35,"{""X-Ratelimit-Limit-Requests"":""30"",""X-Ratelimit-Limit-Tokens"":""250000"",""X-Ratelimit-Remaining-Requests"":""0"",""X-Ratelimit-Remaining-Tokens"":""169914"",""X-Ratelimit-Reset-Requests"":""35s"",""X-Ratelimit-Reset-Tokens"":""35s""}",104.43
mixed/16/026/vercel,vercel,mixed,16,26,1,429,false,HTTP 429,"{""error"":{""message"":""The upstream provider is currently experiencing high demand. Please retry shortly."",""type"":""rate_limit_exceeded"",""param"":{""error"":""The upstream provider is currently experiencing high demand. Please retry shortly."",""type"":""rate_limit_exceeded"",""statusCode"":429,""name"":""RateLimitExceededError"",""message"":""The upstream provider is currently experiencing high demand. Please retry shortly.""}},""providerMetadata"":{""gateway"":{""routing"":{""originalModelId"":""typesafe-ai/jev"",""resolvedProvider"":""typesafe-ai"",""fallbacksAvailable"":[],""canonicalSlug"":""typesafe-ai/jev"",""modelAttemptCount"":1,""modelAttempts"":[{""canonicalSlug"":""typesafe-ai/jev"",""success"":false,""providerAttemptCount"":0,""providerAttempts"":[]}],""totalProviderAttemptCount"":0},""generationId"":""gen_01M362CVX6BJRA4WVRR8AAT3JC""}}}",34,"{""X-Ratelimit-Limit-Requests"":""30"",""X-Ratelimit-Limit-Tokens"":""250000"",""X-Ratelimit-Remaining-Requests"":""0"",""X-Ratelimit-Remaining-Tokens"":""169389"",""X-Ratelimit-Reset-Requests"":""34s"",""X-Ratelimit-Reset-Tokens"":""34s""}",96.01
mixed/16/028/vercel,vercel,mixed,16,28,1,429,false,HTTP 429,"{""error"":{""message"":""The upstream provider is currently experiencing high demand. Please retry shortly."",""type"":""rate_limit_exceeded"",""param"":{""error"":""The upstream provider is currently experiencing high demand. Please retry shortly."",""type"":""rate_limit_exceeded"",""statusCode"":429,""name"":""RateLimitExceededError"",""message"":""The upstream provider is currently experiencing high demand. Please retry shortly.""}},""providerMetadata"":{""gateway"":{""routing"":{""originalModelId"":""typesafe-ai/jev"",""resolvedProvider"":""typesafe-ai"",""fallbacksAvailable"":[],""canonicalSlug"":""typesafe-ai/jev"",""modelAttemptCount"":1,""modelAttempts"":[{""canonicalSlug"":""typesafe-ai/jev"",""success"":false,""providerAttemptCount"":0,""providerAttempts"":[]}],""totalProviderAttemptCount"":0},""generationId"":""gen_01M362CXHMRRKVMSHRRQV02B3X""}}}",33,"{""X-Ratelimit-Limit-Requests"":""30"",""X-Ratelimit-Limit-Tokens"":""250000"",""X-Ratelimit-Remaining-Requests"":""0"",""X-Ratelimit-Remaining-Tokens"":""168256"",""X-Ratelimit-Reset-Requests"":""33s"",""X-Ratelimit-Reset-Tokens"":""33s""}",199.15
mixed/16/030/vercel,vercel,mixed,16,30,1,429,false,HTTP 429,"{""error"":{""message"":""The upstream provider is currently experiencing high demand. Please retry shortly."",""type"":""rate_limit_exceeded"",""param"":{""error"":""The upstream provider is currently experiencing high demand. Please retry shortly."",""type"":""rate_limit_exceeded"",""statusCode"":429,""name"":""RateLimitExceededError"",""message"":""The upstream provider is currently experiencing high demand. Please retry shortly.""}},""providerMetadata"":{""gateway"":{""routing"":{""originalModelId"":""typesafe-ai/jev"",""resolvedProvider"":""typesafe-ai"",""fallbacksAvailable"":[],""canonicalSlug"":""typesafe-ai/jev"",""modelAttemptCount"":1,""modelAttempts"":[{""canonicalSlug"":""typesafe-ai/jev"",""success"":false,""providerAttemptCount"":0,""providerAttempts"":[]}],""totalProviderAttemptCount"":0},""generationId"":""gen_01M362CZP97X94EXQC3WGQYE8C""}}}",30,"{""X-Ratelimit-Limit-Requests"":""30"",""X-Ratelimit-Limit-Tokens"":""250000"",""X-Ratelimit-Remaining-Requests"":""0"",""X-Ratelimit-Remaining-Tokens"":""168644"",""X-Ratelimit-Reset-Requests"":""30s"",""X-Ratelimit-Reset-Tokens"":""30s""}",88.23
mixed/16/031/vercel,vercel,mixed,16,31,1,429,false,HTTP 429,"{""error"":{""message"":""The upstream provider is currently experiencing high demand. Please retry shortly."",""type"":""rate_limit_exceeded"",""param"":{""error"":""The upstream provider is currently experiencing high demand. Please retry shortly."",""type"":""rate_limit_exceeded"",""statusCode"":429,""name"":""RateLimitExceededError"",""message"":""The upstream provider is currently experiencing high demand. Please retry shortly.""}},""providerMetadata"":{""gateway"":{""routing"":{""originalModelId"":""typesafe-ai/jev"",""resolvedProvider"":""typesafe-ai"",""fallbacksAvailable"":[],""canonicalSlug"":""typesafe-ai/jev"",""modelAttemptCount"":1,""modelAttempts"":[{""canonicalSlug"":""typesafe-ai/jev"",""success"":false,""providerAttemptCount"":0,""providerAttempts"":[]}],""totalProviderAttemptCount"":0},""generationId"":""gen_01M362CZZGCSDX37XFP7R0FZJK""}}}",30,"{""X-Ratelimit-Limit-Requests"":""30"",""X-Ratelimit-Limit-Tokens"":""250000"",""X-Ratelimit-Remaining-Requests"":""0"",""X-Ratelimit-Remaining-Tokens"":""168161"",""X-Ratelimit-Reset-Requests"":""30s"",""X-Ratelimit-Reset-Tokens"":""30s""}",86.97
mixed/16/032/vercel,vercel,mixed,16,32,1,429,false,HTTP 429,"{""error"":{""message"":""The upstream provider is currently experiencing high demand. Please retry shortly."",""type"":""rate_limit_exceeded"",""param"":{""error"":""The upstream provider is currently experiencing high demand. Please retry shortly."",""type"":""rate_limit_exceeded"",""statusCode"":429,""name"":""RateLimitExceededError"",""message"":""The upstream provider is currently experiencing high demand. Please retry shortly.""}},""providerMetadata"":{""gateway"":{""routing"":{""originalModelId"":""typesafe-ai/jev"",""resolvedProvider"":""typesafe-ai"",""fallbacksAvailable"":[],""canonicalSlug"":""typesafe-ai/jev"",""modelAttemptCount"":1,""modelAttempts"":[{""canonicalSlug"":""typesafe-ai/jev"",""success"":false,""providerAttemptCount"":0,""providerAttempts"":[]}],""totalProviderAttemptCount"":0},""generationId"":""gen_01M362D0JKX0SW6K8RR3HXB66T""}}}",30,"{""X-Ratelimit-Limit-Requests"":""30"",""X-Ratelimit-Limit-Tokens"":""250000"",""X-Ratelimit-Remaining-Requests"":""0"",""X-Ratelimit-Remaining-Tokens"":""170087"",""X-Ratelimit-Reset-Requests"":""30s"",""X-Ratelimit-Reset-Tokens"":""30s""}",89.61
mixed/16/034/vercel,vercel,mixed,16,34,1,429,false,HTTP 429,"{""error"":{""message"":""The upstream provider is currently experiencing high demand. Please retry shortly."",""type"":""rate_limit_exceeded"",""param"":{""error"":""The upstream provider is currently experiencing high demand. Please retry shortly."",""type"":""rate_limit_exceeded"",""statusCode"":429,""name"":""RateLimitExceededError"",""message"":""The upstream provider is currently experiencing high demand. Please retry shortly.""}},""providerMetadata"":{""gateway"":{""routing"":{""originalModelId"":""typesafe-ai/jev"",""resolvedProvider"":""typesafe-ai"",""fallbacksAvailable"":[],""canonicalSlug"":""typesafe-ai/jev"",""modelAttemptCount"":1,""modelAttempts"":[{""canonicalSlug"":""typesafe-ai/jev"",""success"":false,""providerAttemptCount"":0,""providerAttempts"":[]}],""totalProviderAttemptCount"":0},""generationId"":""gen_01M362D23T7R5SP103Y7BRJ6GF""}}}",28,"{""X-Ratelimit-Limit-Requests"":""30"",""X-Ratelimit-Limit-Tokens"":""250000"",""X-Ratelimit-Remaining-Requests"":""0"",""X-Ratelimit-Remaining-Tokens"":""168161"",""X-Ratelimit-Reset-Requests"":""28s"",""X-Ratelimit-Reset-Tokens"":""28s""}",113.36
mixed/16/036/vercel,vercel,mixed,16,36,1,429,false,HTTP 429,"{""error"":{""message"":""The upstream provider is currently experiencing high demand. Please retry shortly."",""type"":""rate_limit_exceeded"",""param"":{""error"":""The upstream provider is currently experiencing high demand. Please retry shortly."",""type"":""rate_limit_exceeded"",""statusCode"":429,""name"":""RateLimitExceededError"",""message"":""The upstream provider is currently experiencing high demand. Please retry shortly.""}},""providerMetadata"":{""gateway"":{""routing"":{""originalModelId"":""typesafe-ai/jev"",""resolvedProvider"":""typesafe-ai"",""fallbacksAvailable"":[],""canonicalSlug"":""typesafe-ai/jev"",""modelAttemptCount"":1,""modelAttempts"":[{""canonicalSlug"":""typesafe-ai/jev"",""success"":false,""providerAttemptCount"":0,""providerAttempts"":[]}],""totalProviderAttemptCount"":0},""generationId"":""gen_01M362D3T3E4A53AQHNCM1KEF4""}}}",26,"{""X-Ratelimit-Limit-Requests"":""30"",""X-Ratelimit-Limit-Tokens"":""250000"",""X-Ratelimit-Remaining-Requests"":""0"",""X-Ratelimit-Remaining-Tokens"":""169616"",""X-Ratelimit-Reset-Requests"":""26s"",""X-Ratelimit-Reset-Tokens"":""26s""}",89.86
mixed/16/037/vercel,vercel,mixed,16,37,1,429,false,HTTP 429,"{""error"":{""message"":""The upstream provider is currently experiencing high demand. Please retry shortly."",""type"":""rate_limit_exceeded"",""param"":{""error"":""The upstream provider is currently experiencing high demand. Please retry shortly."",""type"":""rate_limit_exceeded"",""statusCode"":429,""name"":""RateLimitExceededError"",""message"":""The upstream provider is currently experiencing high demand. Please retry shortly.""}},""providerMetadata"":{""gateway"":{""routing"":{""originalModelId"":""typesafe-ai/jev"",""resolvedProvider"":""typesafe-ai"",""fallbacksAvailable"":[],""canonicalSlug"":""typesafe-ai/jev"",""modelAttemptCount"":1,""modelAttempts"":[{""canonicalSlug"":""typesafe-ai/jev"",""success"":false,""providerAttemptCount"":0,""providerAttempts"":[]}],""totalProviderAttemptCount"":0},""generationId"":""gen_01M362D53BGEZSJB2FG148W6VN""}}}",25,"{""X-Ratelimit-Limit-Requests"":""30"",""X-Ratelimit-Limit-Tokens"":""250000"",""X-Ratelimit-Remaining-Requests"":""0"",""X-Ratelimit-Remaining-Tokens"":""168847"",""X-Ratelimit-Reset-Requests"":""25s"",""X-Ratelimit-Reset-Tokens"":""25s""}",85.12
mixed/16/039/vercel,vercel,mixed,16,39,1,429,false,HTTP 429,"{""error"":{""message"":""The upstream provider is currently experiencing high demand. Please retry shortly."",""type"":""rate_limit_exceeded"",""param"":{""error"":""The upstream provider is currently experiencing high demand. Please retry shortly."",""type"":""rate_limit_exceeded"",""statusCode"":429,""name"":""RateLimitExceededError"",""message"":""The upstream provider is currently experiencing high demand. Please retry shortly.""}},""providerMetadata"":{""gateway"":{""routing"":{""originalModelId"":""typesafe-ai/jev"",""resolvedProvider"":""typesafe-ai"",""fallbacksAvailable"":[],""canonicalSlug"":""typesafe-ai/jev"",""modelAttemptCount"":1,""modelAttempts"":[{""canonicalSlug"":""typesafe-ai/jev"",""success"":false,""providerAttemptCount"":0,""providerAttempts"":[]}],""totalProviderAttemptCount"":0},""generationId"":""gen_01M362D72WZZ9Y8CPKZYN8RW1A""}}}",23,"{""X-Ratelimit-Limit-Requests"":""30"",""X-Ratelimit-Limit-Tokens"":""250000"",""X-Ratelimit-Remaining-Requests"":""0"",""X-Ratelimit-Remaining-Tokens"":""169616"",""X-Ratelimit-Reset-Requests"":""23s"",""X-Ratelimit-Reset-Tokens"":""23s""}",82.54
mixed/16/040/vercel,vercel,mixed,16,40,1,429,false,HTTP 429,"{""error"":{""message"":""The upstream provider is currently experiencing high demand. Please retry shortly."",""type"":""rate_limit_exceeded"",""param"":{""error"":""The upstream provider is currently experiencing high demand. Please retry shortly."",""type"":""rate_limit_exceeded"",""statusCode"":429,""name"":""RateLimitExceededError"",""message"":""The upstream provider is currently experiencing high demand. Please retry shortly.""}},""providerMetadata"":{""gateway"":{""routing"":{""originalModelId"":""typesafe-ai/jev"",""resolvedProvider"":""typesafe-ai"",""fallbacksAvailable"":[],""canonicalSlug"":""typesafe-ai/jev"",""modelAttemptCount"":1,""modelAttempts"":[{""canonicalSlug"":""typesafe-ai/jev"",""success"":false,""providerAttemptCount"":0,""providerAttempts"":[]}],""totalProviderAttemptCount"":0},""generationId"":""gen_01M362D7HQT42K1Q027CSE97FK""}}}",22,"{""X-Ratelimit-Limit-Requests"":""30"",""X-Ratelimit-Limit-Tokens"":""250000"",""X-Ratelimit-Remaining-Requests"":""0"",""X-Ratelimit-Remaining-Tokens"":""168346"",""X-Ratelimit-Reset-Requests"":""22s"",""X-Ratelimit-Reset-Tokens"":""22s""}",282.81
mixed/16/042/vercel,vercel,mixed,16,42,1,429,false,HTTP 429,"{""error"":{""message"":""The upstream provider is currently experiencing high demand. Please retry shortly."",""type"":""rate_limit_exceeded"",""param"":{""error"":""The upstream provider is currently experiencing high demand. Please retry shortly."",""type"":""rate_limit_exceeded"",""statusCode"":429,""name"":""RateLimitExceededError"",""message"":""The upstream provider is currently experiencing high demand. Please retry shortly.""}},""providerMetadata"":{""gateway"":{""routing"":{""originalModelId"":""typesafe-ai/jev"",""resolvedProvider"":""typesafe-ai"",""fallbacksAvailable"":[],""canonicalSlug"":""typesafe-ai/jev"",""modelAttemptCount"":1,""modelAttempts"":[{""canonicalSlug"":""typesafe-ai/jev"",""success"":false,""providerAttemptCount"":0,""providerAttempts"":[]}],""totalProviderAttemptCount"":0},""generationId"":""gen_01M362D984SC9DWJ9TQZ4KPM22""}}}",21,"{""X-Ratelimit-Limit-Requests"":""30"",""X-Ratelimit-Limit-Tokens"":""250000"",""X-Ratelimit-Remaining-Requests"":""0"",""X-Ratelimit-Remaining-Tokens"":""168346"",""X-Ratelimit-Reset-Requests"":""21s"",""X-Ratelimit-Reset-Tokens"":""21s""}",109.32
mixed/16/043/vercel,vercel,mixed,16,43,1,429,false,HTTP 429,"{""error"":{""message"":""The upstream provider is currently experiencing high demand. Please retry shortly."",""type"":""rate_limit_exceeded"",""param"":{""error"":""The upstream provider is currently experiencing high demand. Please retry shortly."",""type"":""rate_limit_exceeded"",""statusCode"":429,""name"":""RateLimitExceededError"",""message"":""The upstream provider is currently experiencing high demand. Please retry shortly.""}},""providerMetadata"":{""gateway"":{""routing"":{""originalModelId"":""typesafe-ai/jev"",""resolvedProvider"":""typesafe-ai"",""fallbacksAvailable"":[],""canonicalSlug"":""typesafe-ai/jev"",""modelAttemptCount"":1,""modelAttempts"":[{""canonicalSlug"":""typesafe-ai/jev"",""success"":false,""providerAttemptCount"":0,""providerAttempts"":[]}],""totalProviderAttemptCount"":0},""generationId"":""gen_01M362D9W23K4NQNBYTXJT2EDF""}}}",20,"{""X-Ratelimit-Limit-Requests"":""30"",""X-Ratelimit-Limit-Tokens"":""250000"",""X-Ratelimit-Remaining-Requests"":""0"",""X-Ratelimit-Remaining-Tokens"":""170313"",""X-Ratelimit-Reset-Requests"":""20s"",""X-Ratelimit-Reset-Tokens"":""20s""}",95.81
mixed/16/045/vercel,vercel,mixed,16,45,1,429,false,HTTP 429,"{""error"":{""message"":""The upstream provider is currently experiencing high demand. Please retry shortly."",""type"":""rate_limit_exceeded"",""param"":{""error"":""The upstream provider is currently experiencing high demand. Please retry shortly."",""type"":""rate_limit_exceeded"",""statusCode"":429,""name"":""RateLimitExceededError"",""message"":""The upstream provider is currently experiencing high demand. Please retry shortly.""}},""providerMetadata"":{""gateway"":{""routing"":{""originalModelId"":""typesafe-ai/jev"",""resolvedProvider"":""typesafe-ai"",""fallbacksAvailable"":[],""canonicalSlug"":""typesafe-ai/jev"",""modelAttemptCount"":1,""modelAttempts"":[{""canonicalSlug"":""typesafe-ai/jev"",""success"":false,""providerAttemptCount"":0,""providerAttempts"":[]}],""totalProviderAttemptCount"":0},""generationId"":""gen_01M362DBMYV1XTEQN2EZ14TGJ2""}}}",18,"{""X-Ratelimit-Limit-Requests"":""30"",""X-Ratelimit-Limit-Tokens"":""250000"",""X-Ratelimit-Remaining-Requests"":""0"",""X-Ratelimit-Remaining-Tokens"":""168060"",""X-Ratelimit-Reset-Requests"":""18s"",""X-Ratelimit-Reset-Tokens"":""18s""}",109.34
mixed/16/046/vercel,vercel,mixed,16,46,1,429,false,HTTP 429,"{""error"":{""message"":""The upstream provider is currently experiencing high demand. Please retry shortly."",""type"":""rate_limit_exceeded"",""param"":{""error"":""The upstream provider is currently experiencing high demand. Please retry shortly."",""type"":""rate_limit_exceeded"",""statusCode"":429,""name"":""RateLimitExceededError"",""message"":""The upstream provider is currently experiencing high demand. Please retry shortly.""}},""providerMetadata"":{""gateway"":{""routing"":{""originalModelId"":""typesafe-ai/jev"",""resolvedProvider"":""typesafe-ai"",""fallbacksAvailable"":[],""canonicalSlug"":""typesafe-ai/jev"",""modelAttemptCount"":1,""modelAttempts"":[{""canonicalSlug"":""typesafe-ai/jev"",""success"":false,""providerAttemptCount"":0,""providerAttempts"":[]}],""totalProviderAttemptCount"":0},""generationId"":""gen_01M362DBZCNNJF87B37FVNKY14""}}}",18,"{""X-Ratelimit-Limit-Requests"":""30"",""X-Ratelimit-Limit-Tokens"":""250000"",""X-Ratelimit-Remaining-Requests"":""0"",""X-Ratelimit-Remaining-Tokens"":""168422"",""X-Ratelimit-Reset-Requests"":""18s"",""X-Ratelimit-Reset-Tokens"":""18s""}",84.71
mixed/16/047/vercel,vercel,mixed,16,47,1,503,false,HTTP 503,"{""error"":{""message"":""Service temporarily unavailable. Please try again shortly."",""type"":""service_unavailable_error"",""param"":{""error"":""Service temporarily unavailable. Please try again shortly."",""type"":""service_unavailable_error"",""statusCode"":503}},""providerMetadata"":{""gateway"":{""routing"":{""originalModelId"":""typesafe-ai/jev"",""resolvedProvider"":""typesafe-ai"",""fallbacksAvailable"":[],""canonicalSlug"":""typesafe-ai/jev"",""modelAttemptCount"":1,""modelAttempts"":[{""canonicalSlug"":""typesafe-ai/jev"",""success"":false,""providerAttemptCount"":1,""providerAttempts"":[{""provider"":""typesafe-ai"",""credentialType"":""system"",""success"":false,""error"":""Service temporarily unavailable"",""startTime"":1790131483302,""endTime"":1790131483398,""statusCode"":503}]}],""totalProviderAttemptCount"":1},""generationId"":""gen_01M362DCMM7SNYQHMS2Z4NWJ1Z""}}}",,null,181.50
mixed/16/048/vercel,vercel,mixed,16,48,1,429,false,HTTP 429,"{""error"":{""message"":""The upstream provider is currently experiencing high demand. Please retry shortly."",""type"":""rate_limit_exceeded"",""param"":{""error"":""The upstream provider is currently experiencing high demand. Please retry shortly."",""type"":""rate_limit_exceeded"",""statusCode"":429,""name"":""RateLimitExceededError"",""message"":""The upstream provider is currently experiencing high demand. Please retry shortly.""}},""providerMetadata"":{""gateway"":{""routing"":{""originalModelId"":""typesafe-ai/jev"",""resolvedProvider"":""typesafe-ai"",""fallbacksAvailable"":[],""canonicalSlug"":""typesafe-ai/jev"",""modelAttemptCount"":1,""modelAttempts"":[{""canonicalSlug"":""typesafe-ai/jev"",""success"":false,""providerAttemptCount"":0,""providerAttempts"":[]}],""totalProviderAttemptCount"":0},""generationId"":""gen_01M362DDWGQBB1F221AWBHJ9TQ""}}}",16,"{""X-Ratelimit-Limit-Requests"":""30"",""X-Ratelimit-Limit-Tokens"":""250000"",""X-Ratelimit-Remaining-Requests"":""0"",""X-Ratelimit-Remaining-Tokens"":""168795"",""X-Ratelimit-Reset-Requests"":""16s"",""X-Ratelimit-Reset-Tokens"":""16s""}",166.64
mixed/16/049/vercel,vercel,mixed,16,49,1,429,false,HTTP 429,"{""error"":{""message"":""The upstream provider is currently experiencing high demand. Please retry shortly."",""type"":""rate_limit_exceeded"",""param"":{""error"":""The upstream provider is currently experiencing high demand. Please retry shortly."",""type"":""rate_limit_exceeded"",""statusCode"":429,""name"":""RateLimitExceededError"",""message"":""The upstream provider is currently experiencing high demand. Please retry shortly.""}},""providerMetadata"":{""gateway"":{""routing"":{""originalModelId"":""typesafe-ai/jev"",""resolvedProvider"":""typesafe-ai"",""fallbacksAvailable"":[],""canonicalSlug"":""typesafe-ai/jev"",""modelAttemptCount"":1,""modelAttempts"":[{""canonicalSlug"":""typesafe-ai/jev"",""success"":false,""providerAttemptCount"":0,""providerAttempts"":[]}],""totalProviderAttemptCount"":0},""generationId"":""gen_01M362DE8BWQV9QF46H8M3WHCC""}}}",16,"{""X-Ratelimit-Limit-Requests"":""30"",""X-Ratelimit-Limit-Tokens"":""250000"",""X-Ratelimit-Remaining-Requests"":""0"",""X-Ratelimit-Remaining-Tokens"":""169204"",""X-Ratelimit-Reset-Requests"":""16s"",""X-Ratelimit-Reset-Tokens"":""16s""}",84.94
noul/1/060/vercel,vercel,noul,1,60,2,429,false,HTTP 429,"{""error"":{""message"":""The upstream provider is currently experiencing high demand. Please retry shortly."",""type"":""rate_limit_exceeded"",""param"":{""error"":""The upstream provider is currently experiencing high demand. Please retry shortly."",""type"":""rate_limit_exceeded"",""statusCode"":429,""name"":""RateLimitExceededError"",""message"":""The upstream provider is currently experiencing high demand. Please retry shortly.""}},""providerMetadata"":{""gateway"":{""routing"":{""originalModelId"":""typesafe-ai/jev"",""resolvedProvider"":""typesafe-ai"",""fallbacksAvailable"":[],""canonicalSlug"":""typesafe-ai/jev"",""modelAttemptCount"":1,""modelAttempts"":[{""canonicalSlug"":""typesafe-ai/jev"",""success"":false,""providerAttemptCount"":0,""providerAttempts"":[]}],""totalProviderAttemptCount"":0},""generationId"":""gen_01M362E6HZ02GESBWNZBASZ0GE""}}}",51,"{""X-Ratelimit-Limit-Requests"":""30"",""X-Ratelimit-Limit-Tokens"":""250000"",""X-Ratelimit-Remaining-Requests"":""0"",""X-Ratelimit-Remaining-Tokens"":""189666"",""X-Ratelimit-Reset-Requests"":""51s"",""X-Ratelimit-Reset-Tokens"":""51s""}",90.76
noul/1/062/vercel,vercel,noul,1,62,2,429,false,HTTP 429,"{""error"":{""message"":""The upstream provider is currently experiencing high demand. Please retry shortly."",""type"":""rate_limit_exceeded"",""param"":{""error"":""The upstream provider is currently experiencing high demand. Please retry shortly."",""type"":""rate_limit_exceeded"",""statusCode"":429,""name"":""RateLimitExceededError"",""message"":""The upstream provider is currently experiencing high demand. Please retry shortly.""}},""providerMetadata"":{""gateway"":{""routing"":{""originalModelId"":""typesafe-ai/jev"",""resolvedProvider"":""typesafe-ai"",""fallbacksAvailable"":[],""canonicalSlug"":""typesafe-ai/jev"",""modelAttemptCount"":1,""modelAttempts"":[{""canonicalSlug"":""typesafe-ai/jev"",""success"":false,""providerAttemptCount"":0,""providerAttempts"":[]}],""totalProviderAttemptCount"":0},""generationId"":""gen_01M362E8KBHG251YG4FWJ7CN4R""}}}",49,"{""X-Ratelimit-Limit-Requests"":""30"",""X-Ratelimit-Limit-Tokens"":""250000"",""X-Ratelimit-Remaining-Requests"":""0"",""X-Ratelimit-Remaining-Tokens"":""189010"",""X-Ratelimit-Reset-Requests"":""49s"",""X-Ratelimit-Reset-Tokens"":""49s""}",85.61
noul/1/064/vercel,vercel,noul,1,64,2,429,false,HTTP 429,"{""error"":{""message"":""The upstream provider is currently experiencing high demand. Please retry shortly."",""type"":""rate_limit_exceeded"",""param"":{""error"":""The upstream provider is currently experiencing high demand. Please retry shortly."",""type"":""rate_limit_exceeded"",""statusCode"":429,""name"":""RateLimitExceededError"",""message"":""The upstream provider is currently experiencing high demand. Please retry shortly.""}},""providerMetadata"":{""gateway"":{""routing"":{""originalModelId"":""typesafe-ai/jev"",""resolvedProvider"":""typesafe-ai"",""fallbacksAvailable"":[],""canonicalSlug"":""typesafe-ai/jev"",""modelAttemptCount"":1,""modelAttempts"":[{""canonicalSlug"":""typesafe-ai/jev"",""success"":false,""providerAttemptCount"":0,""providerAttempts"":[]}],""totalProviderAttemptCount"":0},""generationId"":""gen_01M362EA7BXG36JBAYQXKZ3YFD""}}}",47,"{""X-Ratelimit-Limit-Requests"":""30"",""X-Ratelimit-Limit-Tokens"":""250000"",""X-Ratelimit-Remaining-Requests"":""0"",""X-Ratelimit-Remaining-Tokens"":""189666"",""X-Ratelimit-Reset-Requests"":""47s"",""X-Ratelimit-Reset-Tokens"":""47s""}",84.44
noul/1/065/vercel,vercel,noul,1,65,2,429,false,HTTP 429,"{""error"":{""message"":""The upstream provider is currently experiencing high demand. Please retry shortly."",""type"":""rate_limit_exceeded"",""param"":{""error"":""The upstream provider is currently experiencing high demand. Please retry shortly."",""type"":""rate_limit_exceeded"",""statusCode"":429,""name"":""RateLimitExceededError"",""message"":""The upstream provider is currently experiencing high demand. Please retry shortly.""}},""providerMetadata"":{""gateway"":{""routing"":{""originalModelId"":""typesafe-ai/jev"",""resolvedProvider"":""typesafe-ai"",""fallbacksAvailable"":[],""canonicalSlug"":""typesafe-ai/jev"",""modelAttemptCount"":1,""modelAttempts"":[{""canonicalSlug"":""typesafe-ai/jev"",""success"":false,""providerAttemptCount"":0,""providerAttempts"":[]}],""totalProviderAttemptCount"":0},""generationId"":""gen_01M362EAGNV78A4C5PX5DS7J2P""}}}",47,"{""X-Ratelimit-Limit-Requests"":""30"",""X-Ratelimit-Limit-Tokens"":""250000"",""X-Ratelimit-Remaining-Requests"":""0"",""X-Ratelimit-Remaining-Tokens"":""189984"",""X-Ratelimit-Reset-Requests"":""47s"",""X-Ratelimit-Reset-Tokens"":""47s""}",79.97
noul/1/066/vercel,vercel,noul,1,66,2,429,false,HTTP 429,"{""error"":{""message"":""The upstream provider is currently experiencing high demand. Please retry shortly."",""type"":""rate_limit_exceeded"",""param"":{""error"":""The upstream provider is currently experiencing high demand. Please retry shortly."",""type"":""rate_limit_exceeded"",""statusCode"":429,""name"":""RateLimitExceededError"",""message"":""The upstream provider is currently experiencing high demand. Please retry shortly.""}},""providerMetadata"":{""gateway"":{""routing"":{""originalModelId"":""typesafe-ai/jev"",""resolvedProvider"":""typesafe-ai"",""fallbacksAvailable"":[],""canonicalSlug"":""typesafe-ai/jev"",""modelAttemptCount"":1,""modelAttempts"":[{""canonicalSlug"":""typesafe-ai/jev"",""success"":false,""providerAttemptCount"":0,""providerAttempts"":[]}],""totalProviderAttemptCount"":0},""generationId"":""gen_01M362EB809FEXBRH3939M2Y3Y""}}}",46,"{""X-Ratelimit-Limit-Requests"":""30"",""X-Ratelimit-Limit-Tokens"":""250000"",""X-Ratelimit-Remaining-Requests"":""0"",""X-Ratelimit-Remaining-Tokens"":""189958"",""X-Ratelimit-Reset-Requests"":""46s"",""X-Ratelimit-Reset-Tokens"":""46s""}",97.43
noul/1/068/vercel,vercel,noul,1,68,2,429,false,HTTP 429,"{""error"":{""message"":""The upstream provider is currently experiencing high demand. Please retry shortly."",""type"":""rate_limit_exceeded"",""param"":{""error"":""The upstream provider is currently experiencing high demand. Please retry shortly."",""type"":""rate_limit_exceeded"",""statusCode"":429,""name"":""RateLimitExceededError"",""message"":""The upstream provider is currently experiencing high demand. Please retry shortly.""}},""providerMetadata"":{""gateway"":{""routing"":{""originalModelId"":""typesafe-ai/jev"",""resolvedProvider"":""typesafe-ai"",""fallbacksAvailable"":[],""canonicalSlug"":""typesafe-ai/jev"",""modelAttemptCount"":1,""modelAttempts"":[{""canonicalSlug"":""typesafe-ai/jev"",""success"":false,""providerAttemptCount"":0,""providerAttempts"":[]}],""totalProviderAttemptCount"":0},""generationId"":""gen_01M362ECJN270C24VY57J1CE5E""}}}",44,"{""X-Ratelimit-Limit-Requests"":""30"",""X-Ratelimit-Limit-Tokens"":""250000"",""X-Ratelimit-Remaining-Requests"":""0"",""X-Ratelimit-Remaining-Tokens"":""191064"",""X-Ratelimit-Reset-Requests"":""44s"",""X-Ratelimit-Reset-Tokens"":""44s""}",82.69
noul/1/069/vercel,vercel,noul,1,69,2,429,false,HTTP 429,"{""error"":{""message"":""The upstream provider is currently experiencing high demand. Please retry shortly."",""type"":""rate_limit_exceeded"",""param"":{""error"":""The upstream provider is currently experiencing high demand. Please retry shortly."",""type"":""rate_limit_exceeded"",""statusCode"":429,""name"":""RateLimitExceededError"",""message"":""The upstream provider is currently experiencing high demand. Please retry shortly.""}},""providerMetadata"":{""gateway"":{""routing"":{""originalModelId"":""typesafe-ai/jev"",""resolvedProvider"":""typesafe-ai"",""fallbacksAvailable"":[],""canonicalSlug"":""typesafe-ai/jev"",""modelAttemptCount"":1,""modelAttempts"":[{""canonicalSlug"":""typesafe-ai/jev"",""success"":false,""providerAttemptCount"":0,""providerAttempts"":[]}],""totalProviderAttemptCount"":0},""generationId"":""gen_01M362ED3N6JK2KCN0801NPQ74""}}}",44,"{""X-Ratelimit-Limit-Requests"":""30"",""X-Ratelimit-Limit-Tokens"":""250000"",""X-Ratelimit-Remaining-Requests"":""0"",""X-Ratelimit-Remaining-Tokens"":""191626"",""X-Ratelimit-Reset-Requests"":""44s"",""X-Ratelimit-Reset-Tokens"":""44s""}",89.15
noul/1/070/vercel,vercel,noul,1,70,2,429,false,HTTP 429,"{""error"":{""message"":""The upstream provider is currently experiencing high demand. Please retry shortly."",""type"":""rate_limit_exceeded"",""param"":{""error"":""The upstream provider is currently experiencing high demand. Please retry shortly."",""type"":""rate_limit_exceeded"",""statusCode"":429,""name"":""RateLimitExceededError"",""message"":""The upstream provider is currently experiencing high demand. Please retry shortly.""}},""providerMetadata"":{""gateway"":{""routing"":{""originalModelId"":""typesafe-ai/jev"",""resolvedProvider"":""typesafe-ai"",""fallbacksAvailable"":[],""canonicalSlug"":""typesafe-ai/jev"",""modelAttemptCount"":1,""modelAttempts"":[{""canonicalSlug"":""typesafe-ai/jev"",""success"":false,""providerAttemptCount"":0,""providerAttempts"":[]}],""totalProviderAttemptCount"":0},""generationId"":""gen_01M362EDNJZR4CGCZMNXB882AZ""}}}",43,"{""X-Ratelimit-Limit-Requests"":""30"",""X-Ratelimit-Limit-Tokens"":""250000"",""X-Ratelimit-Remaining-Requests"":""0"",""X-Ratelimit-Remaining-Tokens"":""191689"",""X-Ratelimit-Reset-Requests"":""43s"",""X-Ratelimit-Reset-Tokens"":""43s""}",84.26
noul/1/072/vercel,vercel,noul,1,72,2,429,false,HTTP 429,"{""error"":{""message"":""The upstream provider is currently experiencing high demand. Please retry shortly."",""type"":""rate_limit_exceeded"",""param"":{""error"":""The upstream provider is currently experiencing high demand. Please retry shortly."",""type"":""rate_limit_exceeded"",""statusCode"":429,""name"":""RateLimitExceededError"",""message"":""The upstream provider is currently experiencing high demand. Please retry shortly.""}},""providerMetadata"":{""gateway"":{""routing"":{""originalModelId"":""typesafe-ai/jev"",""resolvedProvider"":""typesafe-ai"",""fallbacksAvailable"":[],""canonicalSlug"":""typesafe-ai/jev"",""modelAttemptCount"":1,""modelAttempts"":[{""canonicalSlug"":""typesafe-ai/jev"",""success"":false,""providerAttemptCount"":0,""providerAttempts"":[]}],""totalProviderAttemptCount"":0},""generationId"":""gen_01M362EFJNP99BY16Y49XGEY4X""}}}",41,"{""X-Ratelimit-Limit-Requests"":""30"",""X-Ratelimit-Limit-Tokens"":""250000"",""X-Ratelimit-Remaining-Requests"":""0"",""X-Ratelimit-Remaining-Tokens"":""193231"",""X-Ratelimit-Reset-Requests"":""41s"",""X-Ratelimit-Reset-Tokens"":""41s""}",89.10
noul/1/073/vercel,vercel,noul,1,73,2,429,false,HTTP 429,"{""error"":{""message"":""The upstream provider is currently experiencing high demand. Please retry shortly."",""type"":""rate_limit_exceeded"",""param"":{""error"":""The upstream provider is currently experiencing high demand. Please retry shortly."",""type"":""rate_limit_exceeded"",""statusCode"":429,""name"":""RateLimitExceededError"",""message"":""The upstream provider is currently experiencing high demand. Please retry shortly.""}},""providerMetadata"":{""gateway"":{""routing"":{""originalModelId"":""typesafe-ai/jev"",""resolvedProvider"":""typesafe-ai"",""fallbacksAvailable"":[],""canonicalSlug"":""typesafe-ai/jev"",""modelAttemptCount"":1,""modelAttempts"":[{""canonicalSlug"":""typesafe-ai/jev"",""success"":false,""providerAttemptCount"":0,""providerAttempts"":[]}],""totalProviderAttemptCount"":0},""generationId"":""gen_01M362EG5TX3DVB33S2J2GXG0Y""}}}",41,"{""X-Ratelimit-Limit-Requests"":""30"",""X-Ratelimit-Limit-Tokens"":""250000"",""X-Ratelimit-Remaining-Requests"":""0"",""X-Ratelimit-Remaining-Tokens"":""193231"",""X-Ratelimit-Reset-Requests"":""41s"",""X-Ratelimit-Reset-Tokens"":""41s""}",84.70
noul/1/074/vercel,vercel,noul,1,74,2,429,false,HTTP 429,"{""error"":{""message"":""The upstream provider is currently experiencing high demand. Please retry shortly."",""type"":""rate_limit_exceeded"",""param"":{""error"":""The upstream provider is currently experiencing high demand. Please retry shortly."",""type"":""rate_limit_exceeded"",""statusCode"":429,""name"":""RateLimitExceededError"",""message"":""The upstream provider is currently experiencing high demand. Please retry shortly.""}},""providerMetadata"":{""gateway"":{""routing"":{""originalModelId"":""typesafe-ai/jev"",""resolvedProvider"":""typesafe-ai"",""fallbacksAvailable"":[],""canonicalSlug"":""typesafe-ai/jev"",""modelAttemptCount"":1,""modelAttempts"":[{""canonicalSlug"":""typesafe-ai/jev"",""success"":false,""providerAttemptCount"":0,""providerAttempts"":[]}],""totalProviderAttemptCount"":0},""generationId"":""gen_01M362EGE3DQT94GR258XQEEFS""}}}",41,"{""X-Ratelimit-Limit-Requests"":""30"",""X-Ratelimit-Limit-Tokens"":""250000"",""X-Ratelimit-Remaining-Requests"":""0"",""X-Ratelimit-Remaining-Tokens"":""193782"",""X-Ratelimit-Reset-Requests"":""41s"",""X-Ratelimit-Reset-Tokens"":""41s""}",80.05
noul/1/076/vercel,vercel,noul,1,76,2,429,false,HTTP 429,"{""error"":{""message"":""The upstream provider is currently experiencing high demand. Please retry shortly."",""type"":""rate_limit_exceeded"",""param"":{""error"":""The upstream provider is currently experiencing high demand. Please retry shortly."",""type"":""rate_limit_exceeded"",""statusCode"":429,""name"":""RateLimitExceededError"",""message"":""The upstream provider is currently experiencing high demand. Please retry shortly.""}},""providerMetadata"":{""gateway"":{""routing"":{""originalModelId"":""typesafe-ai/jev"",""resolvedProvider"":""typesafe-ai"",""fallbacksAvailable"":[],""canonicalSlug"":""typesafe-ai/jev"",""modelAttemptCount"":1,""modelAttempts"":[{""canonicalSlug"":""typesafe-ai/jev"",""success"":false,""providerAttemptCount"":0,""providerAttempts"":[]}],""totalProviderAttemptCount"":0},""generationId"":""gen_01M362EJCDGZADDZZG08PA76RR""}}}",39,"{""X-Ratelimit-Limit-Requests"":""30"",""X-Ratelimit-Limit-Tokens"":""250000"",""X-Ratelimit-Remaining-Requests"":""0"",""X-Ratelimit-Remaining-Tokens"":""195041"",""X-Ratelimit-Reset-Requests"":""39s"",""X-Ratelimit-Reset-Tokens"":""39s""}",96.85
noul/1/077/vercel,vercel,noul,1,77,2,429,false,HTTP 429,"{""error"":{""message"":""The upstream provider is currently experiencing high demand. Please retry shortly."",""type"":""rate_limit_exceeded"",""param"":{""error"":""The upstream provider is currently experiencing high demand. Please retry shortly."",""type"":""rate_limit_exceeded"",""statusCode"":429,""name"":""RateLimitExceededError"",""message"":""The upstream provider is currently experiencing high demand. Please retry shortly.""}},""providerMetadata"":{""gateway"":{""routing"":{""originalModelId"":""typesafe-ai/jev"",""resolvedProvider"":""typesafe-ai"",""fallbacksAvailable"":[],""canonicalSlug"":""typesafe-ai/jev"",""modelAttemptCount"":1,""modelAttempts"":[{""canonicalSlug"":""typesafe-ai/jev"",""success"":false,""providerAttemptCount"":0,""providerAttempts"":[]}],""totalProviderAttemptCount"":0},""generationId"":""gen_01M362EJWZWVD60FXECG6A7KB8""}}}",38,"{""X-Ratelimit-Limit-Requests"":""30"",""X-Ratelimit-Limit-Tokens"":""250000"",""X-Ratelimit-Remaining-Requests"":""0"",""X-Ratelimit-Remaining-Tokens"":""195041"",""X-Ratelimit-Reset-Requests"":""38s"",""X-Ratelimit-Reset-Tokens"":""38s""}",88.66
noul/1/079/vercel,vercel,noul,1,79,2,429,false,HTTP 429,"{""error"":{""message"":""The upstream provider is currently experiencing high demand. Please retry shortly."",""type"":""rate_limit_exceeded"",""param"":{""error"":""The upstream provider is currently experiencing high demand. Please retry shortly."",""type"":""rate_limit_exceeded"",""statusCode"":429,""name"":""RateLimitExceededError"",""message"":""The upstream provider is currently experiencing high demand. Please retry shortly.""}},""providerMetadata"":{""gateway"":{""routing"":{""originalModelId"":""typesafe-ai/jev"",""resolvedProvider"":""typesafe-ai"",""fallbacksAvailable"":[],""canonicalSlug"":""typesafe-ai/jev"",""modelAttemptCount"":1,""modelAttempts"":[{""canonicalSlug"":""typesafe-ai/jev"",""success"":false,""providerAttemptCount"":0,""providerAttempts"":[]}],""totalProviderAttemptCount"":0},""generationId"":""gen_01M362EMD8MGS5DZVEASYNQPQC""}}}",36,"{""X-Ratelimit-Limit-Requests"":""30"",""X-Ratelimit-Limit-Tokens"":""250000"",""X-Ratelimit-Remaining-Requests"":""0"",""X-Ratelimit-Remaining-Tokens"":""195041"",""X-Ratelimit-Reset-Requests"":""36s"",""X-Ratelimit-Reset-Tokens"":""36s""}",96.04
noul/1/080/vercel,vercel,noul,1,80,2,429,false,HTTP 429,"{""error"":{""message"":""The upstream provider is currently experiencing high demand. Please retry shortly."",""type"":""rate_limit_exceeded"",""param"":{""error"":""The upstream provider is currently experiencing high demand. Please retry shortly."",""type"":""rate_limit_exceeded"",""statusCode"":429,""name"":""RateLimitExceededError"",""message"":""The upstream provider is currently experiencing high demand. Please retry shortly.""}},""providerMetadata"":{""gateway"":{""routing"":{""originalModelId"":""typesafe-ai/jev"",""resolvedProvider"":""typesafe-ai"",""fallbacksAvailable"":[],""canonicalSlug"":""typesafe-ai/jev"",""modelAttemptCount"":1,""modelAttempts"":[{""canonicalSlug"":""typesafe-ai/jev"",""success"":false,""providerAttemptCount"":0,""providerAttempts"":[]}],""totalProviderAttemptCount"":0},""generationId"":""gen_01M362EMQYP3196VDQRPDZBQ61""}}}",36,"{""X-Ratelimit-Limit-Requests"":""30"",""X-Ratelimit-Limit-Tokens"":""250000"",""X-Ratelimit-Remaining-Requests"":""0"",""X-Ratelimit-Remaining-Tokens"":""196453"",""X-Ratelimit-Reset-Requests"":""36s"",""X-Ratelimit-Reset-Tokens"":""36s""}",86.93
noul/1/082/vercel,vercel,noul,1,82,2,429,false,HTTP 429,"{""error"":{""message"":""The upstream provider is currently experiencing high demand. Please retry shortly."",""type"":""rate_limit_exceeded"",""param"":{""error"":""The upstream provider is currently experiencing high demand. Please retry shortly."",""type"":""rate_limit_exceeded"",""statusCode"":429,""name"":""RateLimitExceededError"",""message"":""The upstream provider is currently experiencing high demand. Please retry shortly.""}},""providerMetadata"":{""gateway"":{""routing"":{""originalModelId"":""typesafe-ai/jev"",""resolvedProvider"":""typesafe-ai"",""fallbacksAvailable"":[],""canonicalSlug"":""typesafe-ai/jev"",""modelAttemptCount"":1,""modelAttempts"":[{""canonicalSlug"":""typesafe-ai/jev"",""success"":false,""providerAttemptCount"":0,""providerAttempts"":[]}],""totalProviderAttemptCount"":0},""generationId"":""gen_01M362EPJ5DDSS3K7VSW07E03R""}}}",34,"{""X-Ratelimit-Limit-Requests"":""30"",""X-Ratelimit-Limit-Tokens"":""250000"",""X-Ratelimit-Remaining-Requests"":""0"",""X-Ratelimit-Remaining-Tokens"":""197306"",""X-Ratelimit-Reset-Requests"":""34s"",""X-Ratelimit-Reset-Tokens"":""34s""}",84.65
noul/1/083/vercel,vercel,noul,1,83,2,429,false,HTTP 429,"{""error"":{""message"":""The upstream provider is currently experiencing high demand. Please retry shortly."",""type"":""rate_limit_exceeded"",""param"":{""error"":""The upstream provider is currently experiencing high demand. Please retry shortly."",""type"":""rate_limit_exceeded"",""statusCode"":429,""name"":""RateLimitExceededError"",""message"":""The upstream provider is currently experiencing high demand. Please retry shortly.""}},""providerMetadata"":{""gateway"":{""routing"":{""originalModelId"":""typesafe-ai/jev"",""resolvedProvider"":""typesafe-ai"",""fallbacksAvailable"":[],""canonicalSlug"":""typesafe-ai/jev"",""modelAttemptCount"":1,""modelAttempts"":[{""canonicalSlug"":""typesafe-ai/jev"",""success"":false,""providerAttemptCount"":0,""providerAttempts"":[]}],""totalProviderAttemptCount"":0},""generationId"":""gen_01M362EPVZ4EN5X20CQ5EMG6W0""}}}",34,"{""X-Ratelimit-Limit-Requests"":""30"",""X-Ratelimit-Limit-Tokens"":""250000"",""X-Ratelimit-Remaining-Requests"":""0"",""X-Ratelimit-Remaining-Tokens"":""197266"",""X-Ratelimit-Reset-Requests"":""34s"",""X-Ratelimit-Reset-Tokens"":""34s""}",106.21
noul/1/084/vercel,vercel,noul,1,84,2,429,false,HTTP 429,"{""error"":{""message"":""The upstream provider is currently experiencing high demand. Please retry shortly."",""type"":""rate_limit_exceeded"",""param"":{""error"":""The upstream provider is currently experiencing high demand. Please retry shortly."",""type"":""rate_limit_exceeded"",""statusCode"":429,""name"":""RateLimitExceededError"",""message"":""The upstream provider is currently experiencing high demand. Please retry shortly.""}},""providerMetadata"":{""gateway"":{""routing"":{""originalModelId"":""typesafe-ai/jev"",""resolvedProvider"":""typesafe-ai"",""fallbacksAvailable"":[],""canonicalSlug"":""typesafe-ai/jev"",""modelAttemptCount"":1,""modelAttempts"":[{""canonicalSlug"":""typesafe-ai/jev"",""success"":false,""providerAttemptCount"":0,""providerAttempts"":[]}],""totalProviderAttemptCount"":0},""generationId"":""gen_01M362EQRC6AHHSRYD7QEMNV2P""}}}",33,"{""X-Ratelimit-Limit-Requests"":""30"",""X-Ratelimit-Limit-Tokens"":""250000"",""X-Ratelimit-Remaining-Requests"":""0"",""X-Ratelimit-Remaining-Tokens"":""197306"",""X-Ratelimit-Reset-Requests"":""33s"",""X-Ratelimit-Reset-Tokens"":""33s""}",113.71
noul/1/086/vercel,vercel,noul,1,86,2,429,false,HTTP 429,"{""error"":{""message"":""The upstream provider is currently experiencing high demand. Please retry shortly."",""type"":""rate_limit_exceeded"",""param"":{""error"":""The upstream provider is currently experiencing high demand. Please retry shortly."",""type"":""rate_limit_exceeded"",""statusCode"":429,""name"":""RateLimitExceededError"",""message"":""The upstream provider is currently experiencing high demand. Please retry shortly.""}},""providerMetadata"":{""gateway"":{""routing"":{""originalModelId"":""typesafe-ai/jev"",""resolvedProvider"":""typesafe-ai"",""fallbacksAvailable"":[],""canonicalSlug"":""typesafe-ai/jev"",""modelAttemptCount"":1,""modelAttempts"":[{""canonicalSlug"":""typesafe-ai/jev"",""success"":false,""providerAttemptCount"":0,""providerAttempts"":[]}],""totalProviderAttemptCount"":0},""generationId"":""gen_01M362ERP275QYY79G8FDS8C82""}}}",32,"{""X-Ratelimit-Limit-Requests"":""30"",""X-Ratelimit-Limit-Tokens"":""250000"",""X-Ratelimit-Remaining-Requests"":""0"",""X-Ratelimit-Remaining-Tokens"":""197627"",""X-Ratelimit-Reset-Requests"":""32s"",""X-Ratelimit-Reset-Tokens"":""32s""}",94.69
noul/1/087/vercel,vercel,noul,1,87,2,429,false,HTTP 429,"{""error"":{""message"":""The upstream provider is currently experiencing high demand. Please retry shortly."",""type"":""rate_limit_exceeded"",""param"":{""error"":""The upstream provider is currently experiencing high demand. Please retry shortly."",""type"":""rate_limit_exceeded"",""statusCode"":429,""name"":""RateLimitExceededError"",""message"":""The upstream provider is currently experiencing high demand. Please retry shortly.""}},""providerMetadata"":{""gateway"":{""routing"":{""originalModelId"":""typesafe-ai/jev"",""resolvedProvider"":""typesafe-ai"",""fallbacksAvailable"":[],""canonicalSlug"":""typesafe-ai/jev"",""modelAttemptCount"":1,""modelAttempts"":[{""canonicalSlug"":""typesafe-ai/jev"",""success"":false,""providerAttemptCount"":0,""providerAttempts"":[]}],""totalProviderAttemptCount"":0},""generationId"":""gen_01M362ESCVN1Y7JH4ENJMGM62P""}}}",31,"{""X-Ratelimit-Limit-Requests"":""30"",""X-Ratelimit-Limit-Tokens"":""250000"",""X-Ratelimit-Remaining-Requests"":""0"",""X-Ratelimit-Remaining-Tokens"":""198487"",""X-Ratelimit-Reset-Requests"":""31s"",""X-Ratelimit-Reset-Tokens"":""31s""}",78.41
noul/1/089/vercel,vercel,noul,1,89,2,429,false,HTTP 429,"{""error"":{""message"":""The upstream provider is currently experiencing high demand. Please retry shortly."",""type"":""rate_limit_exceeded"",""param"":{""error"":""The upstream provider is currently experiencing high demand. Please retry shortly."",""type"":""rate_limit_exceeded"",""statusCode"":429,""name"":""RateLimitExceededError"",""message"":""The upstream provider is currently experiencing high demand. Please retry shortly.""}},""providerMetadata"":{""gateway"":{""routing"":{""originalModelId"":""typesafe-ai/jev"",""resolvedProvider"":""typesafe-ai"",""fallbacksAvailable"":[],""canonicalSlug"":""typesafe-ai/jev"",""modelAttemptCount"":1,""modelAttempts"":[{""canonicalSlug"":""typesafe-ai/jev"",""success"":false,""providerAttemptCount"":0,""providerAttempts"":[]}],""totalProviderAttemptCount"":0},""generationId"":""gen_01M362ETQ1WB5YQ05QT9ZM5XFB""}}}",30,"{""X-Ratelimit-Limit-Requests"":""30"",""X-Ratelimit-Limit-Tokens"":""250000"",""X-Ratelimit-Remaining-Requests"":""0"",""X-Ratelimit-Remaining-Tokens"":""199113"",""X-Ratelimit-Reset-Requests"":""30s"",""X-Ratelimit-Reset-Tokens"":""30s""}",85.78
noul/1/090/vercel,vercel,noul,1,90,2,429,false,HTTP 429,"{""error"":{""message"":""The upstream provider is currently experiencing high demand. Please retry shortly."",""type"":""rate_limit_exceeded"",""param"":{""error"":""The upstream provider is currently experiencing high demand. Please retry shortly."",""type"":""rate_limit_exceeded"",""statusCode"":429,""name"":""RateLimitExceededError"",""message"":""The upstream provider is currently experiencing high demand. Please retry shortly.""}},""providerMetadata"":{""gateway"":{""routing"":{""originalModelId"":""typesafe-ai/jev"",""resolvedProvider"":""typesafe-ai"",""fallbacksAvailable"":[],""canonicalSlug"":""typesafe-ai/jev"",""modelAttemptCount"":1,""modelAttempts"":[{""canonicalSlug"":""typesafe-ai/jev"",""success"":false,""providerAttemptCount"":0,""providerAttempts"":[]}],""totalProviderAttemptCount"":0},""generationId"":""gen_01M362EVAA76379QZ58SHA8QDJ""}}}",29,"{""X-Ratelimit-Limit-Requests"":""30"",""X-Ratelimit-Limit-Tokens"":""250000"",""X-Ratelimit-Remaining-Requests"":""0"",""X-Ratelimit-Remaining-Tokens"":""198487"",""X-Ratelimit-Reset-Requests"":""29s"",""X-Ratelimit-Reset-Tokens"":""29s""}",165.01
noul/1/091/vercel,vercel,noul,1,91,2,429,false,HTTP 429,"{""error"":{""message"":""The upstream provider is currently experiencing high demand. Please retry shortly."",""type"":""rate_limit_exceeded"",""param"":{""error"":""The upstream provider is currently experiencing high demand. Please retry shortly."",""type"":""rate_limit_exceeded"",""statusCode"":429,""name"":""RateLimitExceededError"",""message"":""The upstream provider is currently experiencing high demand. Please retry shortly.""}},""providerMetadata"":{""gateway"":{""routing"":{""originalModelId"":""typesafe-ai/jev"",""resolvedProvider"":""typesafe-ai"",""fallbacksAvailable"":[],""canonicalSlug"":""typesafe-ai/jev"",""modelAttemptCount"":1,""modelAttempts"":[{""canonicalSlug"":""typesafe-ai/jev"",""success"":false,""providerAttemptCount"":0,""providerAttempts"":[]}],""totalProviderAttemptCount"":0},""generationId"":""gen_01M362EWBH5K4419NCBASB1101""}}}",28,"{""X-Ratelimit-Limit-Requests"":""30"",""X-Ratelimit-Limit-Tokens"":""250000"",""X-Ratelimit-Remaining-Requests"":""0"",""X-Ratelimit-Remaining-Tokens"":""199543"",""X-Ratelimit-Reset-Requests"":""28s"",""X-Ratelimit-Reset-Tokens"":""28s""}",115.02
noul/1/093/vercel,vercel,noul,1,93,2,429,false,HTTP 429,"{""error"":{""message"":""The upstream provider is currently experiencing high demand. Please retry shortly."",""type"":""rate_limit_exceeded"",""param"":{""error"":""The upstream provider is currently experiencing high demand. Please retry shortly."",""type"":""rate_limit_exceeded"",""statusCode"":429,""name"":""RateLimitExceededError"",""message"":""The upstream provider is currently experiencing high demand. Please retry shortly.""}},""providerMetadata"":{""gateway"":{""routing"":{""originalModelId"":""typesafe-ai/jev"",""resolvedProvider"":""typesafe-ai"",""fallbacksAvailable"":[],""canonicalSlug"":""typesafe-ai/jev"",""modelAttemptCount"":1,""modelAttempts"":[{""canonicalSlug"":""typesafe-ai/jev"",""success"":false,""providerAttemptCount"":0,""providerAttempts"":[]}],""totalProviderAttemptCount"":0},""generationId"":""gen_01M362EXQNJ9PTAXM42GMYRQVP""}}}",27,"{""X-Ratelimit-Limit-Requests"":""30"",""X-Ratelimit-Limit-Tokens"":""250000"",""X-Ratelimit-Remaining-Requests"":""0"",""X-Ratelimit-Remaining-Tokens"":""201265"",""X-Ratelimit-Reset-Requests"":""27s"",""X-Ratelimit-Reset-Tokens"":""27s""}",77.97
noul/1/094/vercel,vercel,noul,1,94,2,429,false,HTTP 429,"{""error"":{""message"":""The upstream provider is currently experiencing high demand. Please retry shortly."",""type"":""rate_limit_exceeded"",""param"":{""error"":""The upstream provider is currently experiencing high demand. Please retry shortly."",""type"":""rate_limit_exceeded"",""statusCode"":429,""name"":""RateLimitExceededError"",""message"":""The upstream provider is currently experiencing high demand. Please retry shortly.""}},""providerMetadata"":{""gateway"":{""routing"":{""originalModelId"":""typesafe-ai/jev"",""resolvedProvider"":""typesafe-ai"",""fallbacksAvailable"":[],""canonicalSlug"":""typesafe-ai/jev"",""modelAttemptCount"":1,""modelAttempts"":[{""canonicalSlug"":""typesafe-ai/jev"",""success"":false,""providerAttemptCount"":0,""providerAttempts"":[]}],""totalProviderAttemptCount"":0},""generationId"":""gen_01M362EXZGC0CX5J4Y8Y3V7QM9""}}}",27,"{""X-Ratelimit-Limit-Requests"":""30"",""X-Ratelimit-Limit-Tokens"":""250000"",""X-Ratelimit-Remaining-Requests"":""0"",""X-Ratelimit-Remaining-Tokens"":""200173"",""X-Ratelimit-Reset-Requests"":""27s"",""X-Ratelimit-Reset-Tokens"":""27s""}",99.89
noul/1/096/vercel,vercel,noul,1,96,2,429,false,HTTP 429,"{""error"":{""message"":""The upstream provider is currently experiencing high demand. Please retry shortly."",""type"":""rate_limit_exceeded"",""param"":{""error"":""The upstream provider is currently experiencing high demand. Please retry shortly."",""type"":""rate_limit_exceeded"",""statusCode"":429,""name"":""RateLimitExceededError"",""message"":""The upstream provider is currently experiencing high demand. Please retry shortly.""}},""providerMetadata"":{""gateway"":{""routing"":{""originalModelId"":""typesafe-ai/jev"",""resolvedProvider"":""typesafe-ai"",""fallbacksAvailable"":[],""canonicalSlug"":""typesafe-ai/jev"",""modelAttemptCount"":1,""modelAttempts"":[{""canonicalSlug"":""typesafe-ai/jev"",""success"":false,""providerAttemptCount"":0,""providerAttempts"":[]}],""totalProviderAttemptCount"":0},""generationId"":""gen_01M362EZD7MXR9ZEE2CT9Y3K7J""}}}",25,"{""X-Ratelimit-Limit-Requests"":""30"",""X-Ratelimit-Limit-Tokens"":""250000"",""X-Ratelimit-Remaining-Requests"":""0"",""X-Ratelimit-Remaining-Tokens"":""202346"",""X-Ratelimit-Reset-Requests"":""25s"",""X-Ratelimit-Reset-Tokens"":""25s""}",79.02
noul/1/097/vercel,vercel,noul,1,97,2,429,false,HTTP 429,"{""error"":{""message"":""The upstream provider is currently experiencing high demand. Please retry shortly."",""type"":""rate_limit_exceeded"",""param"":{""error"":""The upstream provider is currently experiencing high demand. Please retry shortly."",""type"":""rate_limit_exceeded"",""statusCode"":429,""name"":""RateLimitExceededError"",""message"":""The upstream provider is currently experiencing high demand. Please retry shortly.""}},""providerMetadata"":{""gateway"":{""routing"":{""originalModelId"":""typesafe-ai/jev"",""resolvedProvider"":""typesafe-ai"",""fallbacksAvailable"":[],""canonicalSlug"":""typesafe-ai/jev"",""modelAttemptCount"":1,""modelAttempts"":[{""canonicalSlug"":""typesafe-ai/jev"",""success"":false,""providerAttemptCount"":0,""providerAttempts"":[]}],""totalProviderAttemptCount"":0},""generationId"":""gen_01M362F0DSB7CR2C39DGFZ42X6""}}}",24,"{""X-Ratelimit-Limit-Requests"":""30"",""X-Ratelimit-Limit-Tokens"":""250000"",""X-Ratelimit-Remaining-Requests"":""0"",""X-Ratelimit-Remaining-Tokens"":""202346"",""X-Ratelimit-Reset-Requests"":""24s"",""X-Ratelimit-Reset-Tokens"":""24s""}",80.44
noul/1/098/vercel,vercel,noul,1,98,2,429,false,HTTP 429,"{""error"":{""message"":""The upstream provider is currently experiencing high demand. Please retry shortly."",""type"":""rate_limit_exceeded"",""param"":{""error"":""The upstream provider is currently experiencing high demand. Please retry shortly."",""type"":""rate_limit_exceeded"",""statusCode"":429,""name"":""RateLimitExceededError"",""message"":""The upstream provider is currently experiencing high demand. Please retry shortly.""}},""providerMetadata"":{""gateway"":{""routing"":{""originalModelId"":""typesafe-ai/jev"",""resolvedProvider"":""typesafe-ai"",""fallbacksAvailable"":[],""canonicalSlug"":""typesafe-ai/jev"",""modelAttemptCount"":1,""modelAttempts"":[{""canonicalSlug"":""typesafe-ai/jev"",""success"":false,""providerAttemptCount"":0,""providerAttempts"":[]}],""totalProviderAttemptCount"":0},""generationId"":""gen_01M362F0XQXMPNRNGXKXATR2PW""}}}",24,"{""X-Ratelimit-Limit-Requests"":""30"",""X-Ratelimit-Limit-Tokens"":""250000"",""X-Ratelimit-Remaining-Requests"":""0"",""X-Ratelimit-Remaining-Tokens"":""201650"",""X-Ratelimit-Reset-Requests"":""24s"",""X-Ratelimit-Reset-Tokens"":""24s""}",89.67
choice/1/050/vercel,vercel,choice,1,50,2,429,false,HTTP 429,"{""error"":{""message"":""The upstream provider is currently experiencing high demand. Please retry shortly."",""type"":""rate_limit_exceeded"",""param"":{""error"":""The upstream provider is currently experiencing high demand. Please retry shortly."",""type"":""rate_limit_exceeded"",""statusCode"":429,""name"":""RateLimitExceededError"",""message"":""The upstream provider is currently experiencing high demand. Please retry shortly.""}},""providerMetadata"":{""gateway"":{""routing"":{""originalModelId"":""typesafe-ai/jev"",""resolvedProvider"":""typesafe-ai"",""fallbacksAvailable"":[],""canonicalSlug"":""typesafe-ai/jev"",""modelAttemptCount"":1,""modelAttempts"":[{""canonicalSlug"":""typesafe-ai/jev"",""success"":false,""providerAttemptCount"":0,""providerAttempts"":[]}],""totalProviderAttemptCount"":0},""generationId"":""gen_01M362F2BMZGH11BMWWY42GEF6""}}}",22,"{""X-Ratelimit-Limit-Requests"":""30"",""X-Ratelimit-Limit-Tokens"":""250000"",""X-Ratelimit-Remaining-Requests"":""0"",""X-Ratelimit-Remaining-Tokens"":""203945"",""X-Ratelimit-Reset-Requests"":""22s"",""X-Ratelimit-Reset-Tokens"":""22s""}",79.51
choice/1/051/vercel,vercel,choice,1,51,2,429,false,HTTP 429,"{""error"":{""message"":""The upstream provider is currently experiencing high demand. Please retry shortly."",""type"":""rate_limit_exceeded"",""param"":{""error"":""The upstream provider is currently experiencing high demand. Please retry shortly."",""type"":""rate_limit_exceeded"",""statusCode"":429,""name"":""RateLimitExceededError"",""message"":""The upstream provider is currently experiencing high demand. Please retry shortly.""}},""providerMetadata"":{""gateway"":{""routing"":{""originalModelId"":""typesafe-ai/jev"",""resolvedProvider"":""typesafe-ai"",""fallbacksAvailable"":[],""canonicalSlug"":""typesafe-ai/jev"",""modelAttemptCount"":1,""modelAttempts"":[{""canonicalSlug"":""typesafe-ai/jev"",""success"":false,""providerAttemptCount"":0,""providerAttempts"":[]}],""totalProviderAttemptCount"":0},""generationId"":""gen_01M362F3231YB36D5JQW3QT865""}}}",21,"{""X-Ratelimit-Limit-Requests"":""30"",""X-Ratelimit-Limit-Tokens"":""250000"",""X-Ratelimit-Remaining-Requests"":""0"",""X-Ratelimit-Remaining-Tokens"":""203153"",""X-Ratelimit-Reset-Requests"":""21s"",""X-Ratelimit-Reset-Tokens"":""21s""}",87.34
choice/1/053/vercel,vercel,choice,1,53,2,429,false,HTTP 429,"{""error"":{""message"":""The upstream provider is currently experiencing high demand. Please retry shortly."",""type"":""rate_limit_exceeded"",""param"":{""error"":""The upstream provider is currently experiencing high demand. Please retry shortly."",""type"":""rate_limit_exceeded"",""statusCode"":429,""name"":""RateLimitExceededError"",""message"":""The upstream provider is currently experiencing high demand. Please retry shortly.""}},""providerMetadata"":{""gateway"":{""routing"":{""originalModelId"":""typesafe-ai/jev"",""resolvedProvider"":""typesafe-ai"",""fallbacksAvailable"":[],""canonicalSlug"":""typesafe-ai/jev"",""modelAttemptCount"":1,""modelAttempts"":[{""canonicalSlug"":""typesafe-ai/jev"",""success"":false,""providerAttemptCount"":0,""providerAttempts"":[]}],""totalProviderAttemptCount"":0},""generationId"":""gen_01M362F4FBE08M3ER8363YFYMP""}}}",20,"{""X-Ratelimit-Limit-Requests"":""30"",""X-Ratelimit-Limit-Tokens"":""250000"",""X-Ratelimit-Remaining-Requests"":""0"",""X-Ratelimit-Remaining-Tokens"":""205125"",""X-Ratelimit-Reset-Requests"":""20s"",""X-Ratelimit-Reset-Tokens"":""20s""}",80.82
choice/1/054/vercel,vercel,choice,1,54,2,429,false,HTTP 429,"{""error"":{""message"":""The upstream provider is currently experiencing high demand. Please retry shortly."",""type"":""rate_limit_exceeded"",""param"":{""error"":""The upstream provider is currently experiencing high demand. Please retry shortly."",""type"":""rate_limit_exceeded"",""statusCode"":429,""name"":""RateLimitExceededError"",""message"":""The upstream provider is currently experiencing high demand. Please retry shortly.""}},""providerMetadata"":{""gateway"":{""routing"":{""originalModelId"":""typesafe-ai/jev"",""resolvedProvider"":""typesafe-ai"",""fallbacksAvailable"":[],""canonicalSlug"":""typesafe-ai/jev"",""modelAttemptCount"":1,""modelAttempts"":[{""canonicalSlug"":""typesafe-ai/jev"",""success"":false,""providerAttemptCount"":0,""providerAttempts"":[]}],""totalProviderAttemptCount"":0},""generationId"":""gen_01M362F5DM9XDXT0F71M6KXZC0""}}}",19,"{""X-Ratelimit-Limit-Requests"":""30"",""X-Ratelimit-Limit-Tokens"":""250000"",""X-Ratelimit-Remaining-Requests"":""0"",""X-Ratelimit-Remaining-Tokens"":""206537"",""X-Ratelimit-Reset-Requests"":""19s"",""X-Ratelimit-Reset-Tokens"":""19s""}",131.15
choice/1/055/vercel,vercel,choice,1,55,2,429,false,HTTP 429,"{""error"":{""message"":""The upstream provider is currently experiencing high demand. Please retry shortly."",""type"":""rate_limit_exceeded"",""param"":{""error"":""The upstream provider is currently experiencing high demand. Please retry shortly."",""type"":""rate_limit_exceeded"",""statusCode"":429,""name"":""RateLimitExceededError"",""message"":""The upstream provider is currently experiencing high demand. Please retry shortly.""}},""providerMetadata"":{""gateway"":{""routing"":{""originalModelId"":""typesafe-ai/jev"",""resolvedProvider"":""typesafe-ai"",""fallbacksAvailable"":[],""canonicalSlug"":""typesafe-ai/jev"",""modelAttemptCount"":1,""modelAttempts"":[{""canonicalSlug"":""typesafe-ai/jev"",""success"":false,""providerAttemptCount"":0,""providerAttempts"":[]}],""totalProviderAttemptCount"":0},""generationId"":""gen_01M362F607TBKMCGCNW771DS3K""}}}",18,"{""X-Ratelimit-Limit-Requests"":""30"",""X-Ratelimit-Limit-Tokens"":""250000"",""X-Ratelimit-Remaining-Requests"":""0"",""X-Ratelimit-Remaining-Tokens"":""204387"",""X-Ratelimit-Reset-Requests"":""18s"",""X-Ratelimit-Reset-Tokens"":""18s""}",93.14
choice/1/056/vercel,vercel,choice,1,56,2,429,false,HTTP 429,"{""error"":{""message"":""The upstream provider is currently experiencing high demand. Please retry shortly."",""type"":""rate_limit_exceeded"",""param"":{""error"":""The upstream provider is currently experiencing high demand. Please retry shortly."",""type"":""rate_limit_exceeded"",""statusCode"":429,""name"":""RateLimitExceededError"",""message"":""The upstream provider is currently experiencing high demand. Please retry shortly.""}},""providerMetadata"":{""gateway"":{""routing"":{""originalModelId"":""typesafe-ai/jev"",""resolvedProvider"":""typesafe-ai"",""fallbacksAvailable"":[],""canonicalSlug"":""typesafe-ai/jev"",""modelAttemptCount"":1,""modelAttempts"":[{""canonicalSlug"":""typesafe-ai/jev"",""success"":false,""providerAttemptCount"":0,""providerAttempts"":[]}],""totalProviderAttemptCount"":0},""generationId"":""gen_01M362F68RV3WN229W1JZ3R0PS""}}}",18,"{""X-Ratelimit-Limit-Requests"":""30"",""X-Ratelimit-Limit-Tokens"":""250000"",""X-Ratelimit-Remaining-Requests"":""0"",""X-Ratelimit-Remaining-Tokens"":""207403"",""X-Ratelimit-Reset-Requests"":""18s"",""X-Ratelimit-Reset-Tokens"":""18s""}",116.71
choice/1/058/vercel,vercel,choice,1,58,2,429,false,HTTP 429,"{""error"":{""message"":""The upstream provider is currently experiencing high demand. Please retry shortly."",""type"":""rate_limit_exceeded"",""param"":{""error"":""The upstream provider is currently experiencing high demand. Please retry shortly."",""type"":""rate_limit_exceeded"",""statusCode"":429,""name"":""RateLimitExceededError"",""message"":""The upstream provider is currently experiencing high demand. Please retry shortly.""}},""providerMetadata"":{""gateway"":{""routing"":{""originalModelId"":""typesafe-ai/jev"",""resolvedProvider"":""typesafe-ai"",""fallbacksAvailable"":[],""canonicalSlug"":""typesafe-ai/jev"",""modelAttemptCount"":1,""modelAttempts"":[{""canonicalSlug"":""typesafe-ai/jev"",""success"":false,""providerAttemptCount"":0,""providerAttempts"":[]}],""totalProviderAttemptCount"":0},""generationId"":""gen_01M362F80KQGD2CMYWKPACRSRW""}}}",16,"{""X-Ratelimit-Limit-Requests"":""30"",""X-Ratelimit-Limit-Tokens"":""250000"",""X-Ratelimit-Remaining-Requests"":""0"",""X-Ratelimit-Remaining-Tokens"":""208192"",""X-Ratelimit-Reset-Requests"":""16s"",""X-Ratelimit-Reset-Tokens"":""16s""}",85.86
choice/1/059/vercel,vercel,choice,1,59,2,429,false,HTTP 429,"{""error"":{""message"":""The upstream provider is currently experiencing high demand. Please retry shortly."",""type"":""rate_limit_exceeded"",""param"":{""error"":""The upstream provider is currently experiencing high demand. Please retry shortly."",""type"":""rate_limit_exceeded"",""statusCode"":429,""name"":""RateLimitExceededError"",""message"":""The upstream provider is currently experiencing high demand. Please retry shortly.""}},""providerMetadata"":{""gateway"":{""routing"":{""originalModelId"":""typesafe-ai/jev"",""resolvedProvider"":""typesafe-ai"",""fallbacksAvailable"":[],""canonicalSlug"":""typesafe-ai/jev"",""modelAttemptCount"":1,""modelAttempts"":[{""canonicalSlug"":""typesafe-ai/jev"",""success"":false,""providerAttemptCount"":0,""providerAttempts"":[]}],""totalProviderAttemptCount"":0},""generationId"":""gen_01M362F893AXCYRFT5H6M3Z9WZ""}}}",16,"{""X-Ratelimit-Limit-Requests"":""30"",""X-Ratelimit-Limit-Tokens"":""250000"",""X-Ratelimit-Remaining-Requests"":""0"",""X-Ratelimit-Remaining-Tokens"":""207113"",""X-Ratelimit-Reset-Requests"":""16s"",""X-Ratelimit-Reset-Tokens"":""16s""}",78.29
choice/1/061/vercel,vercel,choice,1,61,2,429,false,HTTP 429,"{""error"":{""message"":""The upstream provider is currently experiencing high demand. Please retry shortly."",""type"":""rate_limit_exceeded"",""param"":{""error"":""The upstream provider is currently experiencing high demand. Please retry shortly."",""type"":""rate_limit_exceeded"",""statusCode"":429,""name"":""RateLimitExceededError"",""message"":""The upstream provider is currently experiencing high demand. Please retry shortly.""}},""providerMetadata"":{""gateway"":{""routing"":{""originalModelId"":""typesafe-ai/jev"",""resolvedProvider"":""typesafe-ai"",""fallbacksAvailable"":[],""canonicalSlug"":""typesafe-ai/jev"",""modelAttemptCount"":1,""modelAttempts"":[{""canonicalSlug"":""typesafe-ai/jev"",""success"":false,""providerAttemptCount"":0,""providerAttempts"":[]}],""totalProviderAttemptCount"":0},""generationId"":""gen_01M362FAAEFY5MK5CBG6KPTPFR""}}}",14,"{""X-Ratelimit-Limit-Requests"":""30"",""X-Ratelimit-Limit-Tokens"":""250000"",""X-Ratelimit-Remaining-Requests"":""0"",""X-Ratelimit-Remaining-Tokens"":""209468"",""X-Ratelimit-Reset-Requests"":""14s"",""X-Ratelimit-Reset-Tokens"":""14s""}",95.73
choice/1/062/vercel,vercel,choice,1,62,2,429,false,HTTP 429,"{""error"":{""message"":""The upstream provider is currently experiencing high demand. Please retry shortly."",""type"":""rate_limit_exceeded"",""param"":{""error"":""The upstream provider is currently experiencing high demand. Please retry shortly."",""type"":""rate_limit_exceeded"",""statusCode"":429,""name"":""RateLimitExceededError"",""message"":""The upstream provider is currently experiencing high demand. Please retry shortly.""}},""providerMetadata"":{""gateway"":{""routing"":{""originalModelId"":""typesafe-ai/jev"",""resolvedProvider"":""typesafe-ai"",""fallbacksAvailable"":[],""canonicalSlug"":""typesafe-ai/jev"",""modelAttemptCount"":1,""modelAttempts"":[{""canonicalSlug"":""typesafe-ai/jev"",""success"":false,""providerAttemptCount"":0,""providerAttempts"":[]}],""totalProviderAttemptCount"":0},""generationId"":""gen_01M362FAVJWH06YESS4RSZSNE2""}}}",13,"{""X-Ratelimit-Limit-Requests"":""30"",""X-Ratelimit-Limit-Tokens"":""250000"",""X-Ratelimit-Remaining-Requests"":""0"",""X-Ratelimit-Remaining-Tokens"":""208408"",""X-Ratelimit-Reset-Requests"":""13s"",""X-Ratelimit-Reset-Tokens"":""13s""}",80.01
choice/1/064/vercel,vercel,choice,1,64,2,429,false,HTTP 429,"{""error"":{""message"":""The upstream provider is currently experiencing high demand. Please retry shortly."",""type"":""rate_limit_exceeded"",""param"":{""error"":""The upstream provider is currently experiencing high demand. Please retry shortly."",""type"":""rate_limit_exceeded"",""statusCode"":429,""name"":""RateLimitExceededError"",""message"":""The upstream provider is currently experiencing high demand. Please retry shortly.""}},""providerMetadata"":{""gateway"":{""routing"":{""originalModelId"":""typesafe-ai/jev"",""resolvedProvider"":""typesafe-ai"",""fallbacksAvailable"":[],""canonicalSlug"":""typesafe-ai/jev"",""modelAttemptCount"":1,""modelAttempts"":[{""canonicalSlug"":""typesafe-ai/jev"",""success"":false,""providerAttemptCount"":0,""providerAttempts"":[]}],""totalProviderAttemptCount"":0},""generationId"":""gen_01M362FC1F0W6W0E2FW5Q7FAVF""}}}",12,"{""X-Ratelimit-Limit-Requests"":""30"",""X-Ratelimit-Limit-Tokens"":""250000"",""X-Ratelimit-Remaining-Requests"":""0"",""X-Ratelimit-Remaining-Tokens"":""210167"",""X-Ratelimit-Reset-Requests"":""12s"",""X-Ratelimit-Reset-Tokens"":""12s""}",88.10
choice/1/065/vercel,vercel,choice,1,65,2,429,false,HTTP 429,"{""error"":{""message"":""The upstream provider is currently experiencing high demand. Please retry shortly."",""type"":""rate_limit_exceeded"",""param"":{""error"":""The upstream provider is currently experiencing high demand. Please retry shortly."",""type"":""rate_limit_exceeded"",""statusCode"":429,""name"":""RateLimitExceededError"",""message"":""The upstream provider is currently experiencing high demand. Please retry shortly.""}},""providerMetadata"":{""gateway"":{""routing"":{""originalModelId"":""typesafe-ai/jev"",""resolvedProvider"":""typesafe-ai"",""fallbacksAvailable"":[],""canonicalSlug"":""typesafe-ai/jev"",""modelAttemptCount"":1,""modelAttempts"":[{""canonicalSlug"":""typesafe-ai/jev"",""success"":false,""providerAttemptCount"":0,""providerAttempts"":[]}],""totalProviderAttemptCount"":0},""generationId"":""gen_01M362FD964QK449VW98JGX5K7""}}}",11,"{""X-Ratelimit-Limit-Requests"":""30"",""X-Ratelimit-Limit-Tokens"":""250000"",""X-Ratelimit-Remaining-Requests"":""0"",""X-Ratelimit-Remaining-Tokens"":""210779"",""X-Ratelimit-Reset-Requests"":""11s"",""X-Ratelimit-Reset-Tokens"":""11s""}",192.76
choice/1/066/vercel,vercel,choice,1,66,2,429,false,HTTP 429,"{""error"":{""message"":""The upstream provider is currently experiencing high demand. Please retry shortly."",""type"":""rate_limit_exceeded"",""param"":{""error"":""The upstream provider is currently experiencing high demand. Please retry shortly."",""type"":""rate_limit_exceeded"",""statusCode"":429,""name"":""RateLimitExceededError"",""message"":""The upstream provider is currently experiencing high demand. Please retry shortly.""}},""providerMetadata"":{""gateway"":{""routing"":{""originalModelId"":""typesafe-ai/jev"",""resolvedProvider"":""typesafe-ai"",""fallbacksAvailable"":[],""canonicalSlug"":""typesafe-ai/jev"",""modelAttemptCount"":1,""modelAttempts"":[{""canonicalSlug"":""typesafe-ai/jev"",""success"":false,""providerAttemptCount"":0,""providerAttempts"":[]}],""totalProviderAttemptCount"":0},""generationId"":""gen_01M362FDC4M568HR4YB50HCP09""}}}",11,"{""X-Ratelimit-Limit-Requests"":""30"",""X-Ratelimit-Limit-Tokens"":""250000"",""X-Ratelimit-Remaining-Requests"":""0"",""X-Ratelimit-Remaining-Tokens"":""211565"",""X-Ratelimit-Reset-Requests"":""11s"",""X-Ratelimit-Reset-Tokens"":""11s""}",90.33
choice/1/068/vercel,vercel,choice,1,68,2,429,false,HTTP 429,"{""error"":{""message"":""The upstream provider is currently experiencing high demand. Please retry shortly."",""type"":""rate_limit_exceeded"",""param"":{""error"":""The upstream provider is currently experiencing high demand. Please retry shortly."",""type"":""rate_limit_exceeded"",""statusCode"":429,""name"":""RateLimitExceededError"",""message"":""The upstream provider is currently experiencing high demand. Please retry shortly.""}},""providerMetadata"":{""gateway"":{""routing"":{""originalModelId"":""typesafe-ai/jev"",""resolvedProvider"":""typesafe-ai"",""fallbacksAvailable"":[],""canonicalSlug"":""typesafe-ai/jev"",""modelAttemptCount"":1,""modelAttempts"":[{""canonicalSlug"":""typesafe-ai/jev"",""success"":false,""providerAttemptCount"":0,""providerAttempts"":[]}],""totalProviderAttemptCount"":0},""generationId"":""gen_01M362FF9DHQY4APPFD9JGED7R""}}}",9,"{""X-Ratelimit-Limit-Requests"":""30"",""X-Ratelimit-Limit-Tokens"":""250000"",""X-Ratelimit-Remaining-Requests"":""0"",""X-Ratelimit-Remaining-Tokens"":""212489"",""X-Ratelimit-Reset-Requests"":""9s"",""X-Ratelimit-Reset-Tokens"":""9s""}",106.60
choice/1/069/vercel,vercel,choice,1,69,2,429,false,HTTP 429,"{""error"":{""message"":""The upstream provider is currently experiencing high demand. Please retry shortly."",""type"":""rate_limit_exceeded"",""param"":{""error"":""The upstream provider is currently experiencing high demand. Please retry shortly."",""type"":""rate_limit_exceeded"",""statusCode"":429,""name"":""RateLimitExceededError"",""message"":""The upstream provider is currently experiencing high demand. Please retry shortly.""}},""providerMetadata"":{""gateway"":{""routing"":{""originalModelId"":""typesafe-ai/jev"",""resolvedProvider"":""typesafe-ai"",""fallbacksAvailable"":[],""canonicalSlug"":""typesafe-ai/jev"",""modelAttemptCount"":1,""modelAttempts"":[{""canonicalSlug"":""typesafe-ai/jev"",""success"":false,""providerAttemptCount"":0,""providerAttempts"":[]}],""totalProviderAttemptCount"":0},""generationId"":""gen_01M362FG58WKSWFMG5NFAB87XK""}}}",8,"{""X-Ratelimit-Limit-Requests"":""30"",""X-Ratelimit-Limit-Tokens"":""250000"",""X-Ratelimit-Remaining-Requests"":""0"",""X-Ratelimit-Remaining-Tokens"":""211565"",""X-Ratelimit-Reset-Requests"":""8s"",""X-Ratelimit-Reset-Tokens"":""8s""}",91.22
choice/1/071/vercel,vercel,choice,1,71,2,429,false,HTTP 429,"{""error"":{""message"":""The upstream provider is currently experiencing high demand. Please retry shortly."",""type"":""rate_limit_exceeded"",""param"":{""error"":""The upstream provider is currently experiencing high demand. Please retry shortly."",""type"":""rate_limit_exceeded"",""statusCode"":429,""name"":""RateLimitExceededError"",""message"":""The upstream provider is currently experiencing high demand. Please retry shortly.""}},""providerMetadata"":{""gateway"":{""routing"":{""originalModelId"":""typesafe-ai/jev"",""resolvedProvider"":""typesafe-ai"",""fallbacksAvailable"":[],""canonicalSlug"":""typesafe-ai/jev"",""modelAttemptCount"":1,""modelAttempts"":[{""canonicalSlug"":""typesafe-ai/jev"",""success"":false,""providerAttemptCount"":0,""providerAttempts"":[]}],""totalProviderAttemptCount"":0},""generationId"":""gen_01M362FH3KR495DHWD34GHX5DG""}}}",7,"{""X-Ratelimit-Limit-Requests"":""30"",""X-Ratelimit-Limit-Tokens"":""250000"",""X-Ratelimit-Remaining-Requests"":""0"",""X-Ratelimit-Remaining-Tokens"":""213290"",""X-Ratelimit-Reset-Requests"":""7s"",""X-Ratelimit-Reset-Tokens"":""7s""}",93.45
choice/1/072/vercel,vercel,choice,1,72,2,429,false,HTTP 429,"{""error"":{""message"":""The upstream provider is currently experiencing high demand. Please retry shortly."",""type"":""rate_limit_exceeded"",""param"":{""error"":""The upstream provider is currently experiencing high demand. Please retry shortly."",""type"":""rate_limit_exceeded"",""statusCode"":429,""name"":""RateLimitExceededError"",""message"":""The upstream provider is currently experiencing high demand. Please retry shortly.""}},""providerMetadata"":{""gateway"":{""routing"":{""originalModelId"":""typesafe-ai/jev"",""resolvedProvider"":""typesafe-ai"",""fallbacksAvailable"":[],""canonicalSlug"":""typesafe-ai/jev"",""modelAttemptCount"":1,""modelAttempts"":[{""canonicalSlug"":""typesafe-ai/jev"",""success"":false,""providerAttemptCount"":0,""providerAttempts"":[]}],""totalProviderAttemptCount"":0},""generationId"":""gen_01M362FHXWJ0RKYHJMWEMZY7QW""}}}",6,"{""X-Ratelimit-Limit-Requests"":""30"",""X-Ratelimit-Limit-Tokens"":""250000"",""X-Ratelimit-Remaining-Requests"":""0"",""X-Ratelimit-Remaining-Tokens"":""213920"",""X-Ratelimit-Reset-Requests"":""6s"",""X-Ratelimit-Reset-Tokens"":""6s""}",82.70
choice/1/074/vercel,vercel,choice,1,74,2,429,false,HTTP 429,"{""error"":{""message"":""The upstream provider is currently experiencing high demand. Please retry shortly."",""type"":""rate_limit_exceeded"",""param"":{""error"":""The upstream provider is currently experiencing high demand. Please retry shortly."",""type"":""rate_limit_exceeded"",""statusCode"":429,""name"":""RateLimitExceededError"",""message"":""The upstream provider is currently experiencing high demand. Please retry shortly.""}},""providerMetadata"":{""gateway"":{""routing"":{""originalModelId"":""typesafe-ai/jev"",""resolvedProvider"":""typesafe-ai"",""fallbacksAvailable"":[],""canonicalSlug"":""typesafe-ai/jev"",""modelAttemptCount"":1,""modelAttempts"":[{""canonicalSlug"":""typesafe-ai/jev"",""success"":false,""providerAttemptCount"":0,""providerAttempts"":[]}],""totalProviderAttemptCount"":0},""generationId"":""gen_01M362FKSED5M8VWTN6B0Y46JX""}}}",4,"{""X-Ratelimit-Limit-Requests"":""30"",""X-Ratelimit-Limit-Tokens"":""250000"",""X-Ratelimit-Remaining-Requests"":""0"",""X-Ratelimit-Remaining-Tokens"":""215315"",""X-Ratelimit-Reset-Requests"":""4s"",""X-Ratelimit-Reset-Tokens"":""4s""}",90.94
choice/1/075/vercel,vercel,choice,1,75,2,429,false,HTTP 429,"{""error"":{""message"":""The upstream provider is currently experiencing high demand. Please retry shortly."",""type"":""rate_limit_exceeded"",""param"":{""error"":""The upstream provider is currently experiencing high demand. Please retry shortly."",""type"":""rate_limit_exceeded"",""statusCode"":429,""name"":""RateLimitExceededError"",""message"":""The upstream provider is currently experiencing high demand. Please retry shortly.""}},""providerMetadata"":{""gateway"":{""routing"":{""originalModelId"":""typesafe-ai/jev"",""resolvedProvider"":""typesafe-ai"",""fallbacksAvailable"":[],""canonicalSlug"":""typesafe-ai/jev"",""modelAttemptCount"":1,""modelAttempts"":[{""canonicalSlug"":""typesafe-ai/jev"",""success"":false,""providerAttemptCount"":0,""providerAttempts"":[]}],""totalProviderAttemptCount"":0},""generationId"":""gen_01M362FMFRA092RRZZB90YX05K""}}}",4,"{""X-Ratelimit-Limit-Requests"":""30"",""X-Ratelimit-Limit-Tokens"":""250000"",""X-Ratelimit-Remaining-Requests"":""0"",""X-Ratelimit-Remaining-Tokens"":""213396"",""X-Ratelimit-Reset-Requests"":""4s"",""X-Ratelimit-Reset-Tokens"":""4s""}",93.45
choice/1/076/vercel,vercel,choice,1,76,2,429,false,HTTP 429,"{""error"":{""message"":""The upstream provider is currently experiencing high demand. Please retry shortly."",""type"":""rate_limit_exceeded"",""param"":{""error"":""The upstream provider is currently experiencing high demand. Please retry shortly."",""type"":""rate_limit_exceeded"",""statusCode"":429,""name"":""RateLimitExceededError"",""message"":""The upstream provider is currently experiencing high demand. Please retry shortly.""}},""providerMetadata"":{""gateway"":{""routing"":{""originalModelId"":""typesafe-ai/jev"",""resolvedProvider"":""typesafe-ai"",""fallbacksAvailable"":[],""canonicalSlug"":""typesafe-ai/jev"",""modelAttemptCount"":1,""modelAttempts"":[{""canonicalSlug"":""typesafe-ai/jev"",""success"":false,""providerAttemptCount"":0,""providerAttempts"":[]}],""totalProviderAttemptCount"":0},""generationId"":""gen_01M362FMRKJ0TTJ2T1RP7VBS0Q""}}}",3,"{""X-Ratelimit-Limit-Requests"":""30"",""X-Ratelimit-Limit-Tokens"":""250000"",""X-Ratelimit-Remaining-Requests"":""0"",""X-Ratelimit-Remaining-Tokens"":""215315"",""X-Ratelimit-Reset-Requests"":""3s"",""X-Ratelimit-Reset-Tokens"":""3s""}",80.16
choice/1/078/vercel,vercel,choice,1,78,2,429,false,HTTP 429,"{""error"":{""message"":""The upstream provider is currently experiencing high demand. Please retry shortly."",""type"":""rate_limit_exceeded"",""param"":{""error"":""The upstream provider is currently experiencing high demand. Please retry shortly."",""type"":""rate_limit_exceeded"",""statusCode"":429,""name"":""RateLimitExceededError"",""message"":""The upstream provider is currently experiencing high demand. Please retry shortly.""}},""providerMetadata"":{""gateway"":{""routing"":{""originalModelId"":""typesafe-ai/jev"",""resolvedProvider"":""typesafe-ai"",""fallbacksAvailable"":[],""canonicalSlug"":""typesafe-ai/jev"",""modelAttemptCount"":1,""modelAttempts"":[{""canonicalSlug"":""typesafe-ai/jev"",""success"":false,""providerAttemptCount"":0,""providerAttempts"":[]}],""totalProviderAttemptCount"":0},""generationId"":""gen_01M362FPDJHFW2F59E0NQEJAY5""}}}",2,"{""X-Ratelimit-Limit-Requests"":""30"",""X-Ratelimit-Limit-Tokens"":""250000"",""X-Ratelimit-Remaining-Requests"":""0"",""X-Ratelimit-Remaining-Tokens"":""215744"",""X-Ratelimit-Reset-Requests"":""2s"",""X-Ratelimit-Reset-Tokens"":""2s""}",86.87
choice/1/079/vercel,vercel,choice,1,79,2,429,false,HTTP 429,"{""error"":{""message"":""The upstream provider is currently experiencing high demand. Please retry shortly."",""type"":""rate_limit_exceeded"",""param"":{""error"":""The upstream provider is currently experiencing high demand. Please retry shortly."",""type"":""rate_limit_exceeded"",""statusCode"":429,""name"":""RateLimitExceededError"",""message"":""The upstream provider is currently experiencing high demand. Please retry shortly.""}},""providerMetadata"":{""gateway"":{""routing"":{""originalModelId"":""typesafe-ai/jev"",""resolvedProvider"":""typesafe-ai"",""fallbacksAvailable"":[],""canonicalSlug"":""typesafe-ai/jev"",""modelAttemptCount"":1,""modelAttempts"":[{""canonicalSlug"":""typesafe-ai/jev"",""success"":false,""providerAttemptCount"":0,""providerAttempts"":[]}],""totalProviderAttemptCount"":0},""generationId"":""gen_01M362FPP2SBCY8CYP1CNBPBAR""}}}",1,"{""X-Ratelimit-Limit-Requests"":""30"",""X-Ratelimit-Limit-Tokens"":""250000"",""X-Ratelimit-Remaining-Requests"":""0"",""X-Ratelimit-Remaining-Tokens"":""216675"",""X-Ratelimit-Reset-Requests"":""1s"",""X-Ratelimit-Reset-Tokens"":""1s""}",85.73
choice/1/081/vercel,vercel,choice,1,81,2,429,false,HTTP 429,"{""error"":{""message"":""The upstream provider is currently experiencing high demand. Please retry shortly."",""type"":""rate_limit_exceeded"",""param"":{""error"":""The upstream provider is currently experiencing high demand. Please retry shortly."",""type"":""rate_limit_exceeded"",""statusCode"":429,""name"":""RateLimitExceededError"",""message"":""The upstream provider is currently experiencing high demand. Please retry shortly.""}},""providerMetadata"":{""gateway"":{""routing"":{""originalModelId"":""typesafe-ai/jev"",""resolvedProvider"":""typesafe-ai"",""fallbacksAvailable"":[],""canonicalSlug"":""typesafe-ai/jev"",""modelAttemptCount"":1,""modelAttempts"":[{""canonicalSlug"":""typesafe-ai/jev"",""success"":false,""providerAttemptCount"":0,""providerAttempts"":[]}],""totalProviderAttemptCount"":0},""generationId"":""gen_01M362FRNC12R4BW20821A3GVH""}}}",59,"{""X-Ratelimit-Limit-Requests"":""30"",""X-Ratelimit-Limit-Tokens"":""250000"",""X-Ratelimit-Remaining-Requests"":""0"",""X-Ratelimit-Remaining-Tokens"":""217373"",""X-Ratelimit-Reset-Requests"":""59s"",""X-Ratelimit-Reset-Tokens"":""59s""}",91.20
choice/1/082/vercel,vercel,choice,1,82,2,429,false,HTTP 429,"{""error"":{""message"":""The upstream provider is currently experiencing high demand. Please retry shortly."",""type"":""rate_limit_exceeded"",""param"":{""error"":""The upstream provider is currently experiencing high demand. Please retry shortly."",""type"":""rate_limit_exceeded"",""statusCode"":429,""name"":""RateLimitExceededError"",""message"":""The upstream provider is currently experiencing high demand. Please retry shortly.""}},""providerMetadata"":{""gateway"":{""routing"":{""originalModelId"":""typesafe-ai/jev"",""resolvedProvider"":""typesafe-ai"",""fallbacksAvailable"":[],""canonicalSlug"":""typesafe-ai/jev"",""modelAttemptCount"":1,""modelAttempts"":[{""canonicalSlug"":""typesafe-ai/jev"",""success"":false,""providerAttemptCount"":0,""providerAttempts"":[]}],""totalProviderAttemptCount"":0},""generationId"":""gen_01M362FS0D3XA99EW81JGHWBB8""}}}",59,"{""X-Ratelimit-Limit-Requests"":""30"",""X-Ratelimit-Limit-Tokens"":""250000"",""X-Ratelimit-Remaining-Requests"":""0"",""X-Ratelimit-Remaining-Tokens"":""216030"",""X-Ratelimit-Reset-Requests"":""59s"",""X-Ratelimit-Reset-Tokens"":""59s""}",76.77
choice/1/084/vercel,vercel,choice,1,84,2,429,false,HTTP 429,"{""error"":{""message"":""The upstream provider is currently experiencing high demand. Please retry shortly."",""type"":""rate_limit_exceeded"",""param"":{""error"":""The upstream provider is currently experiencing high demand. Please retry shortly."",""type"":""rate_limit_exceeded"",""statusCode"":429,""name"":""RateLimitExceededError"",""message"":""The upstream provider is currently experiencing high demand. Please retry shortly.""}},""providerMetadata"":{""gateway"":{""routing"":{""originalModelId"":""typesafe-ai/jev"",""resolvedProvider"":""typesafe-ai"",""fallbacksAvailable"":[],""canonicalSlug"":""typesafe-ai/jev"",""modelAttemptCount"":1,""modelAttempts"":[{""canonicalSlug"":""typesafe-ai/jev"",""success"":false,""providerAttemptCount"":0,""providerAttempts"":[]}],""totalProviderAttemptCount"":0},""generationId"":""gen_01M362FTPJXSSW8T6FMG5KXXDN""}}}",57,"{""X-Ratelimit-Limit-Requests"":""30"",""X-Ratelimit-Limit-Tokens"":""250000"",""X-Ratelimit-Remaining-Requests"":""0"",""X-Ratelimit-Remaining-Tokens"":""217559"",""X-Ratelimit-Reset-Requests"":""57s"",""X-Ratelimit-Reset-Tokens"":""57s""}",75.31
choice/1/085/vercel,vercel,choice,1,85,2,429,false,HTTP 429,"{""error"":{""message"":""The upstream provider is currently experiencing high demand. Please retry shortly."",""type"":""rate_limit_exceeded"",""param"":{""error"":""The upstream provider is currently experiencing high demand. Please retry shortly."",""type"":""rate_limit_exceeded"",""statusCode"":429,""name"":""RateLimitExceededError"",""message"":""The upstream provider is currently experiencing high demand. Please retry shortly.""}},""providerMetadata"":{""gateway"":{""routing"":{""originalModelId"":""typesafe-ai/jev"",""resolvedProvider"":""typesafe-ai"",""fallbacksAvailable"":[],""canonicalSlug"":""typesafe-ai/jev"",""modelAttemptCount"":1,""modelAttempts"":[{""canonicalSlug"":""typesafe-ai/jev"",""success"":false,""providerAttemptCount"":0,""providerAttempts"":[]}],""totalProviderAttemptCount"":0},""generationId"":""gen_01M362FV0614S04A9DG2AV4BXG""}}}",57,"{""X-Ratelimit-Limit-Requests"":""30"",""X-Ratelimit-Limit-Tokens"":""250000"",""X-Ratelimit-Remaining-Requests"":""0"",""X-Ratelimit-Remaining-Tokens"":""217557"",""X-Ratelimit-Reset-Requests"":""57s"",""X-Ratelimit-Reset-Tokens"":""57s""}",200.98
choice/1/087/vercel,vercel,choice,1,87,2,429,false,HTTP 429,"{""error"":{""message"":""The upstream provider is currently experiencing high demand. Please retry shortly."",""type"":""rate_limit_exceeded"",""param"":{""error"":""The upstream provider is currently experiencing high demand. Please retry shortly."",""type"":""rate_limit_exceeded"",""statusCode"":429,""name"":""RateLimitExceededError"",""message"":""The upstream provider is currently experiencing high demand. Please retry shortly.""}},""providerMetadata"":{""gateway"":{""routing"":{""originalModelId"":""typesafe-ai/jev"",""resolvedProvider"":""typesafe-ai"",""fallbacksAvailable"":[],""canonicalSlug"":""typesafe-ai/jev"",""modelAttemptCount"":1,""modelAttempts"":[{""canonicalSlug"":""typesafe-ai/jev"",""success"":false,""providerAttemptCount"":0,""providerAttempts"":[]}],""totalProviderAttemptCount"":0},""generationId"":""gen_01M362FWNNYFW0GC4AR1KYEQ9P""}}}",55,"{""X-Ratelimit-Limit-Requests"":""30"",""X-Ratelimit-Limit-Tokens"":""250000"",""X-Ratelimit-Remaining-Requests"":""0"",""X-Ratelimit-Remaining-Tokens"":""217388"",""X-Ratelimit-Reset-Requests"":""55s"",""X-Ratelimit-Reset-Tokens"":""55s""}",76.87
choice/1/088/vercel,vercel,choice,1,88,2,429,false,HTTP 429,"{""error"":{""message"":""The upstream provider is currently experiencing high demand. Please retry shortly."",""type"":""rate_limit_exceeded"",""param"":{""error"":""The upstream provider is currently experiencing high demand. Please retry shortly."",""type"":""rate_limit_exceeded"",""statusCode"":429,""name"":""RateLimitExceededError"",""message"":""The upstream provider is currently experiencing high demand. Please retry shortly.""}},""providerMetadata"":{""gateway"":{""routing"":{""originalModelId"":""typesafe-ai/jev"",""resolvedProvider"":""typesafe-ai"",""fallbacksAvailable"":[],""canonicalSlug"":""typesafe-ai/jev"",""modelAttemptCount"":1,""modelAttempts"":[{""canonicalSlug"":""typesafe-ai/jev"",""success"":false,""providerAttemptCount"":0,""providerAttempts"":[]}],""totalProviderAttemptCount"":0},""generationId"":""gen_01M362FX5WPHDB71DGDERB13QS""}}}",55,"{""X-Ratelimit-Limit-Requests"":""30"",""X-Ratelimit-Limit-Tokens"":""250000"",""X-Ratelimit-Remaining-Requests"":""0"",""X-Ratelimit-Remaining-Tokens"":""217650"",""X-Ratelimit-Reset-Requests"":""55s"",""X-Ratelimit-Reset-Tokens"":""55s""}",82.26
choice/1/090/vercel,vercel,choice,1,90,2,429,false,HTTP 429,"{""error"":{""message"":""The upstream provider is currently experiencing high demand. Please retry shortly."",""type"":""rate_limit_exceeded"",""param"":{""error"":""The upstream provider is currently experiencing high demand. Please retry shortly."",""type"":""rate_limit_exceeded"",""statusCode"":429,""name"":""RateLimitExceededError"",""message"":""The upstream provider is currently experiencing high demand. Please retry shortly.""}},""providerMetadata"":{""gateway"":{""routing"":{""originalModelId"":""typesafe-ai/jev"",""resolvedProvider"":""typesafe-ai"",""fallbacksAvailable"":[],""canonicalSlug"":""typesafe-ai/jev"",""modelAttemptCount"":1,""modelAttempts"":[{""canonicalSlug"":""typesafe-ai/jev"",""success"":false,""providerAttemptCount"":0,""providerAttempts"":[]}],""totalProviderAttemptCount"":0},""generationId"":""gen_01M362FYQNCNFGJJAJH91B0PTJ""}}}",53,"{""X-Ratelimit-Limit-Requests"":""30"",""X-Ratelimit-Limit-Tokens"":""250000"",""X-Ratelimit-Remaining-Requests"":""0"",""X-Ratelimit-Remaining-Tokens"":""217372"",""X-Ratelimit-Reset-Requests"":""53s"",""X-Ratelimit-Reset-Tokens"":""53s""}",81.87
choice/1/091/vercel,vercel,choice,1,91,2,429,false,HTTP 429,"{""error"":{""message"":""The upstream provider is currently experiencing high demand. Please retry shortly."",""type"":""rate_limit_exceeded"",""param"":{""error"":""The upstream provider is currently experiencing high demand. Please retry shortly."",""type"":""rate_limit_exceeded"",""statusCode"":429,""name"":""RateLimitExceededError"",""message"":""The upstream provider is currently experiencing high demand. Please retry shortly.""}},""providerMetadata"":{""gateway"":{""routing"":{""originalModelId"":""typesafe-ai/jev"",""resolvedProvider"":""typesafe-ai"",""fallbacksAvailable"":[],""canonicalSlug"":""typesafe-ai/jev"",""modelAttemptCount"":1,""modelAttempts"":[{""canonicalSlug"":""typesafe-ai/jev"",""success"":false,""providerAttemptCount"":0,""providerAttempts"":[]}],""totalProviderAttemptCount"":0},""generationId"":""gen_01M362FZ0HYBT723KTKHBMPCA5""}}}",53,"{""X-Ratelimit-Limit-Requests"":""30"",""X-Ratelimit-Limit-Tokens"":""250000"",""X-Ratelimit-Remaining-Requests"":""0"",""X-Ratelimit-Remaining-Tokens"":""218174"",""X-Ratelimit-Reset-Requests"":""53s"",""X-Ratelimit-Reset-Tokens"":""53s""}",83.83
choice/1/093/vercel,vercel,choice,1,93,2,429,false,HTTP 429,"{""error"":{""message"":""The upstream provider is currently experiencing high demand. Please retry shortly."",""type"":""rate_limit_exceeded"",""param"":{""error"":""The upstream provider is currently experiencing high demand. Please retry shortly."",""type"":""rate_limit_exceeded"",""statusCode"":429,""name"":""RateLimitExceededError"",""message"":""The upstream provider is currently experiencing high demand. Please retry shortly.""}},""providerMetadata"":{""gateway"":{""routing"":{""originalModelId"":""typesafe-ai/jev"",""resolvedProvider"":""typesafe-ai"",""fallbacksAvailable"":[],""canonicalSlug"":""typesafe-ai/jev"",""modelAttemptCount"":1,""modelAttempts"":[{""canonicalSlug"":""typesafe-ai/jev"",""success"":false,""providerAttemptCount"":0,""providerAttempts"":[]}],""totalProviderAttemptCount"":0},""generationId"":""gen_01M362G0AN6VFXQXPETN3SJ0SX""}}}",51,"{""X-Ratelimit-Limit-Requests"":""30"",""X-Ratelimit-Limit-Tokens"":""250000"",""X-Ratelimit-Remaining-Requests"":""0"",""X-Ratelimit-Remaining-Tokens"":""218174"",""X-Ratelimit-Reset-Requests"":""51s"",""X-Ratelimit-Reset-Tokens"":""51s""}",78.21
choice/1/094/vercel,vercel,choice,1,94,2,429,false,HTTP 429,"{""error"":{""message"":""The upstream provider is currently experiencing high demand. Please retry shortly."",""type"":""rate_limit_exceeded"",""param"":{""error"":""The upstream provider is currently experiencing high demand. Please retry shortly."",""type"":""rate_limit_exceeded"",""statusCode"":429,""name"":""RateLimitExceededError"",""message"":""The upstream provider is currently experiencing high demand. Please retry shortly.""}},""providerMetadata"":{""gateway"":{""routing"":{""originalModelId"":""typesafe-ai/jev"",""resolvedProvider"":""typesafe-ai"",""fallbacksAvailable"":[],""canonicalSlug"":""typesafe-ai/jev"",""modelAttemptCount"":1,""modelAttempts"":[{""canonicalSlug"":""typesafe-ai/jev"",""success"":false,""providerAttemptCount"":0,""providerAttempts"":[]}],""totalProviderAttemptCount"":0},""generationId"":""gen_01M362G0THXD7YB9TH8MHB7BD4""}}}",51,"{""X-Ratelimit-Limit-Requests"":""30"",""X-Ratelimit-Limit-Tokens"":""250000"",""X-Ratelimit-Remaining-Requests"":""0"",""X-Ratelimit-Remaining-Tokens"":""217407"",""X-Ratelimit-Reset-Requests"":""51s"",""X-Ratelimit-Reset-Tokens"":""51s""}",80.87
choice/1/096/vercel,vercel,choice,1,96,2,429,false,HTTP 429,"{""error"":{""message"":""The upstream provider is currently experiencing high demand. Please retry shortly."",""type"":""rate_limit_exceeded"",""param"":{""error"":""The upstream provider is currently experiencing high demand. Please retry shortly."",""type"":""rate_limit_exceeded"",""statusCode"":429,""name"":""RateLimitExceededError"",""message"":""The upstream provider is currently experiencing high demand. Please retry shortly.""}},""providerMetadata"":{""gateway"":{""routing"":{""originalModelId"":""typesafe-ai/jev"",""resolvedProvider"":""typesafe-ai"",""fallbacksAvailable"":[],""canonicalSlug"":""typesafe-ai/jev"",""modelAttemptCount"":1,""modelAttempts"":[{""canonicalSlug"":""typesafe-ai/jev"",""success"":false,""providerAttemptCount"":0,""providerAttempts"":[]}],""totalProviderAttemptCount"":0},""generationId"":""gen_01M362G2B0STCQ9X8MWZSQBYQC""}}}",49,"{""X-Ratelimit-Limit-Requests"":""30"",""X-Ratelimit-Limit-Tokens"":""250000"",""X-Ratelimit-Remaining-Requests"":""0"",""X-Ratelimit-Remaining-Tokens"":""217188"",""X-Ratelimit-Reset-Requests"":""49s"",""X-Ratelimit-Reset-Tokens"":""49s""}",85.02
choice/1/097/vercel,vercel,choice,1,97,2,429,false,HTTP 429,"{""error"":{""message"":""The upstream provider is currently experiencing high demand. Please retry shortly."",""type"":""rate_limit_exceeded"",""param"":{""error"":""The upstream provider is currently experiencing high demand. Please retry shortly."",""type"":""rate_limit_exceeded"",""statusCode"":429,""name"":""RateLimitExceededError"",""message"":""The upstream provider is currently experiencing high demand. Please retry shortly.""}},""providerMetadata"":{""gateway"":{""routing"":{""originalModelId"":""typesafe-ai/jev"",""resolvedProvider"":""typesafe-ai"",""fallbacksAvailable"":[],""canonicalSlug"":""typesafe-ai/jev"",""modelAttemptCount"":1,""modelAttempts"":[{""canonicalSlug"":""typesafe-ai/jev"",""success"":false,""providerAttemptCount"":0,""providerAttempts"":[]}],""totalProviderAttemptCount"":0},""generationId"":""gen_01M362G2KV38V60KAACAE0WJ2A""}}}",49,"{""X-Ratelimit-Limit-Requests"":""30"",""X-Ratelimit-Limit-Tokens"":""250000"",""X-Ratelimit-Remaining-Requests"":""0"",""X-Ratelimit-Remaining-Tokens"":""217185"",""X-Ratelimit-Reset-Requests"":""49s"",""X-Ratelimit-Reset-Tokens"":""49s""}",129.74
choice/1/098/vercel,vercel,choice,1,98,2,429,false,HTTP 429,"{""error"":{""message"":""The upstream provider is currently experiencing high demand. Please retry shortly."",""type"":""rate_limit_exceeded"",""param"":{""error"":""The upstream provider is currently experiencing high demand. Please retry shortly."",""type"":""rate_limit_exceeded"",""statusCode"":429,""name"":""RateLimitExceededError"",""message"":""The upstream provider is currently experiencing high demand. Please retry shortly.""}},""providerMetadata"":{""gateway"":{""routing"":{""originalModelId"":""typesafe-ai/jev"",""resolvedProvider"":""typesafe-ai"",""fallbacksAvailable"":[],""canonicalSlug"":""typesafe-ai/jev"",""modelAttemptCount"":1,""modelAttempts"":[{""canonicalSlug"":""typesafe-ai/jev"",""success"":false,""providerAttemptCount"":0,""providerAttempts"":[]}],""totalProviderAttemptCount"":0},""generationId"":""gen_01M362G378NCRJQ094KDW6A6WF""}}}",49,"{""X-Ratelimit-Limit-Requests"":""30"",""X-Ratelimit-Limit-Tokens"":""250000"",""X-Ratelimit-Remaining-Requests"":""0"",""X-Ratelimit-Remaining-Tokens"":""217454"",""X-Ratelimit-Reset-Requests"":""49s"",""X-Ratelimit-Reset-Tokens"":""49s""}",85.12
score/1/051/vercel,vercel,score,1,51,2,429,false,HTTP 429,"{""error"":{""message"":""The upstream provider is currently experiencing high demand. Please retry shortly."",""type"":""rate_limit_exceeded"",""param"":{""error"":""The upstream provider is currently experiencing high demand. Please retry shortly."",""type"":""rate_limit_exceeded"",""statusCode"":429,""name"":""RateLimitExceededError"",""message"":""The upstream provider is currently experiencing high demand. Please retry shortly.""}},""providerMetadata"":{""gateway"":{""routing"":{""originalModelId"":""typesafe-ai/jev"",""resolvedProvider"":""typesafe-ai"",""fallbacksAvailable"":[],""canonicalSlug"":""typesafe-ai/jev"",""modelAttemptCount"":1,""modelAttempts"":[{""canonicalSlug"":""typesafe-ai/jev"",""success"":false,""providerAttemptCount"":0,""providerAttempts"":[]}],""totalProviderAttemptCount"":0},""generationId"":""gen_01M362G6BZFZV4ZAZS25Q9531M""}}}",45,"{""X-Ratelimit-Limit-Requests"":""30"",""X-Ratelimit-Limit-Tokens"":""250000"",""X-Ratelimit-Remaining-Requests"":""0"",""X-Ratelimit-Remaining-Tokens"":""217672"",""X-Ratelimit-Reset-Requests"":""45s"",""X-Ratelimit-Reset-Tokens"":""45s""}",82.57
score/1/052/vercel,vercel,score,1,52,2,429,false,HTTP 429,"{""error"":{""message"":""The upstream provider is currently experiencing high demand. Please retry shortly."",""type"":""rate_limit_exceeded"",""param"":{""error"":""The upstream provider is currently experiencing high demand. Please retry shortly."",""type"":""rate_limit_exceeded"",""statusCode"":429,""name"":""RateLimitExceededError"",""message"":""The upstream provider is currently experiencing high demand. Please retry shortly.""}},""providerMetadata"":{""gateway"":{""routing"":{""originalModelId"":""typesafe-ai/jev"",""resolvedProvider"":""typesafe-ai"",""fallbacksAvailable"":[],""canonicalSlug"":""typesafe-ai/jev"",""modelAttemptCount"":1,""modelAttempts"":[{""canonicalSlug"":""typesafe-ai/jev"",""success"":false,""providerAttemptCount"":0,""providerAttempts"":[]}],""totalProviderAttemptCount"":0},""generationId"":""gen_01M362G6NN0TTJQAP4TJPWK6R9""}}}",45,"{""X-Ratelimit-Limit-Requests"":""30"",""X-Ratelimit-Limit-Tokens"":""250000"",""X-Ratelimit-Remaining-Requests"":""0"",""X-Ratelimit-Remaining-Tokens"":""217360"",""X-Ratelimit-Reset-Requests"":""45s"",""X-Ratelimit-Reset-Tokens"":""45s""}",88.47
score/1/054/vercel,vercel,score,1,54,2,429,false,HTTP 429,"{""error"":{""message"":""The upstream provider is currently experiencing high demand. Please retry shortly."",""type"":""rate_limit_exceeded"",""param"":{""error"":""The upstream provider is currently experiencing high demand. Please retry shortly."",""type"":""rate_limit_exceeded"",""statusCode"":429,""name"":""RateLimitExceededError"",""message"":""The upstream provider is currently experiencing high demand. Please retry shortly.""}},""providerMetadata"":{""gateway"":{""routing"":{""originalModelId"":""typesafe-ai/jev"",""resolvedProvider"":""typesafe-ai"",""fallbacksAvailable"":[],""canonicalSlug"":""typesafe-ai/jev"",""modelAttemptCount"":1,""modelAttempts"":[{""canonicalSlug"":""typesafe-ai/jev"",""success"":false,""providerAttemptCount"":0,""providerAttempts"":[]}],""totalProviderAttemptCount"":0},""generationId"":""gen_01M362G8T78N4W2QYSD96JTAXR""}}}",43,"{""X-Ratelimit-Limit-Requests"":""30"",""X-Ratelimit-Limit-Tokens"":""250000"",""X-Ratelimit-Remaining-Requests"":""0"",""X-Ratelimit-Remaining-Tokens"":""217423"",""X-Ratelimit-Reset-Requests"":""43s"",""X-Ratelimit-Reset-Tokens"":""43s""}",97.91
score/1/056/vercel,vercel,score,1,56,2,429,false,HTTP 429,"{""error"":{""message"":""The upstream provider is currently experiencing high demand. Please retry shortly."",""type"":""rate_limit_exceeded"",""param"":{""error"":""The upstream provider is currently experiencing high demand. Please retry shortly."",""type"":""rate_limit_exceeded"",""statusCode"":429,""name"":""RateLimitExceededError"",""message"":""The upstream provider is currently experiencing high demand. Please retry shortly.""}},""providerMetadata"":{""gateway"":{""routing"":{""originalModelId"":""typesafe-ai/jev"",""resolvedProvider"":""typesafe-ai"",""fallbacksAvailable"":[],""canonicalSlug"":""typesafe-ai/jev"",""modelAttemptCount"":1,""modelAttempts"":[{""canonicalSlug"":""typesafe-ai/jev"",""success"":false,""providerAttemptCount"":0,""providerAttempts"":[]}],""totalProviderAttemptCount"":0},""generationId"":""gen_01M362GAM1DZ854PQPFAY0FY6D""}}}",41,"{""X-Ratelimit-Limit-Requests"":""30"",""X-Ratelimit-Limit-Tokens"":""250000"",""X-Ratelimit-Remaining-Requests"":""0"",""X-Ratelimit-Remaining-Tokens"":""217423"",""X-Ratelimit-Reset-Requests"":""41s"",""X-Ratelimit-Reset-Tokens"":""41s""}",100.57
score/1/057/vercel,vercel,score,1,57,2,429,false,HTTP 429,"{""error"":{""message"":""The upstream provider is currently experiencing high demand. Please retry shortly."",""type"":""rate_limit_exceeded"",""param"":{""error"":""The upstream provider is currently experiencing high demand. Please retry shortly."",""type"":""rate_limit_exceeded"",""statusCode"":429,""name"":""RateLimitExceededError"",""message"":""The upstream provider is currently experiencing high demand. Please retry shortly.""}},""providerMetadata"":{""gateway"":{""routing"":{""originalModelId"":""typesafe-ai/jev"",""resolvedProvider"":""typesafe-ai"",""fallbacksAvailable"":[],""canonicalSlug"":""typesafe-ai/jev"",""modelAttemptCount"":1,""modelAttempts"":[{""canonicalSlug"":""typesafe-ai/jev"",""success"":false,""providerAttemptCount"":0,""providerAttempts"":[]}],""totalProviderAttemptCount"":0},""generationId"":""gen_01M362GAQ0RM7C6Y03J568812Y""}}}",41,"{""X-Ratelimit-Limit-Requests"":""30"",""X-Ratelimit-Limit-Tokens"":""250000"",""X-Ratelimit-Remaining-Requests"":""0"",""X-Ratelimit-Remaining-Tokens"":""217750"",""X-Ratelimit-Reset-Requests"":""41s"",""X-Ratelimit-Reset-Tokens"":""41s""}",85.42
score/1/059/vercel,vercel,score,1,59,2,429,false,HTTP 429,"{""error"":{""message"":""The upstream provider is currently experiencing high demand. Please retry shortly."",""type"":""rate_limit_exceeded"",""param"":{""error"":""The upstream provider is currently experiencing high demand. Please retry shortly."",""type"":""rate_limit_exceeded"",""statusCode"":429,""name"":""RateLimitExceededError"",""message"":""The upstream provider is currently experiencing high demand. Please retry shortly.""}},""providerMetadata"":{""gateway"":{""routing"":{""originalModelId"":""typesafe-ai/jev"",""resolvedProvider"":""typesafe-ai"",""fallbacksAvailable"":[],""canonicalSlug"":""typesafe-ai/jev"",""modelAttemptCount"":1,""modelAttempts"":[{""canonicalSlug"":""typesafe-ai/jev"",""success"":false,""providerAttemptCount"":0,""providerAttempts"":[]}],""totalProviderAttemptCount"":0},""generationId"":""gen_01M362GCJRYEAN5V4JSBKGDXJE""}}}",39,"{""X-Ratelimit-Limit-Requests"":""30"",""X-Ratelimit-Limit-Tokens"":""250000"",""X-Ratelimit-Remaining-Requests"":""0"",""X-Ratelimit-Remaining-Tokens"":""217950"",""X-Ratelimit-Reset-Requests"":""39s"",""X-Ratelimit-Reset-Tokens"":""39s""}",78.07
score/1/061/vercel,vercel,score,1,61,2,429,false,HTTP 429,"{""error"":{""message"":""The upstream provider is currently experiencing high demand. Please retry shortly."",""type"":""rate_limit_exceeded"",""param"":{""error"":""The upstream provider is currently experiencing high demand. Please retry shortly."",""type"":""rate_limit_exceeded"",""statusCode"":429,""name"":""RateLimitExceededError"",""message"":""The upstream provider is currently experiencing high demand. Please retry shortly.""}},""providerMetadata"":{""gateway"":{""routing"":{""originalModelId"":""typesafe-ai/jev"",""resolvedProvider"":""typesafe-ai"",""fallbacksAvailable"":[],""canonicalSlug"":""typesafe-ai/jev"",""modelAttemptCount"":1,""modelAttempts"":[{""canonicalSlug"":""typesafe-ai/jev"",""success"":false,""providerAttemptCount"":0,""providerAttempts"":[]}],""totalProviderAttemptCount"":0},""generationId"":""gen_01M362GEAWG1ZMFAWJVK0TP5XV""}}}",37,"{""X-Ratelimit-Limit-Requests"":""30"",""X-Ratelimit-Limit-Tokens"":""250000"",""X-Ratelimit-Remaining-Requests"":""0"",""X-Ratelimit-Remaining-Tokens"":""217799"",""X-Ratelimit-Reset-Requests"":""37s"",""X-Ratelimit-Reset-Tokens"":""37s""}",92.83
score/1/062/vercel,vercel,score,1,62,2,429,false,HTTP 429,"{""error"":{""message"":""The upstream provider is currently experiencing high demand. Please retry shortly."",""type"":""rate_limit_exceeded"",""param"":{""error"":""The upstream provider is currently experiencing high demand. Please retry shortly."",""type"":""rate_limit_exceeded"",""statusCode"":429,""name"":""RateLimitExceededError"",""message"":""The upstream provider is currently experiencing high demand. Please retry shortly.""}},""providerMetadata"":{""gateway"":{""routing"":{""originalModelId"":""typesafe-ai/jev"",""resolvedProvider"":""typesafe-ai"",""fallbacksAvailable"":[],""canonicalSlug"":""typesafe-ai/jev"",""modelAttemptCount"":1,""modelAttempts"":[{""canonicalSlug"":""typesafe-ai/jev"",""success"":false,""providerAttemptCount"":0,""providerAttempts"":[]}],""totalProviderAttemptCount"":0},""generationId"":""gen_01M362GEMP7SC0AKF8TNDA9DTP""}}}",37,"{""X-Ratelimit-Limit-Requests"":""30"",""X-Ratelimit-Limit-Tokens"":""250000"",""X-Ratelimit-Remaining-Requests"":""0"",""X-Ratelimit-Remaining-Tokens"":""217291"",""X-Ratelimit-Reset-Requests"":""37s"",""X-Ratelimit-Reset-Tokens"":""37s""}",102.77
score/1/064/vercel,vercel,score,1,64,2,429,false,HTTP 429,"{""error"":{""message"":""The upstream provider is currently experiencing high demand. Please retry shortly."",""type"":""rate_limit_exceeded"",""param"":{""error"":""The upstream provider is currently experiencing high demand. Please retry shortly."",""type"":""rate_limit_exceeded"",""statusCode"":429,""name"":""RateLimitExceededError"",""message"":""The upstream provider is currently experiencing high demand. Please retry shortly.""}},""providerMetadata"":{""gateway"":{""routing"":{""originalModelId"":""typesafe-ai/jev"",""resolvedProvider"":""typesafe-ai"",""fallbacksAvailable"":[],""canonicalSlug"":""typesafe-ai/jev"",""modelAttemptCount"":1,""modelAttempts"":[{""canonicalSlug"":""typesafe-ai/jev"",""success"":false,""providerAttemptCount"":0,""providerAttempts"":[]}],""totalProviderAttemptCount"":0},""generationId"":""gen_01M362GG4QR3XH1K5TQ0J8XW0Y""}}}",35,"{""X-Ratelimit-Limit-Requests"":""30"",""X-Ratelimit-Limit-Tokens"":""250000"",""X-Ratelimit-Remaining-Requests"":""0"",""X-Ratelimit-Remaining-Tokens"":""217731"",""X-Ratelimit-Reset-Requests"":""35s"",""X-Ratelimit-Reset-Tokens"":""35s""}",89.26
score/1/066/vercel,vercel,score,1,66,2,429,false,HTTP 429,"{""error"":{""message"":""The upstream provider is currently experiencing high demand. Please retry shortly."",""type"":""rate_limit_exceeded"",""param"":{""error"":""The upstream provider is currently experiencing high demand. Please retry shortly."",""type"":""rate_limit_exceeded"",""statusCode"":429,""name"":""RateLimitExceededError"",""message"":""The upstream provider is currently experiencing high demand. Please retry shortly.""}},""providerMetadata"":{""gateway"":{""routing"":{""originalModelId"":""typesafe-ai/jev"",""resolvedProvider"":""typesafe-ai"",""fallbacksAvailable"":[],""canonicalSlug"":""typesafe-ai/jev"",""modelAttemptCount"":1,""modelAttempts"":[{""canonicalSlug"":""typesafe-ai/jev"",""success"":false,""providerAttemptCount"":0,""providerAttempts"":[]}],""totalProviderAttemptCount"":0},""generationId"":""gen_01M362GHQ9PY8Q666E22AGHF43""}}}",34,"{""X-Ratelimit-Limit-Requests"":""30"",""X-Ratelimit-Limit-Tokens"":""250000"",""X-Ratelimit-Remaining-Requests"":""0"",""X-Ratelimit-Remaining-Tokens"":""217731"",""X-Ratelimit-Reset-Requests"":""34s"",""X-Ratelimit-Reset-Tokens"":""34s""}",103.99
score/1/067/vercel,vercel,score,1,67,2,429,false,HTTP 429,"{""error"":{""message"":""The upstream provider is currently experiencing high demand. Please retry shortly."",""type"":""rate_limit_exceeded"",""param"":{""error"":""The upstream provider is currently experiencing high demand. Please retry shortly."",""type"":""rate_limit_exceeded"",""statusCode"":429,""name"":""RateLimitExceededError"",""message"":""The upstream provider is currently experiencing high demand. Please retry shortly.""}},""providerMetadata"":{""gateway"":{""routing"":{""originalModelId"":""typesafe-ai/jev"",""resolvedProvider"":""typesafe-ai"",""fallbacksAvailable"":[],""canonicalSlug"":""typesafe-ai/jev"",""modelAttemptCount"":1,""modelAttempts"":[{""canonicalSlug"":""typesafe-ai/jev"",""success"":false,""providerAttemptCount"":0,""providerAttempts"":[]}],""totalProviderAttemptCount"":0},""generationId"":""gen_01M362GHZCRN1XQJFAYSV2PC75""}}}",33,"{""X-Ratelimit-Limit-Requests"":""30"",""X-Ratelimit-Limit-Tokens"":""250000"",""X-Ratelimit-Remaining-Requests"":""0"",""X-Ratelimit-Remaining-Tokens"":""217466"",""X-Ratelimit-Reset-Requests"":""33s"",""X-Ratelimit-Reset-Tokens"":""33s""}",84.51
score/1/068/vercel,vercel,score,1,68,2,429,false,HTTP 429,"{""error"":{""message"":""The upstream provider is currently experiencing high demand. Please retry shortly."",""type"":""rate_limit_exceeded"",""param"":{""error"":""The upstream provider is currently experiencing high demand. Please retry shortly."",""type"":""rate_limit_exceeded"",""statusCode"":429,""name"":""RateLimitExceededError"",""message"":""The upstream provider is currently experiencing high demand. Please retry shortly.""}},""providerMetadata"":{""gateway"":{""routing"":{""originalModelId"":""typesafe-ai/jev"",""resolvedProvider"":""typesafe-ai"",""fallbacksAvailable"":[],""canonicalSlug"":""typesafe-ai/jev"",""modelAttemptCount"":1,""modelAttempts"":[{""canonicalSlug"":""typesafe-ai/jev"",""success"":false,""providerAttemptCount"":0,""providerAttempts"":[]}],""totalProviderAttemptCount"":0},""generationId"":""gen_01M362GJGN717TMF8E6SNMFFCQ""}}}",33,"{""X-Ratelimit-Limit-Requests"":""30"",""X-Ratelimit-Limit-Tokens"":""250000"",""X-Ratelimit-Remaining-Requests"":""0"",""X-Ratelimit-Remaining-Tokens"":""216900"",""X-Ratelimit-Reset-Requests"":""33s"",""X-Ratelimit-Reset-Tokens"":""33s""}",99.19
score/1/070/vercel,vercel,score,1,70,2,429,false,HTTP 429,"{""error"":{""message"":""The upstream provider is currently experiencing high demand. Please retry shortly."",""type"":""rate_limit_exceeded"",""param"":{""error"":""The upstream provider is currently experiencing high demand. Please retry shortly."",""type"":""rate_limit_exceeded"",""statusCode"":429,""name"":""RateLimitExceededError"",""message"":""The upstream provider is currently experiencing high demand. Please retry shortly.""}},""providerMetadata"":{""gateway"":{""routing"":{""originalModelId"":""typesafe-ai/jev"",""resolvedProvider"":""typesafe-ai"",""fallbacksAvailable"":[],""canonicalSlug"":""typesafe-ai/jev"",""modelAttemptCount"":1,""modelAttempts"":[{""canonicalSlug"":""typesafe-ai/jev"",""success"":false,""providerAttemptCount"":0,""providerAttempts"":[]}],""totalProviderAttemptCount"":0},""generationId"":""gen_01M362GM20HBY77A173N9Q2H5W""}}}",31,"{""X-Ratelimit-Limit-Requests"":""30"",""X-Ratelimit-Limit-Tokens"":""250000"",""X-Ratelimit-Remaining-Requests"":""0"",""X-Ratelimit-Remaining-Tokens"":""217732"",""X-Ratelimit-Reset-Requests"":""31s"",""X-Ratelimit-Reset-Tokens"":""31s""}",89.32
score/1/072/vercel,vercel,score,1,72,2,429,false,HTTP 429,"{""error"":{""message"":""The upstream provider is currently experiencing high demand. Please retry shortly."",""type"":""rate_limit_exceeded"",""param"":{""error"":""The upstream provider is currently experiencing high demand. Please retry shortly."",""type"":""rate_limit_exceeded"",""statusCode"":429,""name"":""RateLimitExceededError"",""message"":""The upstream provider is currently experiencing high demand. Please retry shortly.""}},""providerMetadata"":{""gateway"":{""routing"":{""originalModelId"":""typesafe-ai/jev"",""resolvedProvider"":""typesafe-ai"",""fallbacksAvailable"":[],""canonicalSlug"":""typesafe-ai/jev"",""modelAttemptCount"":1,""modelAttempts"":[{""canonicalSlug"":""typesafe-ai/jev"",""success"":false,""providerAttemptCount"":0,""providerAttempts"":[]}],""totalProviderAttemptCount"":0},""generationId"":""gen_01M362GP33G8NYAVADPACJRHK6""}}}",29,"{""X-Ratelimit-Limit-Requests"":""30"",""X-Ratelimit-Limit-Tokens"":""250000"",""X-Ratelimit-Remaining-Requests"":""0"",""X-Ratelimit-Remaining-Tokens"":""217732"",""X-Ratelimit-Reset-Requests"":""29s"",""X-Ratelimit-Reset-Tokens"":""29s""}",97.08
score/1/073/vercel,vercel,score,1,73,2,429,false,HTTP 429,"{""error"":{""message"":""The upstream provider is currently experiencing high demand. Please retry shortly."",""type"":""rate_limit_exceeded"",""param"":{""error"":""The upstream provider is currently experiencing high demand. Please retry shortly."",""type"":""rate_limit_exceeded"",""statusCode"":429,""name"":""RateLimitExceededError"",""message"":""The upstream provider is currently experiencing high demand. Please retry shortly.""}},""providerMetadata"":{""gateway"":{""routing"":{""originalModelId"":""typesafe-ai/jev"",""resolvedProvider"":""typesafe-ai"",""fallbacksAvailable"":[],""canonicalSlug"":""typesafe-ai/jev"",""modelAttemptCount"":1,""modelAttempts"":[{""canonicalSlug"":""typesafe-ai/jev"",""success"":false,""providerAttemptCount"":0,""providerAttempts"":[]}],""totalProviderAttemptCount"":0},""generationId"":""gen_01M362GPC1S3AE82GQPGVK4DD2""}}}",29,"{""X-Ratelimit-Limit-Requests"":""30"",""X-Ratelimit-Limit-Tokens"":""250000"",""X-Ratelimit-Remaining-Requests"":""0"",""X-Ratelimit-Remaining-Tokens"":""216944"",""X-Ratelimit-Reset-Requests"":""29s"",""X-Ratelimit-Reset-Tokens"":""29s""}",91.59
score/1/075/vercel,vercel,score,1,75,2,429,false,HTTP 429,"{""error"":{""message"":""The upstream provider is currently experiencing high demand. Please retry shortly."",""type"":""rate_limit_exceeded"",""param"":{""error"":""The upstream provider is currently experiencing high demand. Please retry shortly."",""type"":""rate_limit_exceeded"",""statusCode"":429,""name"":""RateLimitExceededError"",""message"":""The upstream provider is currently experiencing high demand. Please retry shortly.""}},""providerMetadata"":{""gateway"":{""routing"":{""originalModelId"":""typesafe-ai/jev"",""resolvedProvider"":""typesafe-ai"",""fallbacksAvailable"":[],""canonicalSlug"":""typesafe-ai/jev"",""modelAttemptCount"":1,""modelAttempts"":[{""canonicalSlug"":""typesafe-ai/jev"",""success"":false,""providerAttemptCount"":0,""providerAttempts"":[]}],""totalProviderAttemptCount"":0},""generationId"":""gen_01M362GR1RPFCPNR2ZE9BREN0D""}}}",27,"{""X-Ratelimit-Limit-Requests"":""30"",""X-Ratelimit-Limit-Tokens"":""250000"",""X-Ratelimit-Remaining-Requests"":""0"",""X-Ratelimit-Remaining-Tokens"":""216944"",""X-Ratelimit-Reset-Requests"":""27s"",""X-Ratelimit-Reset-Tokens"":""27s""}",83.80
score/1/076/vercel,vercel,score,1,76,2,429,false,HTTP 429,"{""error"":{""message"":""The upstream provider is currently experiencing high demand. Please retry shortly."",""type"":""rate_limit_exceeded"",""param"":{""error"":""The upstream provider is currently experiencing high demand. Please retry shortly."",""type"":""rate_limit_exceeded"",""statusCode"":429,""name"":""RateLimitExceededError"",""message"":""The upstream provider is currently experiencing high demand. Please retry shortly.""}},""providerMetadata"":{""gateway"":{""routing"":{""originalModelId"":""typesafe-ai/jev"",""resolvedProvider"":""typesafe-ai"",""fallbacksAvailable"":[],""canonicalSlug"":""typesafe-ai/jev"",""modelAttemptCount"":1,""modelAttempts"":[{""canonicalSlug"":""typesafe-ai/jev"",""success"":false,""providerAttemptCount"":0,""providerAttempts"":[]}],""totalProviderAttemptCount"":0},""generationId"":""gen_01M362GRAVHEH16KEJBP7WCDWQ""}}}",27,"{""X-Ratelimit-Limit-Requests"":""30"",""X-Ratelimit-Limit-Tokens"":""250000"",""X-Ratelimit-Remaining-Requests"":""0"",""X-Ratelimit-Remaining-Tokens"":""216907"",""X-Ratelimit-Reset-Requests"":""27s"",""X-Ratelimit-Reset-Tokens"":""27s""}",82.12
score/1/078/vercel,vercel,score,1,78,2,429,false,HTTP 429,"{""error"":{""message"":""The upstream provider is currently experiencing high demand. Please retry shortly."",""type"":""rate_limit_exceeded"",""param"":{""error"":""The upstream provider is currently experiencing high demand. Please retry shortly."",""type"":""rate_limit_exceeded"",""statusCode"":429,""name"":""RateLimitExceededError"",""message"":""The upstream provider is currently experiencing high demand. Please retry shortly.""}},""providerMetadata"":{""gateway"":{""routing"":{""originalModelId"":""typesafe-ai/jev"",""resolvedProvider"":""typesafe-ai"",""fallbacksAvailable"":[],""canonicalSlug"":""typesafe-ai/jev"",""modelAttemptCount"":1,""modelAttempts"":[{""canonicalSlug"":""typesafe-ai/jev"",""success"":false,""providerAttemptCount"":0,""providerAttempts"":[]}],""totalProviderAttemptCount"":0},""generationId"":""gen_01M362GT1G23DFY5N1J3ZVX16F""}}}",25,"{""X-Ratelimit-Limit-Requests"":""30"",""X-Ratelimit-Limit-Tokens"":""250000"",""X-Ratelimit-Remaining-Requests"":""0"",""X-Ratelimit-Remaining-Tokens"":""217668"",""X-Ratelimit-Reset-Requests"":""25s"",""X-Ratelimit-Reset-Tokens"":""25s""}",96.71
score/1/079/vercel,vercel,score,1,79,2,429,false,HTTP 429,"{""error"":{""message"":""The upstream provider is currently experiencing high demand. Please retry shortly."",""type"":""rate_limit_exceeded"",""param"":{""error"":""The upstream provider is currently experiencing high demand. Please retry shortly."",""type"":""rate_limit_exceeded"",""statusCode"":429,""name"":""RateLimitExceededError"",""message"":""The upstream provider is currently experiencing high demand. Please retry shortly.""}},""providerMetadata"":{""gateway"":{""routing"":{""originalModelId"":""typesafe-ai/jev"",""resolvedProvider"":""typesafe-ai"",""fallbacksAvailable"":[],""canonicalSlug"":""typesafe-ai/jev"",""modelAttemptCount"":1,""modelAttempts"":[{""canonicalSlug"":""typesafe-ai/jev"",""success"":false,""providerAttemptCount"":0,""providerAttempts"":[]}],""totalProviderAttemptCount"":0},""generationId"":""gen_01M362GTKBREVRW502NGNDG7QA""}}}",25,"{""X-Ratelimit-Limit-Requests"":""30"",""X-Ratelimit-Limit-Tokens"":""250000"",""X-Ratelimit-Remaining-Requests"":""0"",""X-Ratelimit-Remaining-Tokens"":""217192"",""X-Ratelimit-Reset-Requests"":""25s"",""X-Ratelimit-Reset-Tokens"":""25s""}",90.06
score/1/081/vercel,vercel,score,1,81,2,429,false,HTTP 429,"{""error"":{""message"":""The upstream provider is currently experiencing high demand. Please retry shortly."",""type"":""rate_limit_exceeded"",""param"":{""error"":""The upstream provider is currently experiencing high demand. Please retry shortly."",""type"":""rate_limit_exceeded"",""statusCode"":429,""name"":""RateLimitExceededError"",""message"":""The upstream provider is currently experiencing high demand. Please retry shortly.""}},""providerMetadata"":{""gateway"":{""routing"":{""originalModelId"":""typesafe-ai/jev"",""resolvedProvider"":""typesafe-ai"",""fallbacksAvailable"":[],""canonicalSlug"":""typesafe-ai/jev"",""modelAttemptCount"":1,""modelAttempts"":[{""canonicalSlug"":""typesafe-ai/jev"",""success"":false,""providerAttemptCount"":0,""providerAttempts"":[]}],""totalProviderAttemptCount"":0},""generationId"":""gen_01M362GVQHANWPMWMDZ1CWKYA7""}}}",23,"{""X-Ratelimit-Limit-Requests"":""30"",""X-Ratelimit-Limit-Tokens"":""250000"",""X-Ratelimit-Remaining-Requests"":""0"",""X-Ratelimit-Remaining-Tokens"":""217668"",""X-Ratelimit-Reset-Requests"":""23s"",""X-Ratelimit-Reset-Tokens"":""23s""}",84.61
score/1/083/vercel,vercel,score,1,83,2,429,false,HTTP 429,"{""error"":{""message"":""The upstream provider is currently experiencing high demand. Please retry shortly."",""type"":""rate_limit_exceeded"",""param"":{""error"":""The upstream provider is currently experiencing high demand. Please retry shortly."",""type"":""rate_limit_exceeded"",""statusCode"":429,""name"":""RateLimitExceededError"",""message"":""The upstream provider is currently experiencing high demand. Please retry shortly.""}},""providerMetadata"":{""gateway"":{""routing"":{""originalModelId"":""typesafe-ai/jev"",""resolvedProvider"":""typesafe-ai"",""fallbacksAvailable"":[],""canonicalSlug"":""typesafe-ai/jev"",""modelAttemptCount"":1,""modelAttempts"":[{""canonicalSlug"":""typesafe-ai/jev"",""success"":false,""providerAttemptCount"":0,""providerAttempts"":[]}],""totalProviderAttemptCount"":0},""generationId"":""gen_01M362GX5BE6TBKCAKH7E5X9BT""}}}",22,"{""X-Ratelimit-Limit-Requests"":""30"",""X-Ratelimit-Limit-Tokens"":""250000"",""X-Ratelimit-Remaining-Requests"":""0"",""X-Ratelimit-Remaining-Tokens"":""217652"",""X-Ratelimit-Reset-Requests"":""22s"",""X-Ratelimit-Reset-Tokens"":""22s""}",92.15
score/1/084/vercel,vercel,score,1,84,2,429,false,HTTP 429,"{""error"":{""message"":""The upstream provider is currently experiencing high demand. Please retry shortly."",""type"":""rate_limit_exceeded"",""param"":{""error"":""The upstream provider is currently experiencing high demand. Please retry shortly."",""type"":""rate_limit_exceeded"",""statusCode"":429,""name"":""RateLimitExceededError"",""message"":""The upstream provider is currently experiencing high demand. Please retry shortly.""}},""providerMetadata"":{""gateway"":{""routing"":{""originalModelId"":""typesafe-ai/jev"",""resolvedProvider"":""typesafe-ai"",""fallbacksAvailable"":[],""canonicalSlug"":""typesafe-ai/jev"",""modelAttemptCount"":1,""modelAttempts"":[{""canonicalSlug"":""typesafe-ai/jev"",""success"":false,""providerAttemptCount"":0,""providerAttempts"":[]}],""totalProviderAttemptCount"":0},""generationId"":""gen_01M362GXN3P7YP8RFQA5WW4J25""}}}",21,"{""X-Ratelimit-Limit-Requests"":""30"",""X-Ratelimit-Limit-Tokens"":""250000"",""X-Ratelimit-Remaining-Requests"":""0"",""X-Ratelimit-Remaining-Tokens"":""216649"",""X-Ratelimit-Reset-Requests"":""21s"",""X-Ratelimit-Reset-Tokens"":""21s""}",92.78
score/1/085/vercel,vercel,score,1,85,2,429,false,HTTP 429,"{""error"":{""message"":""The upstream provider is currently experiencing high demand. Please retry shortly."",""type"":""rate_limit_exceeded"",""param"":{""error"":""The upstream provider is currently experiencing high demand. Please retry shortly."",""type"":""rate_limit_exceeded"",""statusCode"":429,""name"":""RateLimitExceededError"",""message"":""The upstream provider is currently experiencing high demand. Please retry shortly.""}},""providerMetadata"":{""gateway"":{""routing"":{""originalModelId"":""typesafe-ai/jev"",""resolvedProvider"":""typesafe-ai"",""fallbacksAvailable"":[],""canonicalSlug"":""typesafe-ai/jev"",""modelAttemptCount"":1,""modelAttempts"":[{""canonicalSlug"":""typesafe-ai/jev"",""success"":false,""providerAttemptCount"":0,""providerAttempts"":[]}],""totalProviderAttemptCount"":0},""generationId"":""gen_01M362GY6KXMWFG9851Q1CPMX3""}}}",21,"{""X-Ratelimit-Limit-Requests"":""30"",""X-Ratelimit-Limit-Tokens"":""250000"",""X-Ratelimit-Remaining-Requests"":""0"",""X-Ratelimit-Remaining-Tokens"":""216380"",""X-Ratelimit-Reset-Requests"":""21s"",""X-Ratelimit-Reset-Tokens"":""21s""}",105.41
score/1/087/vercel,vercel,score,1,87,2,429,false,HTTP 429,"{""error"":{""message"":""The upstream provider is currently experiencing high demand. Please retry shortly."",""type"":""rate_limit_exceeded"",""param"":{""error"":""The upstream provider is currently experiencing high demand. Please retry shortly."",""type"":""rate_limit_exceeded"",""statusCode"":429,""name"":""RateLimitExceededError"",""message"":""The upstream provider is currently experiencing high demand. Please retry shortly.""}},""providerMetadata"":{""gateway"":{""routing"":{""originalModelId"":""typesafe-ai/jev"",""resolvedProvider"":""typesafe-ai"",""fallbacksAvailable"":[],""canonicalSlug"":""typesafe-ai/jev"",""modelAttemptCount"":1,""modelAttempts"":[{""canonicalSlug"":""typesafe-ai/jev"",""success"":false,""providerAttemptCount"":0,""providerAttempts"":[]}],""totalProviderAttemptCount"":0},""generationId"":""gen_01M362GZPSM3NHZG8BBDMXYEHH""}}}",19,"{""X-Ratelimit-Limit-Requests"":""30"",""X-Ratelimit-Limit-Tokens"":""250000"",""X-Ratelimit-Remaining-Requests"":""0"",""X-Ratelimit-Remaining-Tokens"":""216957"",""X-Ratelimit-Reset-Requests"":""19s"",""X-Ratelimit-Reset-Tokens"":""19s""}",82.85
score/1/088/vercel,vercel,score,1,88,2,429,false,HTTP 429,"{""error"":{""message"":""The upstream provider is currently experiencing high demand. Please retry shortly."",""type"":""rate_limit_exceeded"",""param"":{""error"":""The upstream provider is currently experiencing high demand. Please retry shortly."",""type"":""rate_limit_exceeded"",""statusCode"":429,""name"":""RateLimitExceededError"",""message"":""The upstream provider is currently experiencing high demand. Please retry shortly.""}},""providerMetadata"":{""gateway"":{""routing"":{""originalModelId"":""typesafe-ai/jev"",""resolvedProvider"":""typesafe-ai"",""fallbacksAvailable"":[],""canonicalSlug"":""typesafe-ai/jev"",""modelAttemptCount"":1,""modelAttempts"":[{""canonicalSlug"":""typesafe-ai/jev"",""success"":false,""providerAttemptCount"":0,""providerAttempts"":[]}],""totalProviderAttemptCount"":0},""generationId"":""gen_01M362GZZ0V8WWZM68QJMQF8Z1""}}}",19,"{""X-Ratelimit-Limit-Requests"":""30"",""X-Ratelimit-Limit-Tokens"":""250000"",""X-Ratelimit-Remaining-Requests"":""0"",""X-Ratelimit-Remaining-Tokens"":""216706"",""X-Ratelimit-Reset-Requests"":""19s"",""X-Ratelimit-Reset-Tokens"":""19s""}",107.48
score/1/089/vercel,vercel,score,1,89,2,429,false,HTTP 429,"{""error"":{""message"":""The upstream provider is currently experiencing high demand. Please retry shortly."",""type"":""rate_limit_exceeded"",""param"":{""error"":""The upstream provider is currently experiencing high demand. Please retry shortly."",""type"":""rate_limit_exceeded"",""statusCode"":429,""name"":""RateLimitExceededError"",""message"":""The upstream provider is currently experiencing high demand. Please retry shortly.""}},""providerMetadata"":{""gateway"":{""routing"":{""originalModelId"":""typesafe-ai/jev"",""resolvedProvider"":""typesafe-ai"",""fallbacksAvailable"":[],""canonicalSlug"":""typesafe-ai/jev"",""modelAttemptCount"":1,""modelAttempts"":[{""canonicalSlug"":""typesafe-ai/jev"",""success"":false,""providerAttemptCount"":0,""providerAttempts"":[]}],""totalProviderAttemptCount"":0},""generationId"":""gen_01M362H0G4FA0RXAC97BN9198X""}}}",19,"{""X-Ratelimit-Limit-Requests"":""30"",""X-Ratelimit-Limit-Tokens"":""250000"",""X-Ratelimit-Remaining-Requests"":""0"",""X-Ratelimit-Remaining-Tokens"":""216805"",""X-Ratelimit-Reset-Requests"":""19s"",""X-Ratelimit-Reset-Tokens"":""19s""}",81.30
score/1/091/vercel,vercel,score,1,91,2,429,false,HTTP 429,"{""error"":{""message"":""The upstream provider is currently experiencing high demand. Please retry shortly."",""type"":""rate_limit_exceeded"",""param"":{""error"":""The upstream provider is currently experiencing high demand. Please retry shortly."",""type"":""rate_limit_exceeded"",""statusCode"":429,""name"":""RateLimitExceededError"",""message"":""The upstream provider is currently experiencing high demand. Please retry shortly.""}},""providerMetadata"":{""gateway"":{""routing"":{""originalModelId"":""typesafe-ai/jev"",""resolvedProvider"":""typesafe-ai"",""fallbacksAvailable"":[],""canonicalSlug"":""typesafe-ai/jev"",""modelAttemptCount"":1,""modelAttempts"":[{""canonicalSlug"":""typesafe-ai/jev"",""success"":false,""providerAttemptCount"":0,""providerAttempts"":[]}],""totalProviderAttemptCount"":0},""generationId"":""gen_01M362H2C55DPX36VD00TDNW09""}}}",17,"{""X-Ratelimit-Limit-Requests"":""30"",""X-Ratelimit-Limit-Tokens"":""250000"",""X-Ratelimit-Remaining-Requests"":""0"",""X-Ratelimit-Remaining-Tokens"":""217018"",""X-Ratelimit-Reset-Requests"":""17s"",""X-Ratelimit-Reset-Tokens"":""17s""}",225.57
score/1/093/vercel,vercel,score,1,93,2,429,false,HTTP 429,"{""error"":{""message"":""The upstream provider is currently experiencing high demand. Please retry shortly."",""type"":""rate_limit_exceeded"",""param"":{""error"":""The upstream provider is currently experiencing high demand. Please retry shortly."",""type"":""rate_limit_exceeded"",""statusCode"":429,""name"":""RateLimitExceededError"",""message"":""The upstream provider is currently experiencing high demand. Please retry shortly.""}},""providerMetadata"":{""gateway"":{""routing"":{""originalModelId"":""typesafe-ai/jev"",""resolvedProvider"":""typesafe-ai"",""fallbacksAvailable"":[],""canonicalSlug"":""typesafe-ai/jev"",""modelAttemptCount"":1,""modelAttempts"":[{""canonicalSlug"":""typesafe-ai/jev"",""success"":false,""providerAttemptCount"":0,""providerAttempts"":[]}],""totalProviderAttemptCount"":0},""generationId"":""gen_01M362H4420DYEGPXWV0C6D2N5""}}}",15,"{""X-Ratelimit-Limit-Requests"":""30"",""X-Ratelimit-Limit-Tokens"":""250000"",""X-Ratelimit-Remaining-Requests"":""0"",""X-Ratelimit-Remaining-Tokens"":""216901"",""X-Ratelimit-Reset-Requests"":""15s"",""X-Ratelimit-Reset-Tokens"":""15s""}",208.89
score/1/095/vercel,vercel,score,1,95,2,429,false,HTTP 429,"{""error"":{""message"":""The upstream provider is currently experiencing high demand. Please retry shortly."",""type"":""rate_limit_exceeded"",""param"":{""error"":""The upstream provider is currently experiencing high demand. Please retry shortly."",""type"":""rate_limit_exceeded"",""statusCode"":429,""name"":""RateLimitExceededError"",""message"":""The upstream provider is currently experiencing high demand. Please retry shortly.""}},""providerMetadata"":{""gateway"":{""routing"":{""originalModelId"":""typesafe-ai/jev"",""resolvedProvider"":""typesafe-ai"",""fallbacksAvailable"":[],""canonicalSlug"":""typesafe-ai/jev"",""modelAttemptCount"":1,""modelAttempts"":[{""canonicalSlug"":""typesafe-ai/jev"",""success"":false,""providerAttemptCount"":0,""providerAttempts"":[]}],""totalProviderAttemptCount"":0},""generationId"":""gen_01M362H56MAKYCY27AG9QX3GDY""}}}",14,"{""X-Ratelimit-Limit-Requests"":""30"",""X-Ratelimit-Limit-Tokens"":""250000"",""X-Ratelimit-Remaining-Requests"":""0"",""X-Ratelimit-Remaining-Tokens"":""217324"",""X-Ratelimit-Reset-Requests"":""14s"",""X-Ratelimit-Reset-Tokens"":""14s""}",110.58
score/1/096/vercel,vercel,score,1,96,2,429,false,HTTP 429,"{""error"":{""message"":""The upstream provider is currently experiencing high demand. Please retry shortly."",""type"":""rate_limit_exceeded"",""param"":{""error"":""The upstream provider is currently experiencing high demand. Please retry shortly."",""type"":""rate_limit_exceeded"",""statusCode"":429,""name"":""RateLimitExceededError"",""message"":""The upstream provider is currently experiencing high demand. Please retry shortly.""}},""providerMetadata"":{""gateway"":{""routing"":{""originalModelId"":""typesafe-ai/jev"",""resolvedProvider"":""typesafe-ai"",""fallbacksAvailable"":[],""canonicalSlug"":""typesafe-ai/jev"",""modelAttemptCount"":1,""modelAttempts"":[{""canonicalSlug"":""typesafe-ai/jev"",""success"":false,""providerAttemptCount"":0,""providerAttempts"":[]}],""totalProviderAttemptCount"":0},""generationId"":""gen_01M362H63GNMJEW82YDRC1YDJ0""}}}",13,"{""X-Ratelimit-Limit-Requests"":""30"",""X-Ratelimit-Limit-Tokens"":""250000"",""X-Ratelimit-Remaining-Requests"":""0"",""X-Ratelimit-Remaining-Tokens"":""216351"",""X-Ratelimit-Reset-Requests"":""13s"",""X-Ratelimit-Reset-Tokens"":""13s""}",85.45
score/1/098/vercel,vercel,score,1,98,2,429,false,HTTP 429,"{""error"":{""message"":""The upstream provider is currently experiencing high demand. Please retry shortly."",""type"":""rate_limit_exceeded"",""param"":{""error"":""The upstream provider is currently experiencing high demand. Please retry shortly."",""type"":""rate_limit_exceeded"",""statusCode"":429,""name"":""RateLimitExceededError"",""message"":""The upstream provider is currently experiencing high demand. Please retry shortly.""}},""providerMetadata"":{""gateway"":{""routing"":{""originalModelId"":""typesafe-ai/jev"",""resolvedProvider"":""typesafe-ai"",""fallbacksAvailable"":[],""canonicalSlug"":""typesafe-ai/jev"",""modelAttemptCount"":1,""modelAttempts"":[{""canonicalSlug"":""typesafe-ai/jev"",""success"":false,""providerAttemptCount"":0,""providerAttempts"":[]}],""totalProviderAttemptCount"":0},""generationId"":""gen_01M362H7F6DCF6MKDAFNYXG0XX""}}}",11,"{""X-Ratelimit-Limit-Requests"":""30"",""X-Ratelimit-Limit-Tokens"":""250000"",""X-Ratelimit-Remaining-Requests"":""0"",""X-Ratelimit-Remaining-Tokens"":""217323"",""X-Ratelimit-Reset-Requests"":""11s"",""X-Ratelimit-Reset-Tokens"":""11s""}",84.48
score/1/099/vercel,vercel,score,1,99,2,429,false,HTTP 429,"{""error"":{""message"":""The upstream provider is currently experiencing high demand. Please retry shortly."",""type"":""rate_limit_exceeded"",""param"":{""error"":""The upstream provider is currently experiencing high demand. Please retry shortly."",""type"":""rate_limit_exceeded"",""statusCode"":429,""name"":""RateLimitExceededError"",""message"":""The upstream provider is currently experiencing high demand. Please retry shortly.""}},""providerMetadata"":{""gateway"":{""routing"":{""originalModelId"":""typesafe-ai/jev"",""resolvedProvider"":""typesafe-ai"",""fallbacksAvailable"":[],""canonicalSlug"":""typesafe-ai/jev"",""modelAttemptCount"":1,""modelAttempts"":[{""canonicalSlug"":""typesafe-ai/jev"",""success"":false,""providerAttemptCount"":0,""providerAttempts"":[]}],""totalProviderAttemptCount"":0},""generationId"":""gen_01M362H8026TCWPNH97KWR83BQ""}}}",11,"{""X-Ratelimit-Limit-Requests"":""30"",""X-Ratelimit-Limit-Tokens"":""250000"",""X-Ratelimit-Remaining-Requests"":""0"",""X-Ratelimit-Remaining-Tokens"":""216773"",""X-Ratelimit-Reset-Requests"":""11s"",""X-Ratelimit-Reset-Tokens"":""11s""}",122.91
noul/4/051/vercel,vercel,noul,4,51,2,429,false,HTTP 429,"{""error"":{""message"":""The upstream provider is currently experiencing high demand. Please retry shortly."",""type"":""rate_limit_exceeded"",""param"":{""error"":""The upstream provider is currently experiencing high demand. Please retry shortly."",""type"":""rate_limit_exceeded"",""statusCode"":429,""name"":""RateLimitExceededError"",""message"":""The upstream provider is currently experiencing high demand. Please retry shortly.""}},""providerMetadata"":{""gateway"":{""routing"":{""originalModelId"":""typesafe-ai/jev"",""resolvedProvider"":""typesafe-ai"",""fallbacksAvailable"":[],""canonicalSlug"":""typesafe-ai/jev"",""modelAttemptCount"":1,""modelAttempts"":[{""canonicalSlug"":""typesafe-ai/jev"",""success"":false,""providerAttemptCount"":0,""providerAttempts"":[]}],""totalProviderAttemptCount"":0},""generationId"":""gen_01M362H9FARCERVEFTZ9FTAD97""}}}",9,"{""X-Ratelimit-Limit-Requests"":""30"",""X-Ratelimit-Limit-Tokens"":""250000"",""X-Ratelimit-Remaining-Requests"":""0"",""X-Ratelimit-Remaining-Tokens"":""217323"",""X-Ratelimit-Reset-Requests"":""9s"",""X-Ratelimit-Reset-Tokens"":""9s""}",81.71
noul/4/052/vercel,vercel,noul,4,52,2,429,false,HTTP 429,"{""error"":{""message"":""The upstream provider is currently experiencing high demand. Please retry shortly."",""type"":""rate_limit_exceeded"",""param"":{""error"":""The upstream provider is currently experiencing high demand. Please retry shortly."",""type"":""rate_limit_exceeded"",""statusCode"":429,""name"":""RateLimitExceededError"",""message"":""The upstream provider is currently experiencing high demand. Please retry shortly.""}},""providerMetadata"":{""gateway"":{""routing"":{""originalModelId"":""typesafe-ai/jev"",""resolvedProvider"":""typesafe-ai"",""fallbacksAvailable"":[],""canonicalSlug"":""typesafe-ai/jev"",""modelAttemptCount"":1,""modelAttempts"":[{""canonicalSlug"":""typesafe-ai/jev"",""success"":false,""providerAttemptCount"":0,""providerAttempts"":[]}],""totalProviderAttemptCount"":0},""generationId"":""gen_01M362HA9VGAVJ4ZHEYQ0GN8AY""}}}",9,"{""X-Ratelimit-Limit-Requests"":""30"",""X-Ratelimit-Limit-Tokens"":""250000"",""X-Ratelimit-Remaining-Requests"":""0"",""X-Ratelimit-Remaining-Tokens"":""216705"",""X-Ratelimit-Reset-Requests"":""9s"",""X-Ratelimit-Reset-Tokens"":""9s""}",91.19
noul/4/054/vercel,vercel,noul,4,54,2,429,false,HTTP 429,"{""error"":{""message"":""The upstream provider is currently experiencing high demand. Please retry shortly."",""type"":""rate_limit_exceeded"",""param"":{""error"":""The upstream provider is currently experiencing high demand. Please retry shortly."",""type"":""rate_limit_exceeded"",""statusCode"":429,""name"":""RateLimitExceededError"",""message"":""The upstream provider is currently experiencing high demand. Please retry shortly.""}},""providerMetadata"":{""gateway"":{""routing"":{""originalModelId"":""typesafe-ai/jev"",""resolvedProvider"":""typesafe-ai"",""fallbacksAvailable"":[],""canonicalSlug"":""typesafe-ai/jev"",""modelAttemptCount"":1,""modelAttempts"":[{""canonicalSlug"":""typesafe-ai/jev"",""success"":false,""providerAttemptCount"":0,""providerAttempts"":[]}],""totalProviderAttemptCount"":0},""generationId"":""gen_01M362HBAKVD7ABGSGX9H71XT8""}}}",7,"{""X-Ratelimit-Limit-Requests"":""30"",""X-Ratelimit-Limit-Tokens"":""250000"",""X-Ratelimit-Remaining-Requests"":""0"",""X-Ratelimit-Remaining-Tokens"":""216705"",""X-Ratelimit-Reset-Requests"":""7s"",""X-Ratelimit-Reset-Tokens"":""7s""}",98.28
noul/4/055/vercel,vercel,noul,4,55,2,429,false,HTTP 429,"{""error"":{""message"":""The upstream provider is currently experiencing high demand. Please retry shortly."",""type"":""rate_limit_exceeded"",""param"":{""error"":""The upstream provider is currently experiencing high demand. Please retry shortly."",""type"":""rate_limit_exceeded"",""statusCode"":429,""name"":""RateLimitExceededError"",""message"":""The upstream provider is currently experiencing high demand. Please retry shortly.""}},""providerMetadata"":{""gateway"":{""routing"":{""originalModelId"":""typesafe-ai/jev"",""resolvedProvider"":""typesafe-ai"",""fallbacksAvailable"":[],""canonicalSlug"":""typesafe-ai/jev"",""modelAttemptCount"":1,""modelAttempts"":[{""canonicalSlug"":""typesafe-ai/jev"",""success"":false,""providerAttemptCount"":0,""providerAttempts"":[]}],""totalProviderAttemptCount"":0},""generationId"":""gen_01M362HBW0SSVVDSJ0WY883TBP""}}}",7,"{""X-Ratelimit-Limit-Requests"":""30"",""X-Ratelimit-Limit-Tokens"":""250000"",""X-Ratelimit-Remaining-Requests"":""0"",""X-Ratelimit-Remaining-Tokens"":""215933"",""X-Ratelimit-Reset-Requests"":""7s"",""X-Ratelimit-Reset-Tokens"":""7s""}",92.41
noul/4/057/vercel,vercel,noul,4,57,2,429,false,HTTP 429,"{""error"":{""message"":""The upstream provider is currently experiencing high demand. Please retry shortly."",""type"":""rate_limit_exceeded"",""param"":{""error"":""The upstream provider is currently experiencing high demand. Please retry shortly."",""type"":""rate_limit_exceeded"",""statusCode"":429,""name"":""RateLimitExceededError"",""message"":""The upstream provider is currently experiencing high demand. Please retry shortly.""}},""providerMetadata"":{""gateway"":{""routing"":{""originalModelId"":""typesafe-ai/jev"",""resolvedProvider"":""typesafe-ai"",""fallbacksAvailable"":[],""canonicalSlug"":""typesafe-ai/jev"",""modelAttemptCount"":1,""modelAttempts"":[{""canonicalSlug"":""typesafe-ai/jev"",""success"":false,""providerAttemptCount"":0,""providerAttempts"":[]}],""totalProviderAttemptCount"":0},""generationId"":""gen_01M362HD1SFMGMF4HJ6VCKVM8Y""}}}",6,"{""X-Ratelimit-Limit-Requests"":""30"",""X-Ratelimit-Limit-Tokens"":""250000"",""X-Ratelimit-Remaining-Requests"":""0"",""X-Ratelimit-Remaining-Tokens"":""216247"",""X-Ratelimit-Reset-Requests"":""6s"",""X-Ratelimit-Reset-Tokens"":""6s""}",82.60
noul/4/058/vercel,vercel,noul,4,58,2,429,false,HTTP 429,"{""error"":{""message"":""The upstream provider is currently experiencing high demand. Please retry shortly."",""type"":""rate_limit_exceeded"",""param"":{""error"":""The upstream provider is currently experiencing high demand. Please retry shortly."",""type"":""rate_limit_exceeded"",""statusCode"":429,""name"":""RateLimitExceededError"",""message"":""The upstream provider is currently experiencing high demand. Please retry shortly.""}},""providerMetadata"":{""gateway"":{""routing"":{""originalModelId"":""typesafe-ai/jev"",""resolvedProvider"":""typesafe-ai"",""fallbacksAvailable"":[],""canonicalSlug"":""typesafe-ai/jev"",""modelAttemptCount"":1,""modelAttempts"":[{""canonicalSlug"":""typesafe-ai/jev"",""success"":false,""providerAttemptCount"":0,""providerAttempts"":[]}],""totalProviderAttemptCount"":0},""generationId"":""gen_01M362HDYE05PJCJ28GE08YMWE""}}}",5,"{""X-Ratelimit-Limit-Requests"":""30"",""X-Ratelimit-Limit-Tokens"":""250000"",""X-Ratelimit-Remaining-Requests"":""0"",""X-Ratelimit-Remaining-Tokens"":""216749"",""X-Ratelimit-Reset-Requests"":""5s"",""X-Ratelimit-Reset-Tokens"":""5s""}",97.19
noul/4/060/vercel,vercel,noul,4,60,2,429,false,HTTP 429,"{""error"":{""message"":""The upstream provider is currently experiencing high demand. Please retry shortly."",""type"":""rate_limit_exceeded"",""param"":{""error"":""The upstream provider is currently experiencing high demand. Please retry shortly."",""type"":""rate_limit_exceeded"",""statusCode"":429,""name"":""RateLimitExceededError"",""message"":""The upstream provider is currently experiencing high demand. Please retry shortly.""}},""providerMetadata"":{""gateway"":{""routing"":{""originalModelId"":""typesafe-ai/jev"",""resolvedProvider"":""typesafe-ai"",""fallbacksAvailable"":[],""canonicalSlug"":""typesafe-ai/jev"",""modelAttemptCount"":1,""modelAttempts"":[{""canonicalSlug"":""typesafe-ai/jev"",""success"":false,""providerAttemptCount"":0,""providerAttempts"":[]}],""totalProviderAttemptCount"":0},""generationId"":""gen_01M362HF6VJNCZC1E8QP41Q5VA""}}}",3,"{""X-Ratelimit-Limit-Requests"":""30"",""X-Ratelimit-Limit-Tokens"":""250000"",""X-Ratelimit-Remaining-Requests"":""0"",""X-Ratelimit-Remaining-Tokens"":""215544"",""X-Ratelimit-Reset-Requests"":""3s"",""X-Ratelimit-Reset-Tokens"":""3s""}",92.69
noul/4/062/vercel,vercel,noul,4,62,2,429,false,HTTP 429,"{""error"":{""message"":""The upstream provider is currently experiencing high demand. Please retry shortly."",""type"":""rate_limit_exceeded"",""param"":{""error"":""The upstream provider is currently experiencing high demand. Please retry shortly."",""type"":""rate_limit_exceeded"",""statusCode"":429,""name"":""RateLimitExceededError"",""message"":""The upstream provider is currently experiencing high demand. Please retry shortly.""}},""providerMetadata"":{""gateway"":{""routing"":{""originalModelId"":""typesafe-ai/jev"",""resolvedProvider"":""typesafe-ai"",""fallbacksAvailable"":[],""canonicalSlug"":""typesafe-ai/jev"",""modelAttemptCount"":1,""modelAttempts"":[{""canonicalSlug"":""typesafe-ai/jev"",""success"":false,""providerAttemptCount"":0,""providerAttempts"":[]}],""totalProviderAttemptCount"":0},""generationId"":""gen_01M362HH4JW48V14M37H6SXJKB""}}}",2,"{""X-Ratelimit-Limit-Requests"":""30"",""X-Ratelimit-Limit-Tokens"":""250000"",""X-Ratelimit-Remaining-Requests"":""0"",""X-Ratelimit-Remaining-Tokens"":""215393"",""X-Ratelimit-Reset-Requests"":""2s"",""X-Ratelimit-Reset-Tokens"":""2s""}",83.55
noul/4/063/vercel,vercel,noul,4,63,2,429,false,HTTP 429,"{""error"":{""message"":""The upstream provider is currently experiencing high demand. Please retry shortly."",""type"":""rate_limit_exceeded"",""param"":{""error"":""The upstream provider is currently experiencing high demand. Please retry shortly."",""type"":""rate_limit_exceeded"",""statusCode"":429,""name"":""RateLimitExceededError"",""message"":""The upstream provider is currently experiencing high demand. Please retry shortly.""}},""providerMetadata"":{""gateway"":{""routing"":{""originalModelId"":""typesafe-ai/jev"",""resolvedProvider"":""typesafe-ai"",""fallbacksAvailable"":[],""canonicalSlug"":""typesafe-ai/jev"",""modelAttemptCount"":1,""modelAttempts"":[{""canonicalSlug"":""typesafe-ai/jev"",""success"":false,""providerAttemptCount"":0,""providerAttempts"":[]}],""totalProviderAttemptCount"":0},""generationId"":""gen_01M362HJ2WWABTXC639WV5FD28""}}}",1,"{""X-Ratelimit-Limit-Requests"":""30"",""X-Ratelimit-Limit-Tokens"":""250000"",""X-Ratelimit-Remaining-Requests"":""0"",""X-Ratelimit-Remaining-Tokens"":""215637"",""X-Ratelimit-Reset-Requests"":""1s"",""X-Ratelimit-Reset-Tokens"":""1s""}",86.38
noul/4/065/vercel,vercel,noul,4,65,2,429,false,HTTP 429,"{""error"":{""message"":""The upstream provider is currently experiencing high demand. Please retry shortly."",""type"":""rate_limit_exceeded"",""param"":{""error"":""The upstream provider is currently experiencing high demand. Please retry shortly."",""type"":""rate_limit_exceeded"",""statusCode"":429,""name"":""RateLimitExceededError"",""message"":""The upstream provider is currently experiencing high demand. Please retry shortly.""}},""providerMetadata"":{""gateway"":{""routing"":{""originalModelId"":""typesafe-ai/jev"",""resolvedProvider"":""typesafe-ai"",""fallbacksAvailable"":[],""canonicalSlug"":""typesafe-ai/jev"",""modelAttemptCount"":1,""modelAttempts"":[{""canonicalSlug"":""typesafe-ai/jev"",""success"":false,""providerAttemptCount"":0,""providerAttempts"":[]}],""totalProviderAttemptCount"":0},""generationId"":""gen_01M362HK6CE81XXA2P02W4FYXE""}}}",59,"{""X-Ratelimit-Limit-Requests"":""30"",""X-Ratelimit-Limit-Tokens"":""250000"",""X-Ratelimit-Remaining-Requests"":""0"",""X-Ratelimit-Remaining-Tokens"":""214950"",""X-Ratelimit-Reset-Requests"":""59s"",""X-Ratelimit-Reset-Tokens"":""59s""}",77.23
noul/4/066/vercel,vercel,noul,4,66,2,429,false,HTTP 429,"{""error"":{""message"":""The upstream provider is currently experiencing high demand. Please retry shortly."",""type"":""rate_limit_exceeded"",""param"":{""error"":""The upstream provider is currently experiencing high demand. Please retry shortly."",""type"":""rate_limit_exceeded"",""statusCode"":429,""name"":""RateLimitExceededError"",""message"":""The upstream provider is currently experiencing high demand. Please retry shortly.""}},""providerMetadata"":{""gateway"":{""routing"":{""originalModelId"":""typesafe-ai/jev"",""resolvedProvider"":""typesafe-ai"",""fallbacksAvailable"":[],""canonicalSlug"":""typesafe-ai/jev"",""modelAttemptCount"":1,""modelAttempts"":[{""canonicalSlug"":""typesafe-ai/jev"",""success"":false,""providerAttemptCount"":0,""providerAttempts"":[]}],""totalProviderAttemptCount"":0},""generationId"":""gen_01M362HKXQBV4G8PWJMSEWVDVQ""}}}",59,"{""X-Ratelimit-Limit-Requests"":""30"",""X-Ratelimit-Limit-Tokens"":""250000"",""X-Ratelimit-Remaining-Requests"":""0"",""X-Ratelimit-Remaining-Tokens"":""215637"",""X-Ratelimit-Reset-Requests"":""59s"",""X-Ratelimit-Reset-Tokens"":""59s""}",82.33
noul/4/068/vercel,vercel,noul,4,68,2,429,false,HTTP 429,"{""error"":{""message"":""The upstream provider is currently experiencing high demand. Please retry shortly."",""type"":""rate_limit_exceeded"",""param"":{""error"":""The upstream provider is currently experiencing high demand. Please retry shortly."",""type"":""rate_limit_exceeded"",""statusCode"":429,""name"":""RateLimitExceededError"",""message"":""The upstream provider is currently experiencing high demand. Please retry shortly.""}},""providerMetadata"":{""gateway"":{""routing"":{""originalModelId"":""typesafe-ai/jev"",""resolvedProvider"":""typesafe-ai"",""fallbacksAvailable"":[],""canonicalSlug"":""typesafe-ai/jev"",""modelAttemptCount"":1,""modelAttempts"":[{""canonicalSlug"":""typesafe-ai/jev"",""success"":false,""providerAttemptCount"":0,""providerAttempts"":[]}],""totalProviderAttemptCount"":0},""generationId"":""gen_01M362HNSKZ65ZMBYCQWSFD610""}}}",57,"{""X-Ratelimit-Limit-Requests"":""30"",""X-Ratelimit-Limit-Tokens"":""250000"",""X-Ratelimit-Remaining-Requests"":""0"",""X-Ratelimit-Remaining-Tokens"":""214950"",""X-Ratelimit-Reset-Requests"":""57s"",""X-Ratelimit-Reset-Tokens"":""57s""}",85.36
noul/4/070/vercel,vercel,noul,4,70,2,429,false,HTTP 429,"{""error"":{""message"":""The upstream provider is currently experiencing high demand. Please retry shortly."",""type"":""rate_limit_exceeded"",""param"":{""error"":""The upstream provider is currently experiencing high demand. Please retry shortly."",""type"":""rate_limit_exceeded"",""statusCode"":429,""name"":""RateLimitExceededError"",""message"":""The upstream provider is currently experiencing high demand. Please retry shortly.""}},""providerMetadata"":{""gateway"":{""routing"":{""originalModelId"":""typesafe-ai/jev"",""resolvedProvider"":""typesafe-ai"",""fallbacksAvailable"":[],""canonicalSlug"":""typesafe-ai/jev"",""modelAttemptCount"":1,""modelAttempts"":[{""canonicalSlug"":""typesafe-ai/jev"",""success"":false,""providerAttemptCount"":0,""providerAttempts"":[]}],""totalProviderAttemptCount"":0},""generationId"":""gen_01M362HQJ6GPQQV9EG00TKFYRJ""}}}",55,"{""X-Ratelimit-Limit-Requests"":""30"",""X-Ratelimit-Limit-Tokens"":""250000"",""X-Ratelimit-Remaining-Requests"":""0"",""X-Ratelimit-Remaining-Tokens"":""215140"",""X-Ratelimit-Reset-Requests"":""55s"",""X-Ratelimit-Reset-Tokens"":""55s""}",88.44
noul/4/071/vercel,vercel,noul,4,71,2,429,false,HTTP 429,"{""error"":{""message"":""The upstream provider is currently experiencing high demand. Please retry shortly."",""type"":""rate_limit_exceeded"",""param"":{""error"":""The upstream provider is currently experiencing high demand. Please retry shortly."",""type"":""rate_limit_exceeded"",""statusCode"":429,""name"":""RateLimitExceededError"",""message"":""The upstream provider is currently experiencing high demand. Please retry shortly.""}},""providerMetadata"":{""gateway"":{""routing"":{""originalModelId"":""typesafe-ai/jev"",""resolvedProvider"":""typesafe-ai"",""fallbacksAvailable"":[],""canonicalSlug"":""typesafe-ai/jev"",""modelAttemptCount"":1,""modelAttempts"":[{""canonicalSlug"":""typesafe-ai/jev"",""success"":false,""providerAttemptCount"":0,""providerAttempts"":[]}],""totalProviderAttemptCount"":0},""generationId"":""gen_01M362HQTYKYHCTNKX0T3MFY8T""}}}",55,"{""X-Ratelimit-Limit-Requests"":""30"",""X-Ratelimit-Limit-Tokens"":""250000"",""X-Ratelimit-Remaining-Requests"":""0"",""X-Ratelimit-Remaining-Tokens"":""215730"",""X-Ratelimit-Reset-Requests"":""55s"",""X-Ratelimit-Reset-Tokens"":""55s""}",79.63
noul/4/073/vercel,vercel,noul,4,73,2,429,false,HTTP 429,"{""error"":{""message"":""The upstream provider is currently experiencing high demand. Please retry shortly."",""type"":""rate_limit_exceeded"",""param"":{""error"":""The upstream provider is currently experiencing high demand. Please retry shortly."",""type"":""rate_limit_exceeded"",""statusCode"":429,""name"":""RateLimitExceededError"",""message"":""The upstream provider is currently experiencing high demand. Please retry shortly.""}},""providerMetadata"":{""gateway"":{""routing"":{""originalModelId"":""typesafe-ai/jev"",""resolvedProvider"":""typesafe-ai"",""fallbacksAvailable"":[],""canonicalSlug"":""typesafe-ai/jev"",""modelAttemptCount"":1,""modelAttempts"":[{""canonicalSlug"":""typesafe-ai/jev"",""success"":false,""providerAttemptCount"":0,""providerAttempts"":[]}],""totalProviderAttemptCount"":0},""generationId"":""gen_01M362HS8R69V9NRZMHWJHT0D4""}}}",53,"{""X-Ratelimit-Limit-Requests"":""30"",""X-Ratelimit-Limit-Tokens"":""250000"",""X-Ratelimit-Remaining-Requests"":""0"",""X-Ratelimit-Remaining-Tokens"":""215003"",""X-Ratelimit-Reset-Requests"":""53s"",""X-Ratelimit-Reset-Tokens"":""53s""}",98.97
noul/4/075/vercel,vercel,noul,4,75,2,429,false,HTTP 429,"{""error"":{""message"":""The upstream provider is currently experiencing high demand. Please retry shortly."",""type"":""rate_limit_exceeded"",""param"":{""error"":""The upstream provider is currently experiencing high demand. Please retry shortly."",""type"":""rate_limit_exceeded"",""statusCode"":429,""name"":""RateLimitExceededError"",""message"":""The upstream provider is currently experiencing high demand. Please retry shortly.""}},""providerMetadata"":{""gateway"":{""routing"":{""originalModelId"":""typesafe-ai/jev"",""resolvedProvider"":""typesafe-ai"",""fallbacksAvailable"":[],""canonicalSlug"":""typesafe-ai/jev"",""modelAttemptCount"":1,""modelAttempts"":[{""canonicalSlug"":""typesafe-ai/jev"",""success"":false,""providerAttemptCount"":0,""providerAttempts"":[]}],""totalProviderAttemptCount"":0},""generationId"":""gen_01M362HTW8K9WVQ06NWT96VDHP""}}}",52,"{""X-Ratelimit-Limit-Requests"":""30"",""X-Ratelimit-Limit-Tokens"":""250000"",""X-Ratelimit-Remaining-Requests"":""0"",""X-Ratelimit-Remaining-Tokens"":""215053"",""X-Ratelimit-Reset-Requests"":""52s"",""X-Ratelimit-Reset-Tokens"":""52s""}",82.10
noul/4/076/vercel,vercel,noul,4,76,2,429,false,HTTP 429,"{""error"":{""message"":""The upstream provider is currently experiencing high demand. Please retry shortly."",""type"":""rate_limit_exceeded"",""param"":{""error"":""The upstream provider is currently experiencing high demand. Please retry shortly."",""type"":""rate_limit_exceeded"",""statusCode"":429,""name"":""RateLimitExceededError"",""message"":""The upstream provider is currently experiencing high demand. Please retry shortly.""}},""providerMetadata"":{""gateway"":{""routing"":{""originalModelId"":""typesafe-ai/jev"",""resolvedProvider"":""typesafe-ai"",""fallbacksAvailable"":[],""canonicalSlug"":""typesafe-ai/jev"",""modelAttemptCount"":1,""modelAttempts"":[{""canonicalSlug"":""typesafe-ai/jev"",""success"":false,""providerAttemptCount"":0,""providerAttempts"":[]}],""totalProviderAttemptCount"":0},""generationId"":""gen_01M362HV7Z3XNR67KDNGMX08QB""}}}",51,"{""X-Ratelimit-Limit-Requests"":""30"",""X-Ratelimit-Limit-Tokens"":""250000"",""X-Ratelimit-Remaining-Requests"":""0"",""X-Ratelimit-Remaining-Tokens"":""214844"",""X-Ratelimit-Reset-Requests"":""51s"",""X-Ratelimit-Reset-Tokens"":""51s""}",128.06
noul/4/077/vercel,vercel,noul,4,77,2,429,false,HTTP 429,"{""error"":{""message"":""The upstream provider is currently experiencing high demand. Please retry shortly."",""type"":""rate_limit_exceeded"",""param"":{""error"":""The upstream provider is currently experiencing high demand. Please retry shortly."",""type"":""rate_limit_exceeded"",""statusCode"":429,""name"":""RateLimitExceededError"",""message"":""The upstream provider is currently experiencing high demand. Please retry shortly.""}},""providerMetadata"":{""gateway"":{""routing"":{""originalModelId"":""typesafe-ai/jev"",""resolvedProvider"":""typesafe-ai"",""fallbacksAvailable"":[],""canonicalSlug"":""typesafe-ai/jev"",""modelAttemptCount"":1,""modelAttempts"":[{""canonicalSlug"":""typesafe-ai/jev"",""success"":false,""providerAttemptCount"":0,""providerAttempts"":[]}],""totalProviderAttemptCount"":0},""generationId"":""gen_01M362HVVVEZS8J1432JVKTHVF""}}}",51,"{""X-Ratelimit-Limit-Requests"":""30"",""X-Ratelimit-Limit-Tokens"":""250000"",""X-Ratelimit-Remaining-Requests"":""0"",""X-Ratelimit-Remaining-Tokens"":""215432"",""X-Ratelimit-Reset-Requests"":""51s"",""X-Ratelimit-Reset-Tokens"":""51s""}",127.75
noul/4/079/vercel,vercel,noul,4,79,2,429,false,HTTP 429,"{""error"":{""message"":""The upstream provider is currently experiencing high demand. Please retry shortly."",""type"":""rate_limit_exceeded"",""param"":{""error"":""The upstream provider is currently experiencing high demand. Please retry shortly."",""type"":""rate_limit_exceeded"",""statusCode"":429,""name"":""RateLimitExceededError"",""message"":""The upstream provider is currently experiencing high demand. Please retry shortly.""}},""providerMetadata"":{""gateway"":{""routing"":{""originalModelId"":""typesafe-ai/jev"",""resolvedProvider"":""typesafe-ai"",""fallbacksAvailable"":[],""canonicalSlug"":""typesafe-ai/jev"",""modelAttemptCount"":1,""modelAttempts"":[{""canonicalSlug"":""typesafe-ai/jev"",""success"":false,""providerAttemptCount"":0,""providerAttempts"":[]}],""totalProviderAttemptCount"":0},""generationId"":""gen_01M362HXBF2Y3HBTCG30FKDYT0""}}}",49,"{""X-Ratelimit-Limit-Requests"":""30"",""X-Ratelimit-Limit-Tokens"":""250000"",""X-Ratelimit-Remaining-Requests"":""0"",""X-Ratelimit-Remaining-Tokens"":""214238"",""X-Ratelimit-Reset-Requests"":""49s"",""X-Ratelimit-Reset-Tokens"":""49s""}",104.18
noul/4/081/vercel,vercel,noul,4,81,2,429,false,HTTP 429,"{""error"":{""message"":""The upstream provider is currently experiencing high demand. Please retry shortly."",""type"":""rate_limit_exceeded"",""param"":{""error"":""The upstream provider is currently experiencing high demand. Please retry shortly."",""type"":""rate_limit_exceeded"",""statusCode"":429,""name"":""RateLimitExceededError"",""message"":""The upstream provider is currently experiencing high demand. Please retry shortly.""}},""providerMetadata"":{""gateway"":{""routing"":{""originalModelId"":""typesafe-ai/jev"",""resolvedProvider"":""typesafe-ai"",""fallbacksAvailable"":[],""canonicalSlug"":""typesafe-ai/jev"",""modelAttemptCount"":1,""modelAttempts"":[{""canonicalSlug"":""typesafe-ai/jev"",""success"":false,""providerAttemptCount"":0,""providerAttempts"":[]}],""totalProviderAttemptCount"":0},""generationId"":""gen_01M362HZC2R2G6Z8FQ7N0PGVYM""}}}",47,"{""X-Ratelimit-Limit-Requests"":""30"",""X-Ratelimit-Limit-Tokens"":""250000"",""X-Ratelimit-Remaining-Requests"":""0"",""X-Ratelimit-Remaining-Tokens"":""214943"",""X-Ratelimit-Reset-Requests"":""47s"",""X-Ratelimit-Reset-Tokens"":""47s""}",76.99
noul/4/082/vercel,vercel,noul,4,82,2,429,false,HTTP 429,"{""error"":{""message"":""The upstream provider is currently experiencing high demand. Please retry shortly."",""type"":""rate_limit_exceeded"",""param"":{""error"":""The upstream provider is currently experiencing high demand. Please retry shortly."",""type"":""rate_limit_exceeded"",""statusCode"":429,""name"":""RateLimitExceededError"",""message"":""The upstream provider is currently experiencing high demand. Please retry shortly.""}},""providerMetadata"":{""gateway"":{""routing"":{""originalModelId"":""typesafe-ai/jev"",""resolvedProvider"":""typesafe-ai"",""fallbacksAvailable"":[],""canonicalSlug"":""typesafe-ai/jev"",""modelAttemptCount"":1,""modelAttempts"":[{""canonicalSlug"":""typesafe-ai/jev"",""success"":false,""providerAttemptCount"":0,""providerAttempts"":[]}],""totalProviderAttemptCount"":0},""generationId"":""gen_01M362HZMKWWZK6C8DPS2EVENA""}}}",47,"{""X-Ratelimit-Limit-Requests"":""30"",""X-Ratelimit-Limit-Tokens"":""250000"",""X-Ratelimit-Remaining-Requests"":""0"",""X-Ratelimit-Remaining-Tokens"":""214238"",""X-Ratelimit-Reset-Requests"":""47s"",""X-Ratelimit-Reset-Tokens"":""47s""}",99.49
noul/4/084/vercel,vercel,noul,4,84,2,429,false,HTTP 429,"{""error"":{""message"":""The upstream provider is currently experiencing high demand. Please retry shortly."",""type"":""rate_limit_exceeded"",""param"":{""error"":""The upstream provider is currently experiencing high demand. Please retry shortly."",""type"":""rate_limit_exceeded"",""statusCode"":429,""name"":""RateLimitExceededError"",""message"":""The upstream provider is currently experiencing high demand. Please retry shortly.""}},""providerMetadata"":{""gateway"":{""routing"":{""originalModelId"":""typesafe-ai/jev"",""resolvedProvider"":""typesafe-ai"",""fallbacksAvailable"":[],""canonicalSlug"":""typesafe-ai/jev"",""modelAttemptCount"":1,""modelAttempts"":[{""canonicalSlug"":""typesafe-ai/jev"",""success"":false,""providerAttemptCount"":0,""providerAttempts"":[]}],""totalProviderAttemptCount"":0},""generationId"":""gen_01M362J1DE96MPQ49ZQW0E6DTX""}}}",45,"{""X-Ratelimit-Limit-Requests"":""30"",""X-Ratelimit-Limit-Tokens"":""250000"",""X-Ratelimit-Remaining-Requests"":""0"",""X-Ratelimit-Remaining-Tokens"":""213946"",""X-Ratelimit-Reset-Requests"":""45s"",""X-Ratelimit-Reset-Tokens"":""45s""}",90.77
noul/4/085/vercel,vercel,noul,4,85,2,429,false,HTTP 429,"{""error"":{""message"":""The upstream provider is currently experiencing high demand. Please retry shortly."",""type"":""rate_limit_exceeded"",""param"":{""error"":""The upstream provider is currently experiencing high demand. Please retry shortly."",""type"":""rate_limit_exceeded"",""statusCode"":429,""name"":""RateLimitExceededError"",""message"":""The upstream provider is currently experiencing high demand. Please retry shortly.""}},""providerMetadata"":{""gateway"":{""routing"":{""originalModelId"":""typesafe-ai/jev"",""resolvedProvider"":""typesafe-ai"",""fallbacksAvailable"":[],""canonicalSlug"":""typesafe-ai/jev"",""modelAttemptCount"":1,""modelAttempts"":[{""canonicalSlug"":""typesafe-ai/jev"",""success"":false,""providerAttemptCount"":0,""providerAttempts"":[]}],""totalProviderAttemptCount"":0},""generationId"":""gen_01M362J1PH3N4G8VSENA351JXC""}}}",45,"{""X-Ratelimit-Limit-Requests"":""30"",""X-Ratelimit-Limit-Tokens"":""250000"",""X-Ratelimit-Remaining-Requests"":""0"",""X-Ratelimit-Remaining-Tokens"":""214249"",""X-Ratelimit-Reset-Requests"":""45s"",""X-Ratelimit-Reset-Tokens"":""45s""}",84.71
noul/4/087/vercel,vercel,noul,4,87,2,429,false,HTTP 429,"{""error"":{""message"":""The upstream provider is currently experiencing high demand. Please retry shortly."",""type"":""rate_limit_exceeded"",""param"":{""error"":""The upstream provider is currently experiencing high demand. Please retry shortly."",""type"":""rate_limit_exceeded"",""statusCode"":429,""name"":""RateLimitExceededError"",""message"":""The upstream provider is currently experiencing high demand. Please retry shortly.""}},""providerMetadata"":{""gateway"":{""routing"":{""originalModelId"":""typesafe-ai/jev"",""resolvedProvider"":""typesafe-ai"",""fallbacksAvailable"":[],""canonicalSlug"":""typesafe-ai/jev"",""modelAttemptCount"":1,""modelAttempts"":[{""canonicalSlug"":""typesafe-ai/jev"",""success"":false,""providerAttemptCount"":0,""providerAttempts"":[]}],""totalProviderAttemptCount"":0},""generationId"":""gen_01M362J3FYJ8R9EMZRYJ249V20""}}}",43,"{""X-Ratelimit-Limit-Requests"":""30"",""X-Ratelimit-Limit-Tokens"":""250000"",""X-Ratelimit-Remaining-Requests"":""0"",""X-Ratelimit-Remaining-Tokens"":""213834"",""X-Ratelimit-Reset-Requests"":""43s"",""X-Ratelimit-Reset-Tokens"":""43s""}",105.56
noul/4/089/vercel,vercel,noul,4,89,2,429,false,HTTP 429,"{""error"":{""message"":""The upstream provider is currently experiencing high demand. Please retry shortly."",""type"":""rate_limit_exceeded"",""param"":{""error"":""The upstream provider is currently experiencing high demand. Please retry shortly."",""type"":""rate_limit_exceeded"",""statusCode"":429,""name"":""RateLimitExceededError"",""message"":""The upstream provider is currently experiencing high demand. Please retry shortly.""}},""providerMetadata"":{""gateway"":{""routing"":{""originalModelId"":""typesafe-ai/jev"",""resolvedProvider"":""typesafe-ai"",""fallbacksAvailable"":[],""canonicalSlug"":""typesafe-ai/jev"",""modelAttemptCount"":1,""modelAttempts"":[{""canonicalSlug"":""typesafe-ai/jev"",""success"":false,""providerAttemptCount"":0,""providerAttempts"":[]}],""totalProviderAttemptCount"":0},""generationId"":""gen_01M362J55E8X400WHH8J6BWRG6""}}}",41,"{""X-Ratelimit-Limit-Requests"":""30"",""X-Ratelimit-Limit-Tokens"":""250000"",""X-Ratelimit-Remaining-Requests"":""0"",""X-Ratelimit-Remaining-Tokens"":""213476"",""X-Ratelimit-Reset-Requests"":""41s"",""X-Ratelimit-Reset-Tokens"":""41s""}",88.51
noul/4/090/vercel,vercel,noul,4,90,2,429,false,HTTP 429,"{""error"":{""message"":""The upstream provider is currently experiencing high demand. Please retry shortly."",""type"":""rate_limit_exceeded"",""param"":{""error"":""The upstream provider is currently experiencing high demand. Please retry shortly."",""type"":""rate_limit_exceeded"",""statusCode"":429,""name"":""RateLimitExceededError"",""message"":""The upstream provider is currently experiencing high demand. Please retry shortly.""}},""providerMetadata"":{""gateway"":{""routing"":{""originalModelId"":""typesafe-ai/jev"",""resolvedProvider"":""typesafe-ai"",""fallbacksAvailable"":[],""canonicalSlug"":""typesafe-ai/jev"",""modelAttemptCount"":1,""modelAttempts"":[{""canonicalSlug"":""typesafe-ai/jev"",""success"":false,""providerAttemptCount"":0,""providerAttempts"":[]}],""totalProviderAttemptCount"":0},""generationId"":""gen_01M362J5N0EYYEH1Z9XRCPWW0G""}}}",41,"{""X-Ratelimit-Limit-Requests"":""30"",""X-Ratelimit-Limit-Tokens"":""250000"",""X-Ratelimit-Remaining-Requests"":""0"",""X-Ratelimit-Remaining-Tokens"":""214874"",""X-Ratelimit-Reset-Requests"":""41s"",""X-Ratelimit-Reset-Tokens"":""41s""}",78.98
noul/4/092/vercel,vercel,noul,4,92,2,429,false,HTTP 429,"{""error"":{""message"":""The upstream provider is currently experiencing high demand. Please retry shortly."",""type"":""rate_limit_exceeded"",""param"":{""error"":""The upstream provider is currently experiencing high demand. Please retry shortly."",""type"":""rate_limit_exceeded"",""statusCode"":429,""name"":""RateLimitExceededError"",""message"":""The upstream provider is currently experiencing high demand. Please retry shortly.""}},""providerMetadata"":{""gateway"":{""routing"":{""originalModelId"":""typesafe-ai/jev"",""resolvedProvider"":""typesafe-ai"",""fallbacksAvailable"":[],""canonicalSlug"":""typesafe-ai/jev"",""modelAttemptCount"":1,""modelAttempts"":[{""canonicalSlug"":""typesafe-ai/jev"",""success"":false,""providerAttemptCount"":0,""providerAttempts"":[]}],""totalProviderAttemptCount"":0},""generationId"":""gen_01M362J6RAMS9AX4B8F1JQSVNX""}}}",39,"{""X-Ratelimit-Limit-Requests"":""30"",""X-Ratelimit-Limit-Tokens"":""250000"",""X-Ratelimit-Remaining-Requests"":""0"",""X-Ratelimit-Remaining-Tokens"":""213075"",""X-Ratelimit-Reset-Requests"":""39s"",""X-Ratelimit-Reset-Tokens"":""39s""}",217.17
noul/4/093/vercel,vercel,noul,4,93,2,429,false,HTTP 429,"{""error"":{""message"":""The upstream provider is currently experiencing high demand. Please retry shortly."",""type"":""rate_limit_exceeded"",""param"":{""error"":""The upstream provider is currently experiencing high demand. Please retry shortly."",""type"":""rate_limit_exceeded"",""statusCode"":429,""name"":""RateLimitExceededError"",""message"":""The upstream provider is currently experiencing high demand. Please retry shortly.""}},""providerMetadata"":{""gateway"":{""routing"":{""originalModelId"":""typesafe-ai/jev"",""resolvedProvider"":""typesafe-ai"",""fallbacksAvailable"":[],""canonicalSlug"":""typesafe-ai/jev"",""modelAttemptCount"":1,""modelAttempts"":[{""canonicalSlug"":""typesafe-ai/jev"",""success"":false,""providerAttemptCount"":0,""providerAttempts"":[]}],""totalProviderAttemptCount"":0},""generationId"":""gen_01M362J7JYCYSKMTJT03H4G97Y""}}}",39,"{""X-Ratelimit-Limit-Requests"":""30"",""X-Ratelimit-Limit-Tokens"":""250000"",""X-Ratelimit-Remaining-Requests"":""0"",""X-Ratelimit-Remaining-Tokens"":""213561"",""X-Ratelimit-Reset-Requests"":""39s"",""X-Ratelimit-Reset-Tokens"":""39s""}",83.61
noul/4/095/vercel,vercel,noul,4,95,2,429,false,HTTP 429,"{""error"":{""message"":""The upstream provider is currently experiencing high demand. Please retry shortly."",""type"":""rate_limit_exceeded"",""param"":{""error"":""The upstream provider is currently experiencing high demand. Please retry shortly."",""type"":""rate_limit_exceeded"",""statusCode"":429,""name"":""RateLimitExceededError"",""message"":""The upstream provider is currently experiencing high demand. Please retry shortly.""}},""providerMetadata"":{""gateway"":{""routing"":{""originalModelId"":""typesafe-ai/jev"",""resolvedProvider"":""typesafe-ai"",""fallbacksAvailable"":[],""canonicalSlug"":""typesafe-ai/jev"",""modelAttemptCount"":1,""modelAttempts"":[{""canonicalSlug"":""typesafe-ai/jev"",""success"":false,""providerAttemptCount"":0,""providerAttempts"":[]}],""totalProviderAttemptCount"":0},""generationId"":""gen_01M362J958JE8XZ9RS7WS42QHX""}}}",37,"{""X-Ratelimit-Limit-Requests"":""30"",""X-Ratelimit-Limit-Tokens"":""250000"",""X-Ratelimit-Remaining-Requests"":""0"",""X-Ratelimit-Remaining-Tokens"":""213151"",""X-Ratelimit-Reset-Requests"":""37s"",""X-Ratelimit-Reset-Tokens"":""37s""}",96.19
noul/4/097/vercel,vercel,noul,4,97,2,429,false,HTTP 429,"{""error"":{""message"":""The upstream provider is currently experiencing high demand. Please retry shortly."",""type"":""rate_limit_exceeded"",""param"":{""error"":""The upstream provider is currently experiencing high demand. Please retry shortly."",""type"":""rate_limit_exceeded"",""statusCode"":429,""name"":""RateLimitExceededError"",""message"":""The upstream provider is currently experiencing high demand. Please retry shortly.""}},""providerMetadata"":{""gateway"":{""routing"":{""originalModelId"":""typesafe-ai/jev"",""resolvedProvider"":""typesafe-ai"",""fallbacksAvailable"":[],""canonicalSlug"":""typesafe-ai/jev"",""modelAttemptCount"":1,""modelAttempts"":[{""canonicalSlug"":""typesafe-ai/jev"",""success"":false,""providerAttemptCount"":0,""providerAttempts"":[]}],""totalProviderAttemptCount"":0},""generationId"":""gen_01M362JA624ETA0YKQVW41YEKB""}}}",36,"{""X-Ratelimit-Limit-Requests"":""30"",""X-Ratelimit-Limit-Tokens"":""250000"",""X-Ratelimit-Remaining-Requests"":""0"",""X-Ratelimit-Remaining-Tokens"":""212417"",""X-Ratelimit-Reset-Requests"":""36s"",""X-Ratelimit-Reset-Tokens"":""36s""}",90.60
noul/4/098/vercel,vercel,noul,4,98,2,429,false,HTTP 429,"{""error"":{""message"":""The upstream provider is currently experiencing high demand. Please retry shortly."",""type"":""rate_limit_exceeded"",""param"":{""error"":""The upstream provider is currently experiencing high demand. Please retry shortly."",""type"":""rate_limit_exceeded"",""statusCode"":429,""name"":""RateLimitExceededError"",""message"":""The upstream provider is currently experiencing high demand. Please retry shortly.""}},""providerMetadata"":{""gateway"":{""routing"":{""originalModelId"":""typesafe-ai/jev"",""resolvedProvider"":""typesafe-ai"",""fallbacksAvailable"":[],""canonicalSlug"":""typesafe-ai/jev"",""modelAttemptCount"":1,""modelAttempts"":[{""canonicalSlug"":""typesafe-ai/jev"",""success"":false,""providerAttemptCount"":0,""providerAttempts"":[]}],""totalProviderAttemptCount"":0},""generationId"":""gen_01M362JARFYJC53JSWHHGD1H0Q""}}}",35,"{""X-Ratelimit-Limit-Requests"":""30"",""X-Ratelimit-Limit-Tokens"":""250000"",""X-Ratelimit-Remaining-Requests"":""0"",""X-Ratelimit-Remaining-Tokens"":""212755"",""X-Ratelimit-Reset-Requests"":""35s"",""X-Ratelimit-Reset-Tokens"":""35s""}",130.28
noul/4/099/vercel,vercel,noul,4,99,2,429,false,HTTP 429,"{""error"":{""message"":""The upstream provider is currently experiencing high demand. Please retry shortly."",""type"":""rate_limit_exceeded"",""param"":{""error"":""The upstream provider is currently experiencing high demand. Please retry shortly."",""type"":""rate_limit_exceeded"",""statusCode"":429,""name"":""RateLimitExceededError"",""message"":""The upstream provider is currently experiencing high demand. Please retry shortly.""}},""providerMetadata"":{""gateway"":{""routing"":{""originalModelId"":""typesafe-ai/jev"",""resolvedProvider"":""typesafe-ai"",""fallbacksAvailable"":[],""canonicalSlug"":""typesafe-ai/jev"",""modelAttemptCount"":1,""modelAttempts"":[{""canonicalSlug"":""typesafe-ai/jev"",""success"":false,""providerAttemptCount"":0,""providerAttempts"":[]}],""totalProviderAttemptCount"":0},""generationId"":""gen_01M362JB7QJHC2DMDA6YWMW0NN""}}}",35,"{""X-Ratelimit-Limit-Requests"":""30"",""X-Ratelimit-Limit-Tokens"":""250000"",""X-Ratelimit-Remaining-Requests"":""0"",""X-Ratelimit-Remaining-Tokens"":""213151"",""X-Ratelimit-Reset-Requests"":""35s"",""X-Ratelimit-Reset-Tokens"":""35s""}",80.65
choice/4/051/vercel,vercel,choice,4,51,2,429,false,HTTP 429,"{""error"":{""message"":""The upstream provider is currently experiencing high demand. Please retry shortly."",""type"":""rate_limit_exceeded"",""param"":{""error"":""The upstream provider is currently experiencing high demand. Please retry shortly."",""type"":""rate_limit_exceeded"",""statusCode"":429,""name"":""RateLimitExceededError"",""message"":""The upstream provider is currently experiencing high demand. Please retry shortly.""}},""providerMetadata"":{""gateway"":{""routing"":{""originalModelId"":""typesafe-ai/jev"",""resolvedProvider"":""typesafe-ai"",""fallbacksAvailable"":[],""canonicalSlug"":""typesafe-ai/jev"",""modelAttemptCount"":1,""modelAttempts"":[{""canonicalSlug"":""typesafe-ai/jev"",""success"":false,""providerAttemptCount"":0,""providerAttempts"":[]}],""totalProviderAttemptCount"":0},""generationId"":""gen_01M362JCY14D4QGY7GTG57T4CC""}}}",33,"{""X-Ratelimit-Limit-Requests"":""30"",""X-Ratelimit-Limit-Tokens"":""250000"",""X-Ratelimit-Remaining-Requests"":""0"",""X-Ratelimit-Remaining-Tokens"":""212417"",""X-Ratelimit-Reset-Requests"":""33s"",""X-Ratelimit-Reset-Tokens"":""33s""}",88.71
choice/4/053/vercel,vercel,choice,4,53,2,429,false,HTTP 429,"{""error"":{""message"":""The upstream provider is currently experiencing high demand. Please retry shortly."",""type"":""rate_limit_exceeded"",""param"":{""error"":""The upstream provider is currently experiencing high demand. Please retry shortly."",""type"":""rate_limit_exceeded"",""statusCode"":429,""name"":""RateLimitExceededError"",""message"":""The upstream provider is currently experiencing high demand. Please retry shortly.""}},""providerMetadata"":{""gateway"":{""routing"":{""originalModelId"":""typesafe-ai/jev"",""resolvedProvider"":""typesafe-ai"",""fallbacksAvailable"":[],""canonicalSlug"":""typesafe-ai/jev"",""modelAttemptCount"":1,""modelAttempts"":[{""canonicalSlug"":""typesafe-ai/jev"",""success"":false,""providerAttemptCount"":0,""providerAttempts"":[]}],""totalProviderAttemptCount"":0},""generationId"":""gen_01M362JESQR3319X9T54GRMKEE""}}}",31,"{""X-Ratelimit-Limit-Requests"":""30"",""X-Ratelimit-Limit-Tokens"":""250000"",""X-Ratelimit-Remaining-Requests"":""0"",""X-Ratelimit-Remaining-Tokens"":""213033"",""X-Ratelimit-Reset-Requests"":""31s"",""X-Ratelimit-Reset-Tokens"":""31s""}",85.69
choice/4/055/vercel,vercel,choice,4,55,2,429,false,HTTP 429,"{""error"":{""message"":""The upstream provider is currently experiencing high demand. Please retry shortly."",""type"":""rate_limit_exceeded"",""param"":{""error"":""The upstream provider is currently experiencing high demand. Please retry shortly."",""type"":""rate_limit_exceeded"",""statusCode"":429,""name"":""RateLimitExceededError"",""message"":""The upstream provider is currently experiencing high demand. Please retry shortly.""}},""providerMetadata"":{""gateway"":{""routing"":{""originalModelId"":""typesafe-ai/jev"",""resolvedProvider"":""typesafe-ai"",""fallbacksAvailable"":[],""canonicalSlug"":""typesafe-ai/jev"",""modelAttemptCount"":1,""modelAttempts"":[{""canonicalSlug"":""typesafe-ai/jev"",""success"":false,""providerAttemptCount"":0,""providerAttempts"":[]}],""totalProviderAttemptCount"":0},""generationId"":""gen_01M362JG4VEE5CSHE70527SNEC""}}}",30,"{""X-Ratelimit-Limit-Requests"":""30"",""X-Ratelimit-Limit-Tokens"":""250000"",""X-Ratelimit-Remaining-Requests"":""0"",""X-Ratelimit-Remaining-Tokens"":""212165"",""X-Ratelimit-Reset-Requests"":""30s"",""X-Ratelimit-Reset-Tokens"":""30s""}",86.81
choice/4/056/vercel,vercel,choice,4,56,2,429,false,HTTP 429,"{""error"":{""message"":""The upstream provider is currently experiencing high demand. Please retry shortly."",""type"":""rate_limit_exceeded"",""param"":{""error"":""The upstream provider is currently experiencing high demand. Please retry shortly."",""type"":""rate_limit_exceeded"",""statusCode"":429,""name"":""RateLimitExceededError"",""message"":""The upstream provider is currently experiencing high demand. Please retry shortly.""}},""providerMetadata"":{""gateway"":{""routing"":{""originalModelId"":""typesafe-ai/jev"",""resolvedProvider"":""typesafe-ai"",""fallbacksAvailable"":[],""canonicalSlug"":""typesafe-ai/jev"",""modelAttemptCount"":1,""modelAttempts"":[{""canonicalSlug"":""typesafe-ai/jev"",""success"":false,""providerAttemptCount"":0,""providerAttempts"":[]}],""totalProviderAttemptCount"":0},""generationId"":""gen_01M362JH8GTWRXXX9TX0DHCNBZ""}}}",29,"{""X-Ratelimit-Limit-Requests"":""30"",""X-Ratelimit-Limit-Tokens"":""250000"",""X-Ratelimit-Remaining-Requests"":""0"",""X-Ratelimit-Remaining-Tokens"":""211476"",""X-Ratelimit-Reset-Requests"":""29s"",""X-Ratelimit-Reset-Tokens"":""29s""}",93.32
choice/4/058/vercel,vercel,choice,4,58,2,429,false,HTTP 429,"{""error"":{""message"":""The upstream provider is currently experiencing high demand. Please retry shortly."",""type"":""rate_limit_exceeded"",""param"":{""error"":""The upstream provider is currently experiencing high demand. Please retry shortly."",""type"":""rate_limit_exceeded"",""statusCode"":429,""name"":""RateLimitExceededError"",""message"":""The upstream provider is currently experiencing high demand. Please retry shortly.""}},""providerMetadata"":{""gateway"":{""routing"":{""originalModelId"":""typesafe-ai/jev"",""resolvedProvider"":""typesafe-ai"",""fallbacksAvailable"":[],""canonicalSlug"":""typesafe-ai/jev"",""modelAttemptCount"":1,""modelAttempts"":[{""canonicalSlug"":""typesafe-ai/jev"",""success"":false,""providerAttemptCount"":0,""providerAttempts"":[]}],""totalProviderAttemptCount"":0},""generationId"":""gen_01M362JJ8VP42A6TQ96CGGM9JG""}}}",28,"{""X-Ratelimit-Limit-Requests"":""30"",""X-Ratelimit-Limit-Tokens"":""250000"",""X-Ratelimit-Remaining-Requests"":""0"",""X-Ratelimit-Remaining-Tokens"":""212133"",""X-Ratelimit-Reset-Requests"":""28s"",""X-Ratelimit-Reset-Tokens"":""28s""}",88.87
choice/4/059/vercel,vercel,choice,4,59,2,429,false,HTTP 429,"{""error"":{""message"":""The upstream provider is currently experiencing high demand. Please retry shortly."",""type"":""rate_limit_exceeded"",""param"":{""error"":""The upstream provider is currently experiencing high demand. Please retry shortly."",""type"":""rate_limit_exceeded"",""statusCode"":429,""name"":""RateLimitExceededError"",""message"":""The upstream provider is currently experiencing high demand. Please retry shortly.""}},""providerMetadata"":{""gateway"":{""routing"":{""originalModelId"":""typesafe-ai/jev"",""resolvedProvider"":""typesafe-ai"",""fallbacksAvailable"":[],""canonicalSlug"":""typesafe-ai/jev"",""modelAttemptCount"":1,""modelAttempts"":[{""canonicalSlug"":""typesafe-ai/jev"",""success"":false,""providerAttemptCount"":0,""providerAttempts"":[]}],""totalProviderAttemptCount"":0},""generationId"":""gen_01M362JK3M16MVR1M9X7ZA1SXV""}}}",27,"{""X-Ratelimit-Limit-Requests"":""30"",""X-Ratelimit-Limit-Tokens"":""250000"",""X-Ratelimit-Remaining-Requests"":""0"",""X-Ratelimit-Remaining-Tokens"":""212645"",""X-Ratelimit-Reset-Requests"":""27s"",""X-Ratelimit-Reset-Tokens"":""27s""}",80.92
choice/4/061/vercel,vercel,choice,4,61,2,429,false,HTTP 429,"{""error"":{""message"":""The upstream provider is currently experiencing high demand. Please retry shortly."",""type"":""rate_limit_exceeded"",""param"":{""error"":""The upstream provider is currently experiencing high demand. Please retry shortly."",""type"":""rate_limit_exceeded"",""statusCode"":429,""name"":""RateLimitExceededError"",""message"":""The upstream provider is currently experiencing high demand. Please retry shortly.""}},""providerMetadata"":{""gateway"":{""routing"":{""originalModelId"":""typesafe-ai/jev"",""resolvedProvider"":""typesafe-ai"",""fallbacksAvailable"":[],""canonicalSlug"":""typesafe-ai/jev"",""modelAttemptCount"":1,""modelAttempts"":[{""canonicalSlug"":""typesafe-ai/jev"",""success"":false,""providerAttemptCount"":0,""providerAttempts"":[]}],""totalProviderAttemptCount"":0},""generationId"":""gen_01M362JM5QWK15RBAK0QECK6HV""}}}",26,"{""X-Ratelimit-Limit-Requests"":""30"",""X-Ratelimit-Limit-Tokens"":""250000"",""X-Ratelimit-Remaining-Requests"":""0"",""X-Ratelimit-Remaining-Tokens"":""210878"",""X-Ratelimit-Reset-Requests"":""26s"",""X-Ratelimit-Reset-Tokens"":""26s""}",101.80
choice/4/062/vercel,vercel,choice,4,62,2,429,false,HTTP 429,"{""error"":{""message"":""The upstream provider is currently experiencing high demand. Please retry shortly."",""type"":""rate_limit_exceeded"",""param"":{""error"":""The upstream provider is currently experiencing high demand. Please retry shortly."",""type"":""rate_limit_exceeded"",""statusCode"":429,""name"":""RateLimitExceededError"",""message"":""The upstream provider is currently experiencing high demand. Please retry shortly.""}},""providerMetadata"":{""gateway"":{""routing"":{""originalModelId"":""typesafe-ai/jev"",""resolvedProvider"":""typesafe-ai"",""fallbacksAvailable"":[],""canonicalSlug"":""typesafe-ai/jev"",""modelAttemptCount"":1,""modelAttempts"":[{""canonicalSlug"":""typesafe-ai/jev"",""success"":false,""providerAttemptCount"":0,""providerAttempts"":[]}],""totalProviderAttemptCount"":0},""generationId"":""gen_01M362JMP5G3W11HMEESCB7DDQ""}}}",25,"{""X-Ratelimit-Limit-Requests"":""30"",""X-Ratelimit-Limit-Tokens"":""250000"",""X-Ratelimit-Remaining-Requests"":""0"",""X-Ratelimit-Remaining-Tokens"":""211732"",""X-Ratelimit-Reset-Requests"":""25s"",""X-Ratelimit-Reset-Tokens"":""25s""}",94.99
choice/4/064/vercel,vercel,choice,4,64,2,429,false,HTTP 429,"{""error"":{""message"":""The upstream provider is currently experiencing high demand. Please retry shortly."",""type"":""rate_limit_exceeded"",""param"":{""error"":""The upstream provider is currently experiencing high demand. Please retry shortly."",""type"":""rate_limit_exceeded"",""statusCode"":429,""name"":""RateLimitExceededError"",""message"":""The upstream provider is currently experiencing high demand. Please retry shortly.""}},""providerMetadata"":{""gateway"":{""routing"":{""originalModelId"":""typesafe-ai/jev"",""resolvedProvider"":""typesafe-ai"",""fallbacksAvailable"":[],""canonicalSlug"":""typesafe-ai/jev"",""modelAttemptCount"":1,""modelAttempts"":[{""canonicalSlug"":""typesafe-ai/jev"",""success"":false,""providerAttemptCount"":0,""providerAttempts"":[]}],""totalProviderAttemptCount"":0},""generationId"":""gen_01M362JP7V7E1A6VZ1WTPN7J4B""}}}",24,"{""X-Ratelimit-Limit-Requests"":""30"",""X-Ratelimit-Limit-Tokens"":""250000"",""X-Ratelimit-Remaining-Requests"":""0"",""X-Ratelimit-Remaining-Tokens"":""210615"",""X-Ratelimit-Reset-Requests"":""24s"",""X-Ratelimit-Reset-Tokens"":""24s""}",81.17
choice/4/066/vercel,vercel,choice,4,66,2,429,false,HTTP 429,"{""error"":{""message"":""The upstream provider is currently experiencing high demand. Please retry shortly."",""type"":""rate_limit_exceeded"",""param"":{""error"":""The upstream provider is currently experiencing high demand. Please retry shortly."",""type"":""rate_limit_exceeded"",""statusCode"":429,""name"":""RateLimitExceededError"",""message"":""The upstream provider is currently experiencing high demand. Please retry shortly.""}},""providerMetadata"":{""gateway"":{""routing"":{""originalModelId"":""typesafe-ai/jev"",""resolvedProvider"":""typesafe-ai"",""fallbacksAvailable"":[],""canonicalSlug"":""typesafe-ai/jev"",""modelAttemptCount"":1,""modelAttempts"":[{""canonicalSlug"":""typesafe-ai/jev"",""success"":false,""providerAttemptCount"":0,""providerAttempts"":[]}],""totalProviderAttemptCount"":0},""generationId"":""gen_01M362JR3X02NDEQDNTXF5MRWV""}}}",22,"{""X-Ratelimit-Limit-Requests"":""30"",""X-Ratelimit-Limit-Tokens"":""250000"",""X-Ratelimit-Remaining-Requests"":""0"",""X-Ratelimit-Remaining-Tokens"":""210234"",""X-Ratelimit-Reset-Requests"":""22s"",""X-Ratelimit-Reset-Tokens"":""22s""}",88.92
choice/4/067/vercel,vercel,choice,4,67,2,429,false,HTTP 429,"{""error"":{""message"":""The upstream provider is currently experiencing high demand. Please retry shortly."",""type"":""rate_limit_exceeded"",""param"":{""error"":""The upstream provider is currently experiencing high demand. Please retry shortly."",""type"":""rate_limit_exceeded"",""statusCode"":429,""name"":""RateLimitExceededError"",""message"":""The upstream provider is currently experiencing high demand. Please retry shortly.""}},""providerMetadata"":{""gateway"":{""routing"":{""originalModelId"":""typesafe-ai/jev"",""resolvedProvider"":""typesafe-ai"",""fallbacksAvailable"":[],""canonicalSlug"":""typesafe-ai/jev"",""modelAttemptCount"":1,""modelAttempts"":[{""canonicalSlug"":""typesafe-ai/jev"",""success"":false,""providerAttemptCount"":0,""providerAttempts"":[]}],""totalProviderAttemptCount"":0},""generationId"":""gen_01M362JRBXRK3WDDJKJMX93JNV""}}}",21,"{""X-Ratelimit-Limit-Requests"":""30"",""X-Ratelimit-Limit-Tokens"":""250000"",""X-Ratelimit-Remaining-Requests"":""0"",""X-Ratelimit-Remaining-Tokens"":""212055"",""X-Ratelimit-Reset-Requests"":""21s"",""X-Ratelimit-Reset-Tokens"":""21s""}",81.07
choice/4/068/vercel,vercel,choice,4,68,2,429,false,HTTP 429,"{""error"":{""message"":""The upstream provider is currently experiencing high demand. Please retry shortly."",""type"":""rate_limit_exceeded"",""param"":{""error"":""The upstream provider is currently experiencing high demand. Please retry shortly."",""type"":""rate_limit_exceeded"",""statusCode"":429,""name"":""RateLimitExceededError"",""message"":""The upstream provider is currently experiencing high demand. Please retry shortly.""}},""providerMetadata"":{""gateway"":{""routing"":{""originalModelId"":""typesafe-ai/jev"",""resolvedProvider"":""typesafe-ai"",""fallbacksAvailable"":[],""canonicalSlug"":""typesafe-ai/jev"",""modelAttemptCount"":1,""modelAttempts"":[{""canonicalSlug"":""typesafe-ai/jev"",""success"":false,""providerAttemptCount"":0,""providerAttempts"":[]}],""totalProviderAttemptCount"":0},""generationId"":""gen_01M362JRZ0X8ZX9XZD6GV41KZ6""}}}",21,"{""X-Ratelimit-Limit-Requests"":""30"",""X-Ratelimit-Limit-Tokens"":""250000"",""X-Ratelimit-Remaining-Requests"":""0"",""X-Ratelimit-Remaining-Tokens"":""210729"",""X-Ratelimit-Reset-Requests"":""21s"",""X-Ratelimit-Reset-Tokens"":""21s""}",108.14
choice/4/070/vercel,vercel,choice,4,70,2,429,false,HTTP 429,"{""error"":{""message"":""The upstream provider is currently experiencing high demand. Please retry shortly."",""type"":""rate_limit_exceeded"",""param"":{""error"":""The upstream provider is currently experiencing high demand. Please retry shortly."",""type"":""rate_limit_exceeded"",""statusCode"":429,""name"":""RateLimitExceededError"",""message"":""The upstream provider is currently experiencing high demand. Please retry shortly.""}},""providerMetadata"":{""gateway"":{""routing"":{""originalModelId"":""typesafe-ai/jev"",""resolvedProvider"":""typesafe-ai"",""fallbacksAvailable"":[],""canonicalSlug"":""typesafe-ai/jev"",""modelAttemptCount"":1,""modelAttempts"":[{""canonicalSlug"":""typesafe-ai/jev"",""success"":false,""providerAttemptCount"":0,""providerAttempts"":[]}],""totalProviderAttemptCount"":0},""generationId"":""gen_01M362JTMNP0X1V2BZNJC6BZK8""}}}",19,"{""X-Ratelimit-Limit-Requests"":""30"",""X-Ratelimit-Limit-Tokens"":""250000"",""X-Ratelimit-Remaining-Requests"":""0"",""X-Ratelimit-Remaining-Tokens"":""211388"",""X-Ratelimit-Reset-Requests"":""19s"",""X-Ratelimit-Reset-Tokens"":""19s""}",97.02
choice/4/072/vercel,vercel,choice,4,72,2,429,false,HTTP 429,"{""error"":{""message"":""The upstream provider is currently experiencing high demand. Please retry shortly."",""type"":""rate_limit_exceeded"",""param"":{""error"":""The upstream provider is currently experiencing high demand. Please retry shortly."",""type"":""rate_limit_exceeded"",""statusCode"":429,""name"":""RateLimitExceededError"",""message"":""The upstream provider is currently experiencing high demand. Please retry shortly.""}},""providerMetadata"":{""gateway"":{""routing"":{""originalModelId"":""typesafe-ai/jev"",""resolvedProvider"":""typesafe-ai"",""fallbacksAvailable"":[],""canonicalSlug"":""typesafe-ai/jev"",""modelAttemptCount"":1,""modelAttempts"":[{""canonicalSlug"":""typesafe-ai/jev"",""success"":false,""providerAttemptCount"":0,""providerAttempts"":[]}],""totalProviderAttemptCount"":0},""generationId"":""gen_01M362JWJ2H214W94BYZPYPPYN""}}}",17,"{""X-Ratelimit-Limit-Requests"":""30"",""X-Ratelimit-Limit-Tokens"":""250000"",""X-Ratelimit-Remaining-Requests"":""0"",""X-Ratelimit-Remaining-Tokens"":""211388"",""X-Ratelimit-Reset-Requests"":""17s"",""X-Ratelimit-Reset-Tokens"":""17s""}",95.26
choice/4/073/vercel,vercel,choice,4,73,2,429,false,HTTP 429,"{""error"":{""message"":""The upstream provider is currently experiencing high demand. Please retry shortly."",""type"":""rate_limit_exceeded"",""param"":{""error"":""The upstream provider is currently experiencing high demand. Please retry shortly."",""type"":""rate_limit_exceeded"",""statusCode"":429,""name"":""RateLimitExceededError"",""message"":""The upstream provider is currently experiencing high demand. Please retry shortly.""}},""providerMetadata"":{""gateway"":{""routing"":{""originalModelId"":""typesafe-ai/jev"",""resolvedProvider"":""typesafe-ai"",""fallbacksAvailable"":[],""canonicalSlug"":""typesafe-ai/jev"",""modelAttemptCount"":1,""modelAttempts"":[{""canonicalSlug"":""typesafe-ai/jev"",""success"":false,""providerAttemptCount"":0,""providerAttempts"":[]}],""totalProviderAttemptCount"":0},""generationId"":""gen_01M362JWVBSKPEASN6RB8JQVNQ""}}}",17,"{""X-Ratelimit-Limit-Requests"":""30"",""X-Ratelimit-Limit-Tokens"":""250000"",""X-Ratelimit-Remaining-Requests"":""0"",""X-Ratelimit-Remaining-Tokens"":""210956"",""X-Ratelimit-Reset-Requests"":""17s"",""X-Ratelimit-Reset-Tokens"":""17s""}",94.84
choice/4/074/vercel,vercel,choice,4,74,2,503,false,HTTP 503,"{""error"":{""message"":""Service temporarily unavailable. Please try again shortly."",""type"":""service_unavailable_error"",""param"":{""error"":""Service temporarily unavailable. Please try again shortly."",""type"":""service_unavailable_error"",""statusCode"":503}},""providerMetadata"":{""gateway"":{""routing"":{""originalModelId"":""typesafe-ai/jev"",""resolvedProvider"":""typesafe-ai"",""fallbacksAvailable"":[],""canonicalSlug"":""typesafe-ai/jev"",""modelAttemptCount"":1,""modelAttempts"":[{""canonicalSlug"":""typesafe-ai/jev"",""success"":false,""providerAttemptCount"":1,""providerAttempts"":[{""provider"":""typesafe-ai"",""credentialType"":""system"",""success"":false,""error"":""Service temporarily unavailable"",""startTime"":1790131664309,""endTime"":1790131664409,""statusCode"":503}]}],""totalProviderAttemptCount"":1},""generationId"":""gen_01M362JXCQ4ZCDP3Z4XH2Y2KA7""}}}",,null,188.17
choice/4/075/vercel,vercel,choice,4,75,2,429,false,HTTP 429,"{""error"":{""message"":""The upstream provider is currently experiencing high demand. Please retry shortly."",""type"":""rate_limit_exceeded"",""param"":{""error"":""The upstream provider is currently experiencing high demand. Please retry shortly."",""type"":""rate_limit_exceeded"",""statusCode"":429,""name"":""RateLimitExceededError"",""message"":""The upstream provider is currently experiencing high demand. Please retry shortly.""}},""providerMetadata"":{""gateway"":{""routing"":{""originalModelId"":""typesafe-ai/jev"",""resolvedProvider"":""typesafe-ai"",""fallbacksAvailable"":[],""canonicalSlug"":""typesafe-ai/jev"",""modelAttemptCount"":1,""modelAttempts"":[{""canonicalSlug"":""typesafe-ai/jev"",""success"":false,""providerAttemptCount"":0,""providerAttempts"":[]}],""totalProviderAttemptCount"":0},""generationId"":""gen_01M362JY0AZN06MY0KX89NSGPX""}}}",16,"{""X-Ratelimit-Limit-Requests"":""30"",""X-Ratelimit-Limit-Tokens"":""250000"",""X-Ratelimit-Remaining-Requests"":""0"",""X-Ratelimit-Remaining-Tokens"":""210737"",""X-Ratelimit-Reset-Requests"":""16s"",""X-Ratelimit-Reset-Tokens"":""16s""}",120.07
choice/4/076/vercel,vercel,choice,4,76,2,429,false,HTTP 429,"{""error"":{""message"":""The upstream provider is currently experiencing high demand. Please retry shortly."",""type"":""rate_limit_exceeded"",""param"":{""error"":""The upstream provider is currently experiencing high demand. Please retry shortly."",""type"":""rate_limit_exceeded"",""statusCode"":429,""name"":""RateLimitExceededError"",""message"":""The upstream provider is currently experiencing high demand. Please retry shortly.""}},""providerMetadata"":{""gateway"":{""routing"":{""originalModelId"":""typesafe-ai/jev"",""resolvedProvider"":""typesafe-ai"",""fallbacksAvailable"":[],""canonicalSlug"":""typesafe-ai/jev"",""modelAttemptCount"":1,""modelAttempts"":[{""canonicalSlug"":""typesafe-ai/jev"",""success"":false,""providerAttemptCount"":0,""providerAttempts"":[]}],""totalProviderAttemptCount"":0},""generationId"":""gen_01M362JYXE7PTJCQ9Y84W7H827""}}}",15,"{""X-Ratelimit-Limit-Requests"":""30"",""X-Ratelimit-Limit-Tokens"":""250000"",""X-Ratelimit-Remaining-Requests"":""0"",""X-Ratelimit-Remaining-Tokens"":""211297"",""X-Ratelimit-Reset-Requests"":""15s"",""X-Ratelimit-Reset-Tokens"":""15s""}",148.73
choice/4/078/vercel,vercel,choice,4,78,2,429,false,HTTP 429,"{""error"":{""message"":""The upstream provider is currently experiencing high demand. Please retry shortly."",""type"":""rate_limit_exceeded"",""param"":{""error"":""The upstream provider is currently experiencing high demand. Please retry shortly."",""type"":""rate_limit_exceeded"",""statusCode"":429,""name"":""RateLimitExceededError"",""message"":""The upstream provider is currently experiencing high demand. Please retry shortly.""}},""providerMetadata"":{""gateway"":{""routing"":{""originalModelId"":""typesafe-ai/jev"",""resolvedProvider"":""typesafe-ai"",""fallbacksAvailable"":[],""canonicalSlug"":""typesafe-ai/jev"",""modelAttemptCount"":1,""modelAttempts"":[{""canonicalSlug"":""typesafe-ai/jev"",""success"":false,""providerAttemptCount"":0,""providerAttempts"":[]}],""totalProviderAttemptCount"":0},""generationId"":""gen_01M362JZZ3H3W4MDWB2GT59R2D""}}}",14,"{""X-Ratelimit-Limit-Requests"":""30"",""X-Ratelimit-Limit-Tokens"":""250000"",""X-Ratelimit-Remaining-Requests"":""0"",""X-Ratelimit-Remaining-Tokens"":""210050"",""X-Ratelimit-Reset-Requests"":""14s"",""X-Ratelimit-Reset-Tokens"":""14s""}",84.52
choice/4/079/vercel,vercel,choice,4,79,2,429,false,HTTP 429,"{""error"":{""message"":""The upstream provider is currently experiencing high demand. Please retry shortly."",""type"":""rate_limit_exceeded"",""param"":{""error"":""The upstream provider is currently experiencing high demand. Please retry shortly."",""type"":""rate_limit_exceeded"",""statusCode"":429,""name"":""RateLimitExceededError"",""message"":""The upstream provider is currently experiencing high demand. Please retry shortly.""}},""providerMetadata"":{""gateway"":{""routing"":{""originalModelId"":""typesafe-ai/jev"",""resolvedProvider"":""typesafe-ai"",""fallbacksAvailable"":[],""canonicalSlug"":""typesafe-ai/jev"",""modelAttemptCount"":1,""modelAttempts"":[{""canonicalSlug"":""typesafe-ai/jev"",""success"":false,""providerAttemptCount"":0,""providerAttempts"":[]}],""totalProviderAttemptCount"":0},""generationId"":""gen_01M362K0EWPMXHECERPY6CCYM5""}}}",13,"{""X-Ratelimit-Limit-Requests"":""30"",""X-Ratelimit-Limit-Tokens"":""250000"",""X-Ratelimit-Remaining-Requests"":""0"",""X-Ratelimit-Remaining-Tokens"":""210698"",""X-Ratelimit-Reset-Requests"":""13s"",""X-Ratelimit-Reset-Tokens"":""13s""}",95.36
choice/4/081/vercel,vercel,choice,4,81,2,429,false,HTTP 429,"{""error"":{""message"":""The upstream provider is currently experiencing high demand. Please retry shortly."",""type"":""rate_limit_exceeded"",""param"":{""error"":""The upstream provider is currently experiencing high demand. Please retry shortly."",""type"":""rate_limit_exceeded"",""statusCode"":429,""name"":""RateLimitExceededError"",""message"":""The upstream provider is currently experiencing high demand. Please retry shortly.""}},""providerMetadata"":{""gateway"":{""routing"":{""originalModelId"":""typesafe-ai/jev"",""resolvedProvider"":""typesafe-ai"",""fallbacksAvailable"":[],""canonicalSlug"":""typesafe-ai/jev"",""modelAttemptCount"":1,""modelAttempts"":[{""canonicalSlug"":""typesafe-ai/jev"",""success"":false,""providerAttemptCount"":0,""providerAttempts"":[]}],""totalProviderAttemptCount"":0},""generationId"":""gen_01M362K1NX8A6H7K4R1KAVM9HK""}}}",12,"{""X-Ratelimit-Limit-Requests"":""30"",""X-Ratelimit-Limit-Tokens"":""250000"",""X-Ratelimit-Remaining-Requests"":""0"",""X-Ratelimit-Remaining-Tokens"":""210737"",""X-Ratelimit-Reset-Requests"":""12s"",""X-Ratelimit-Reset-Tokens"":""12s""}",90.50
choice/4/082/vercel,vercel,choice,4,82,2,429,false,HTTP 429,"{""error"":{""message"":""The upstream provider is currently experiencing high demand. Please retry shortly."",""type"":""rate_limit_exceeded"",""param"":{""error"":""The upstream provider is currently experiencing high demand. Please retry shortly."",""type"":""rate_limit_exceeded"",""statusCode"":429,""name"":""RateLimitExceededError"",""message"":""The upstream provider is currently experiencing high demand. Please retry shortly.""}},""providerMetadata"":{""gateway"":{""routing"":{""originalModelId"":""typesafe-ai/jev"",""resolvedProvider"":""typesafe-ai"",""fallbacksAvailable"":[],""canonicalSlug"":""typesafe-ai/jev"",""modelAttemptCount"":1,""modelAttempts"":[{""canonicalSlug"":""typesafe-ai/jev"",""success"":false,""providerAttemptCount"":0,""providerAttempts"":[]}],""totalProviderAttemptCount"":0},""generationId"":""gen_01M362K2Q0N0GFGXA54CP87TK0""}}}",11,"{""X-Ratelimit-Limit-Requests"":""30"",""X-Ratelimit-Limit-Tokens"":""250000"",""X-Ratelimit-Remaining-Requests"":""0"",""X-Ratelimit-Remaining-Tokens"":""209924"",""X-Ratelimit-Reset-Requests"":""11s"",""X-Ratelimit-Reset-Tokens"":""11s""}",88.38
choice/4/084/vercel,vercel,choice,4,84,2,429,false,HTTP 429,"{""error"":{""message"":""The upstream provider is currently experiencing high demand. Please retry shortly."",""type"":""rate_limit_exceeded"",""param"":{""error"":""The upstream provider is currently experiencing high demand. Please retry shortly."",""type"":""rate_limit_exceeded"",""statusCode"":429,""name"":""RateLimitExceededError"",""message"":""The upstream provider is currently experiencing high demand. Please retry shortly.""}},""providerMetadata"":{""gateway"":{""routing"":{""originalModelId"":""typesafe-ai/jev"",""resolvedProvider"":""typesafe-ai"",""fallbacksAvailable"":[],""canonicalSlug"":""typesafe-ai/jev"",""modelAttemptCount"":1,""modelAttempts"":[{""canonicalSlug"":""typesafe-ai/jev"",""success"":false,""providerAttemptCount"":0,""providerAttempts"":[]}],""totalProviderAttemptCount"":0},""generationId"":""gen_01M362K3PSXMRE6ZQRGNJM18MX""}}}",10,"{""X-Ratelimit-Limit-Requests"":""30"",""X-Ratelimit-Limit-Tokens"":""250000"",""X-Ratelimit-Remaining-Requests"":""0"",""X-Ratelimit-Remaining-Tokens"":""210531"",""X-Ratelimit-Reset-Requests"":""10s"",""X-Ratelimit-Reset-Tokens"":""10s""}",88.48
choice/4/085/vercel,vercel,choice,4,85,2,429,false,HTTP 429,"{""error"":{""message"":""The upstream provider is currently experiencing high demand. Please retry shortly."",""type"":""rate_limit_exceeded"",""param"":{""error"":""The upstream provider is currently experiencing high demand. Please retry shortly."",""type"":""rate_limit_exceeded"",""statusCode"":429,""name"":""RateLimitExceededError"",""message"":""The upstream provider is currently experiencing high demand. Please retry shortly.""}},""providerMetadata"":{""gateway"":{""routing"":{""originalModelId"":""typesafe-ai/jev"",""resolvedProvider"":""typesafe-ai"",""fallbacksAvailable"":[],""canonicalSlug"":""typesafe-ai/jev"",""modelAttemptCount"":1,""modelAttempts"":[{""canonicalSlug"":""typesafe-ai/jev"",""success"":false,""providerAttemptCount"":0,""providerAttempts"":[]}],""totalProviderAttemptCount"":0},""generationId"":""gen_01M362K4819N9S15VRAMD2GWM1""}}}",9,"{""X-Ratelimit-Limit-Requests"":""30"",""X-Ratelimit-Limit-Tokens"":""250000"",""X-Ratelimit-Remaining-Requests"":""0"",""X-Ratelimit-Remaining-Tokens"":""211245"",""X-Ratelimit-Reset-Requests"":""9s"",""X-Ratelimit-Reset-Tokens"":""9s""}",80.58
choice/4/087/vercel,vercel,choice,4,87,2,429,false,HTTP 429,"{""error"":{""message"":""The upstream provider is currently experiencing high demand. Please retry shortly."",""type"":""rate_limit_exceeded"",""param"":{""error"":""The upstream provider is currently experiencing high demand. Please retry shortly."",""type"":""rate_limit_exceeded"",""statusCode"":429,""name"":""RateLimitExceededError"",""message"":""The upstream provider is currently experiencing high demand. Please retry shortly.""}},""providerMetadata"":{""gateway"":{""routing"":{""originalModelId"":""typesafe-ai/jev"",""resolvedProvider"":""typesafe-ai"",""fallbacksAvailable"":[],""canonicalSlug"":""typesafe-ai/jev"",""modelAttemptCount"":1,""modelAttempts"":[{""canonicalSlug"":""typesafe-ai/jev"",""success"":false,""providerAttemptCount"":0,""providerAttempts"":[]}],""totalProviderAttemptCount"":0},""generationId"":""gen_01M362K5XZ6333DZ4TK43EWYNK""}}}",7,"{""X-Ratelimit-Limit-Requests"":""30"",""X-Ratelimit-Limit-Tokens"":""250000"",""X-Ratelimit-Remaining-Requests"":""0"",""X-Ratelimit-Remaining-Tokens"":""209634"",""X-Ratelimit-Reset-Requests"":""7s"",""X-Ratelimit-Reset-Tokens"":""7s""}",75.54
choice/4/088/vercel,vercel,choice,4,88,2,429,false,HTTP 429,"{""error"":{""message"":""The upstream provider is currently experiencing high demand. Please retry shortly."",""type"":""rate_limit_exceeded"",""param"":{""error"":""The upstream provider is currently experiencing high demand. Please retry shortly."",""type"":""rate_limit_exceeded"",""statusCode"":429,""name"":""RateLimitExceededError"",""message"":""The upstream provider is currently experiencing high demand. Please retry shortly.""}},""providerMetadata"":{""gateway"":{""routing"":{""originalModelId"":""typesafe-ai/jev"",""resolvedProvider"":""typesafe-ai"",""fallbacksAvailable"":[],""canonicalSlug"":""typesafe-ai/jev"",""modelAttemptCount"":1,""modelAttempts"":[{""canonicalSlug"":""typesafe-ai/jev"",""success"":false,""providerAttemptCount"":0,""providerAttempts"":[]}],""totalProviderAttemptCount"":0},""generationId"":""gen_01M362K69AR0PGD988WN30QK81""}}}",7,"{""X-Ratelimit-Limit-Requests"":""30"",""X-Ratelimit-Limit-Tokens"":""250000"",""X-Ratelimit-Remaining-Requests"":""0"",""X-Ratelimit-Remaining-Tokens"":""209667"",""X-Ratelimit-Reset-Requests"":""7s"",""X-Ratelimit-Reset-Tokens"":""7s""}",81.58
choice/4/090/vercel,vercel,choice,4,90,2,429,false,HTTP 429,"{""error"":{""message"":""The upstream provider is currently experiencing high demand. Please retry shortly."",""type"":""rate_limit_exceeded"",""param"":{""error"":""The upstream provider is currently experiencing high demand. Please retry shortly."",""type"":""rate_limit_exceeded"",""statusCode"":429,""name"":""RateLimitExceededError"",""message"":""The upstream provider is currently experiencing high demand. Please retry shortly.""}},""providerMetadata"":{""gateway"":{""routing"":{""originalModelId"":""typesafe-ai/jev"",""resolvedProvider"":""typesafe-ai"",""fallbacksAvailable"":[],""canonicalSlug"":""typesafe-ai/jev"",""modelAttemptCount"":1,""modelAttempts"":[{""canonicalSlug"":""typesafe-ai/jev"",""success"":false,""providerAttemptCount"":0,""providerAttempts"":[]}],""totalProviderAttemptCount"":0},""generationId"":""gen_01M362K7N1PPKXWMDT1W57P4XX""}}}",6,"{""X-Ratelimit-Limit-Requests"":""30"",""X-Ratelimit-Limit-Tokens"":""250000"",""X-Ratelimit-Remaining-Requests"":""0"",""X-Ratelimit-Remaining-Tokens"":""209667"",""X-Ratelimit-Reset-Requests"":""6s"",""X-Ratelimit-Reset-Tokens"":""6s""}",75.36
choice/4/092/vercel,vercel,choice,4,92,2,429,false,HTTP 429,"{""error"":{""message"":""The upstream provider is currently experiencing high demand. Please retry shortly."",""type"":""rate_limit_exceeded"",""param"":{""error"":""The upstream provider is currently experiencing high demand. Please retry shortly."",""type"":""rate_limit_exceeded"",""statusCode"":429,""name"":""RateLimitExceededError"",""message"":""The upstream provider is currently experiencing high demand. Please retry shortly.""}},""providerMetadata"":{""gateway"":{""routing"":{""originalModelId"":""typesafe-ai/jev"",""resolvedProvider"":""typesafe-ai"",""fallbacksAvailable"":[],""canonicalSlug"":""typesafe-ai/jev"",""modelAttemptCount"":1,""modelAttempts"":[{""canonicalSlug"":""typesafe-ai/jev"",""success"":false,""providerAttemptCount"":0,""providerAttempts"":[]}],""totalProviderAttemptCount"":0},""generationId"":""gen_01M362K9VK7GXSWXZ7NXPBBF2P""}}}",3,"{""X-Ratelimit-Limit-Requests"":""30"",""X-Ratelimit-Limit-Tokens"":""250000"",""X-Ratelimit-Remaining-Requests"":""0"",""X-Ratelimit-Remaining-Tokens"":""208808"",""X-Ratelimit-Reset-Requests"":""3s"",""X-Ratelimit-Reset-Tokens"":""3s""}",87.90
choice/4/093/vercel,vercel,choice,4,93,2,429,false,HTTP 429,"{""error"":{""message"":""The upstream provider is currently experiencing high demand. Please retry shortly."",""type"":""rate_limit_exceeded"",""param"":{""error"":""The upstream provider is currently experiencing high demand. Please retry shortly."",""type"":""rate_limit_exceeded"",""statusCode"":429,""name"":""RateLimitExceededError"",""message"":""The upstream provider is currently experiencing high demand. Please retry shortly.""}},""providerMetadata"":{""gateway"":{""routing"":{""originalModelId"":""typesafe-ai/jev"",""resolvedProvider"":""typesafe-ai"",""fallbacksAvailable"":[],""canonicalSlug"":""typesafe-ai/jev"",""modelAttemptCount"":1,""modelAttempts"":[{""canonicalSlug"":""typesafe-ai/jev"",""success"":false,""providerAttemptCount"":0,""providerAttempts"":[]}],""totalProviderAttemptCount"":0},""generationId"":""gen_01M362KARS8BJK4VRM3FG5PGCR""}}}",3,"{""X-Ratelimit-Limit-Requests"":""30"",""X-Ratelimit-Limit-Tokens"":""250000"",""X-Ratelimit-Remaining-Requests"":""0"",""X-Ratelimit-Remaining-Tokens"":""209341"",""X-Ratelimit-Reset-Requests"":""3s"",""X-Ratelimit-Reset-Tokens"":""3s""}",77.41
choice/4/095/vercel,vercel,choice,4,95,2,429,false,HTTP 429,"{""error"":{""message"":""The upstream provider is currently experiencing high demand. Please retry shortly."",""type"":""rate_limit_exceeded"",""param"":{""error"":""The upstream provider is currently experiencing high demand. Please retry shortly."",""type"":""rate_limit_exceeded"",""statusCode"":429,""name"":""RateLimitExceededError"",""message"":""The upstream provider is currently experiencing high demand. Please retry shortly.""}},""providerMetadata"":{""gateway"":{""routing"":{""originalModelId"":""typesafe-ai/jev"",""resolvedProvider"":""typesafe-ai"",""fallbacksAvailable"":[],""canonicalSlug"":""typesafe-ai/jev"",""modelAttemptCount"":1,""modelAttempts"":[{""canonicalSlug"":""typesafe-ai/jev"",""success"":false,""providerAttemptCount"":0,""providerAttempts"":[]}],""totalProviderAttemptCount"":0},""generationId"":""gen_01M362KBS414QMYA4722VBXHEF""}}}",1,"{""X-Ratelimit-Limit-Requests"":""30"",""X-Ratelimit-Limit-Tokens"":""250000"",""X-Ratelimit-Remaining-Requests"":""0"",""X-Ratelimit-Remaining-Tokens"":""208548"",""X-Ratelimit-Reset-Requests"":""1s"",""X-Ratelimit-Reset-Tokens"":""1s""}",287.71
choice/4/097/vercel,vercel,choice,4,97,2,429,false,HTTP 429,"{""error"":{""message"":""The upstream provider is currently experiencing high demand. Please retry shortly."",""type"":""rate_limit_exceeded"",""param"":{""error"":""The upstream provider is currently experiencing high demand. Please retry shortly."",""type"":""rate_limit_exceeded"",""statusCode"":429,""name"":""RateLimitExceededError"",""message"":""The upstream provider is currently experiencing high demand. Please retry shortly.""}},""providerMetadata"":{""gateway"":{""routing"":{""originalModelId"":""typesafe-ai/jev"",""resolvedProvider"":""typesafe-ai"",""fallbacksAvailable"":[],""canonicalSlug"":""typesafe-ai/jev"",""modelAttemptCount"":1,""modelAttempts"":[{""canonicalSlug"":""typesafe-ai/jev"",""success"":false,""providerAttemptCount"":0,""providerAttempts"":[]}],""totalProviderAttemptCount"":0},""generationId"":""gen_01M362KDWKJAAA8PQ0HSFY6V1E""}}}",59,"{""X-Ratelimit-Limit-Requests"":""30"",""X-Ratelimit-Limit-Tokens"":""250000"",""X-Ratelimit-Remaining-Requests"":""0"",""X-Ratelimit-Remaining-Tokens"":""209654"",""X-Ratelimit-Reset-Requests"":""59s"",""X-Ratelimit-Reset-Tokens"":""59s""}",82.63
choice/4/098/vercel,vercel,choice,4,98,2,429,false,HTTP 429,"{""error"":{""message"":""The upstream provider is currently experiencing high demand. Please retry shortly."",""type"":""rate_limit_exceeded"",""param"":{""error"":""The upstream provider is currently experiencing high demand. Please retry shortly."",""type"":""rate_limit_exceeded"",""statusCode"":429,""name"":""RateLimitExceededError"",""message"":""The upstream provider is currently experiencing high demand. Please retry shortly.""}},""providerMetadata"":{""gateway"":{""routing"":{""originalModelId"":""typesafe-ai/jev"",""resolvedProvider"":""typesafe-ai"",""fallbacksAvailable"":[],""canonicalSlug"":""typesafe-ai/jev"",""modelAttemptCount"":1,""modelAttempts"":[{""canonicalSlug"":""typesafe-ai/jev"",""success"":false,""providerAttemptCount"":0,""providerAttempts"":[]}],""totalProviderAttemptCount"":0},""generationId"":""gen_01M362KE6BNFM6E06JADNYMZAM""}}}",59,"{""X-Ratelimit-Limit-Requests"":""30"",""X-Ratelimit-Limit-Tokens"":""250000"",""X-Ratelimit-Remaining-Requests"":""0"",""X-Ratelimit-Remaining-Tokens"":""208557"",""X-Ratelimit-Reset-Requests"":""59s"",""X-Ratelimit-Reset-Tokens"":""59s""}",97.35
score/4/050/vercel,vercel,score,4,50,2,429,false,HTTP 429,"{""error"":{""message"":""The upstream provider is currently experiencing high demand. Please retry shortly."",""type"":""rate_limit_exceeded"",""param"":{""error"":""The upstream provider is currently experiencing high demand. Please retry shortly."",""type"":""rate_limit_exceeded"",""statusCode"":429,""name"":""RateLimitExceededError"",""message"":""The upstream provider is currently experiencing high demand. Please retry shortly.""}},""providerMetadata"":{""gateway"":{""routing"":{""originalModelId"":""typesafe-ai/jev"",""resolvedProvider"":""typesafe-ai"",""fallbacksAvailable"":[],""canonicalSlug"":""typesafe-ai/jev"",""modelAttemptCount"":1,""modelAttempts"":[{""canonicalSlug"":""typesafe-ai/jev"",""success"":false,""providerAttemptCount"":0,""providerAttempts"":[]}],""totalProviderAttemptCount"":0},""generationId"":""gen_01M362KG9VTP3AFBGPCFWVN4D9""}}}",57,"{""X-Ratelimit-Limit-Requests"":""30"",""X-Ratelimit-Limit-Tokens"":""250000"",""X-Ratelimit-Remaining-Requests"":""0"",""X-Ratelimit-Remaining-Tokens"":""208342"",""X-Ratelimit-Reset-Requests"":""57s"",""X-Ratelimit-Reset-Tokens"":""57s""}",102.89
score/4/052/vercel,vercel,score,4,52,2,429,false,HTTP 429,"{""error"":{""message"":""The upstream provider is currently experiencing high demand. Please retry shortly."",""type"":""rate_limit_exceeded"",""param"":{""error"":""The upstream provider is currently experiencing high demand. Please retry shortly."",""type"":""rate_limit_exceeded"",""statusCode"":429,""name"":""RateLimitExceededError"",""message"":""The upstream provider is currently experiencing high demand. Please retry shortly.""}},""providerMetadata"":{""gateway"":{""routing"":{""originalModelId"":""typesafe-ai/jev"",""resolvedProvider"":""typesafe-ai"",""fallbacksAvailable"":[],""canonicalSlug"":""typesafe-ai/jev"",""modelAttemptCount"":1,""modelAttempts"":[{""canonicalSlug"":""typesafe-ai/jev"",""success"":false,""providerAttemptCount"":0,""providerAttempts"":[]}],""totalProviderAttemptCount"":0},""generationId"":""gen_01M362KH8Z9PTXVWKSE0ENH6XA""}}}",56,"{""X-Ratelimit-Limit-Requests"":""30"",""X-Ratelimit-Limit-Tokens"":""250000"",""X-Ratelimit-Remaining-Requests"":""0"",""X-Ratelimit-Remaining-Tokens"":""207713"",""X-Ratelimit-Reset-Requests"":""56s"",""X-Ratelimit-Reset-Tokens"":""56s""}",116.28
score/4/058/vercel,vercel,score,4,58,2,429,false,HTTP 429,"{""error"":{""message"":""The upstream provider is currently experiencing high demand. Please retry shortly."",""type"":""rate_limit_exceeded"",""param"":{""error"":""The upstream provider is currently experiencing high demand. Please retry shortly."",""type"":""rate_limit_exceeded"",""statusCode"":429,""name"":""RateLimitExceededError"",""message"":""The upstream provider is currently experiencing high demand. Please retry shortly.""}},""providerMetadata"":{""gateway"":{""routing"":{""originalModelId"":""typesafe-ai/jev"",""resolvedProvider"":""typesafe-ai"",""fallbacksAvailable"":[],""canonicalSlug"":""typesafe-ai/jev"",""modelAttemptCount"":1,""modelAttempts"":[{""canonicalSlug"":""typesafe-ai/jev"",""success"":false,""providerAttemptCount"":0,""providerAttempts"":[]}],""totalProviderAttemptCount"":0},""generationId"":""gen_01M362KV6BWAVBHT7Y2G5CRK0G""}}}",46,"{""X-Ratelimit-Limit-Requests"":""30"",""X-Ratelimit-Limit-Tokens"":""250000"",""X-Ratelimit-Remaining-Requests"":""0"",""X-Ratelimit-Remaining-Tokens"":""207017"",""X-Ratelimit-Reset-Requests"":""46s"",""X-Ratelimit-Reset-Tokens"":""46s""}",88.44
score/4/059/vercel,vercel,score,4,59,2,429,false,HTTP 429,"{""error"":{""message"":""The upstream provider is currently experiencing high demand. Please retry shortly."",""type"":""rate_limit_exceeded"",""param"":{""error"":""The upstream provider is currently experiencing high demand. Please retry shortly."",""type"":""rate_limit_exceeded"",""statusCode"":429,""name"":""RateLimitExceededError"",""message"":""The upstream provider is currently experiencing high demand. Please retry shortly.""}},""providerMetadata"":{""gateway"":{""routing"":{""originalModelId"":""typesafe-ai/jev"",""resolvedProvider"":""typesafe-ai"",""fallbacksAvailable"":[],""canonicalSlug"":""typesafe-ai/jev"",""modelAttemptCount"":1,""modelAttempts"":[{""canonicalSlug"":""typesafe-ai/jev"",""success"":false,""providerAttemptCount"":0,""providerAttempts"":[]}],""totalProviderAttemptCount"":0},""generationId"":""gen_01M362KVQS35BDNYVNP8NDA1RS""}}}",45,"{""X-Ratelimit-Limit-Requests"":""30"",""X-Ratelimit-Limit-Tokens"":""250000"",""X-Ratelimit-Remaining-Requests"":""0"",""X-Ratelimit-Remaining-Tokens"":""207403"",""X-Ratelimit-Reset-Requests"":""45s"",""X-Ratelimit-Reset-Tokens"":""45s""}",99.08
score/4/060/vercel,vercel,score,4,60,2,429,false,HTTP 429,"{""error"":{""message"":""The upstream provider is currently experiencing high demand. Please retry shortly."",""type"":""rate_limit_exceeded"",""param"":{""error"":""The upstream provider is currently experiencing high demand. Please retry shortly."",""type"":""rate_limit_exceeded"",""statusCode"":429,""name"":""RateLimitExceededError"",""message"":""The upstream provider is currently experiencing high demand. Please retry shortly.""}},""providerMetadata"":{""gateway"":{""routing"":{""originalModelId"":""typesafe-ai/jev"",""resolvedProvider"":""typesafe-ai"",""fallbacksAvailable"":[],""canonicalSlug"":""typesafe-ai/jev"",""modelAttemptCount"":1,""modelAttempts"":[{""canonicalSlug"":""typesafe-ai/jev"",""success"":false,""providerAttemptCount"":0,""providerAttempts"":[]}],""totalProviderAttemptCount"":0},""generationId"":""gen_01M362KW6SQDM6JZRZQKP05Q6H""}}}",45,"{""X-Ratelimit-Limit-Requests"":""30"",""X-Ratelimit-Limit-Tokens"":""250000"",""X-Ratelimit-Remaining-Requests"":""0"",""X-Ratelimit-Remaining-Tokens"":""210107"",""X-Ratelimit-Reset-Requests"":""45s"",""X-Ratelimit-Reset-Tokens"":""45s""}",90.40
score/4/062/vercel,vercel,score,4,62,2,429,false,HTTP 429,"{""error"":{""message"":""The upstream provider is currently experiencing high demand. Please retry shortly."",""type"":""rate_limit_exceeded"",""param"":{""error"":""The upstream provider is currently experiencing high demand. Please retry shortly."",""type"":""rate_limit_exceeded"",""statusCode"":429,""name"":""RateLimitExceededError"",""message"":""The upstream provider is currently experiencing high demand. Please retry shortly.""}},""providerMetadata"":{""gateway"":{""routing"":{""originalModelId"":""typesafe-ai/jev"",""resolvedProvider"":""typesafe-ai"",""fallbacksAvailable"":[],""canonicalSlug"":""typesafe-ai/jev"",""modelAttemptCount"":1,""modelAttempts"":[{""canonicalSlug"":""typesafe-ai/jev"",""success"":false,""providerAttemptCount"":0,""providerAttempts"":[]}],""totalProviderAttemptCount"":0},""generationId"":""gen_01M362KXKWYR8S0YQ82PFA8706""}}}",43,"{""X-Ratelimit-Limit-Requests"":""30"",""X-Ratelimit-Limit-Tokens"":""250000"",""X-Ratelimit-Remaining-Requests"":""0"",""X-Ratelimit-Remaining-Tokens"":""207190"",""X-Ratelimit-Reset-Requests"":""43s"",""X-Ratelimit-Reset-Tokens"":""43s""}",88.78
score/4/064/vercel,vercel,score,4,64,2,429,false,HTTP 429,"{""error"":{""message"":""The upstream provider is currently experiencing high demand. Please retry shortly."",""type"":""rate_limit_exceeded"",""param"":{""error"":""The upstream provider is currently experiencing high demand. Please retry shortly."",""type"":""rate_limit_exceeded"",""statusCode"":429,""name"":""RateLimitExceededError"",""message"":""The upstream provider is currently experiencing high demand. Please retry shortly.""}},""providerMetadata"":{""gateway"":{""routing"":{""originalModelId"":""typesafe-ai/jev"",""resolvedProvider"":""typesafe-ai"",""fallbacksAvailable"":[],""canonicalSlug"":""typesafe-ai/jev"",""modelAttemptCount"":1,""modelAttempts"":[{""canonicalSlug"":""typesafe-ai/jev"",""success"":false,""providerAttemptCount"":0,""providerAttempts"":[]}],""totalProviderAttemptCount"":0},""generationId"":""gen_01M362KZB77G2DSF3X2B2KENCW""}}}",41,"{""X-Ratelimit-Limit-Requests"":""30"",""X-Ratelimit-Limit-Tokens"":""250000"",""X-Ratelimit-Remaining-Requests"":""0"",""X-Ratelimit-Remaining-Tokens"":""206871"",""X-Ratelimit-Reset-Requests"":""41s"",""X-Ratelimit-Reset-Tokens"":""41s""}",89.68
score/4/065/vercel,vercel,score,4,65,2,429,false,HTTP 429,"{""error"":{""message"":""The upstream provider is currently experiencing high demand. Please retry shortly."",""type"":""rate_limit_exceeded"",""param"":{""error"":""The upstream provider is currently experiencing high demand. Please retry shortly."",""type"":""rate_limit_exceeded"",""statusCode"":429,""name"":""RateLimitExceededError"",""message"":""The upstream provider is currently experiencing high demand. Please retry shortly.""}},""providerMetadata"":{""gateway"":{""routing"":{""originalModelId"":""typesafe-ai/jev"",""resolvedProvider"":""typesafe-ai"",""fallbacksAvailable"":[],""canonicalSlug"":""typesafe-ai/jev"",""modelAttemptCount"":1,""modelAttempts"":[{""canonicalSlug"":""typesafe-ai/jev"",""success"":false,""providerAttemptCount"":0,""providerAttempts"":[]}],""totalProviderAttemptCount"":0},""generationId"":""gen_01M362KZMJ8R175ACQHMB9ZCDX""}}}",41,"{""X-Ratelimit-Limit-Requests"":""30"",""X-Ratelimit-Limit-Tokens"":""250000"",""X-Ratelimit-Remaining-Requests"":""0"",""X-Ratelimit-Remaining-Tokens"":""206871"",""X-Ratelimit-Reset-Requests"":""41s"",""X-Ratelimit-Reset-Tokens"":""41s""}",92.90
score/4/067/vercel,vercel,score,4,67,2,429,false,HTTP 429,"{""error"":{""message"":""The upstream provider is currently experiencing high demand. Please retry shortly."",""type"":""rate_limit_exceeded"",""param"":{""error"":""The upstream provider is currently experiencing high demand. Please retry shortly."",""type"":""rate_limit_exceeded"",""statusCode"":429,""name"":""RateLimitExceededError"",""message"":""The upstream provider is currently experiencing high demand. Please retry shortly.""}},""providerMetadata"":{""gateway"":{""routing"":{""originalModelId"":""typesafe-ai/jev"",""resolvedProvider"":""typesafe-ai"",""fallbacksAvailable"":[],""canonicalSlug"":""typesafe-ai/jev"",""modelAttemptCount"":1,""modelAttempts"":[{""canonicalSlug"":""typesafe-ai/jev"",""success"":false,""providerAttemptCount"":0,""providerAttempts"":[]}],""totalProviderAttemptCount"":0},""generationId"":""gen_01M362M1F38GB3PT1EK6M0KS9M""}}}",39,"{""X-Ratelimit-Limit-Requests"":""30"",""X-Ratelimit-Limit-Tokens"":""250000"",""X-Ratelimit-Remaining-Requests"":""0"",""X-Ratelimit-Remaining-Tokens"":""207190"",""X-Ratelimit-Reset-Requests"":""39s"",""X-Ratelimit-Reset-Tokens"":""39s""}",86.52
score/4/068/vercel,vercel,score,4,68,2,429,false,HTTP 429,"{""error"":{""message"":""The upstream provider is currently experiencing high demand. Please retry shortly."",""type"":""rate_limit_exceeded"",""param"":{""error"":""The upstream provider is currently experiencing high demand. Please retry shortly."",""type"":""rate_limit_exceeded"",""statusCode"":429,""name"":""RateLimitExceededError"",""message"":""The upstream provider is currently experiencing high demand. Please retry shortly.""}},""providerMetadata"":{""gateway"":{""routing"":{""originalModelId"":""typesafe-ai/jev"",""resolvedProvider"":""typesafe-ai"",""fallbacksAvailable"":[],""canonicalSlug"":""typesafe-ai/jev"",""modelAttemptCount"":1,""modelAttempts"":[{""canonicalSlug"":""typesafe-ai/jev"",""success"":false,""providerAttemptCount"":0,""providerAttempts"":[]}],""totalProviderAttemptCount"":0},""generationId"":""gen_01M362M1PZ81XSWCYSFMCJM2WF""}}}",39,"{""X-Ratelimit-Limit-Requests"":""30"",""X-Ratelimit-Limit-Tokens"":""250000"",""X-Ratelimit-Remaining-Requests"":""0"",""X-Ratelimit-Remaining-Tokens"":""207002"",""X-Ratelimit-Reset-Requests"":""39s"",""X-Ratelimit-Reset-Tokens"":""39s""}",86.65
score/4/070/vercel,vercel,score,4,70,2,429,false,HTTP 429,"{""error"":{""message"":""The upstream provider is currently experiencing high demand. Please retry shortly."",""type"":""rate_limit_exceeded"",""param"":{""error"":""The upstream provider is currently experiencing high demand. Please retry shortly."",""type"":""rate_limit_exceeded"",""statusCode"":429,""name"":""RateLimitExceededError"",""message"":""The upstream provider is currently experiencing high demand. Please retry shortly.""}},""providerMetadata"":{""gateway"":{""routing"":{""originalModelId"":""typesafe-ai/jev"",""resolvedProvider"":""typesafe-ai"",""fallbacksAvailable"":[],""canonicalSlug"":""typesafe-ai/jev"",""modelAttemptCount"":1,""modelAttempts"":[{""canonicalSlug"":""typesafe-ai/jev"",""success"":false,""providerAttemptCount"":0,""providerAttempts"":[]}],""totalProviderAttemptCount"":0},""generationId"":""gen_01M362M3GNEVYN7H74FJVS9ZD6""}}}",37,"{""X-Ratelimit-Limit-Requests"":""30"",""X-Ratelimit-Limit-Tokens"":""250000"",""X-Ratelimit-Remaining-Requests"":""0"",""X-Ratelimit-Remaining-Tokens"":""206744"",""X-Ratelimit-Reset-Requests"":""37s"",""X-Ratelimit-Reset-Tokens"":""37s""}",117.82
score/4/071/vercel,vercel,score,4,71,2,429,false,HTTP 429,"{""error"":{""message"":""The upstream provider is currently experiencing high demand. Please retry shortly."",""type"":""rate_limit_exceeded"",""param"":{""error"":""The upstream provider is currently experiencing high demand. Please retry shortly."",""type"":""rate_limit_exceeded"",""statusCode"":429,""name"":""RateLimitExceededError"",""message"":""The upstream provider is currently experiencing high demand. Please retry shortly.""}},""providerMetadata"":{""gateway"":{""routing"":{""originalModelId"":""typesafe-ai/jev"",""resolvedProvider"":""typesafe-ai"",""fallbacksAvailable"":[],""canonicalSlug"":""typesafe-ai/jev"",""modelAttemptCount"":1,""modelAttempts"":[{""canonicalSlug"":""typesafe-ai/jev"",""success"":false,""providerAttemptCount"":0,""providerAttempts"":[]}],""totalProviderAttemptCount"":0},""generationId"":""gen_01M362M3SETK19MMGVNR0HJ445""}}}",37,"{""X-Ratelimit-Limit-Requests"":""30"",""X-Ratelimit-Limit-Tokens"":""250000"",""X-Ratelimit-Remaining-Requests"":""0"",""X-Ratelimit-Remaining-Tokens"":""207002"",""X-Ratelimit-Reset-Requests"":""37s"",""X-Ratelimit-Reset-Tokens"":""37s""}",81.25
score/4/073/vercel,vercel,score,4,73,2,429,false,HTTP 429,"{""error"":{""message"":""The upstream provider is currently experiencing high demand. Please retry shortly."",""type"":""rate_limit_exceeded"",""param"":{""error"":""The upstream provider is currently experiencing high demand. Please retry shortly."",""type"":""rate_limit_exceeded"",""statusCode"":429,""name"":""RateLimitExceededError"",""message"":""The upstream provider is currently experiencing high demand. Please retry shortly.""}},""providerMetadata"":{""gateway"":{""routing"":{""originalModelId"":""typesafe-ai/jev"",""resolvedProvider"":""typesafe-ai"",""fallbacksAvailable"":[],""canonicalSlug"":""typesafe-ai/jev"",""modelAttemptCount"":1,""modelAttempts"":[{""canonicalSlug"":""typesafe-ai/jev"",""success"":false,""providerAttemptCount"":0,""providerAttempts"":[]}],""totalProviderAttemptCount"":0},""generationId"":""gen_01M362M58B13DJ9JVSFFB25KFC""}}}",35,"{""X-Ratelimit-Limit-Requests"":""30"",""X-Ratelimit-Limit-Tokens"":""250000"",""X-Ratelimit-Remaining-Requests"":""0"",""X-Ratelimit-Remaining-Tokens"":""207640"",""X-Ratelimit-Reset-Requests"":""35s"",""X-Ratelimit-Reset-Tokens"":""35s""}",90.34
score/4/075/vercel,vercel,score,4,75,2,429,false,HTTP 429,"{""error"":{""message"":""The upstream provider is currently experiencing high demand. Please retry shortly."",""type"":""rate_limit_exceeded"",""param"":{""error"":""The upstream provider is currently experiencing high demand. Please retry shortly."",""type"":""rate_limit_exceeded"",""statusCode"":429,""name"":""RateLimitExceededError"",""message"":""The upstream provider is currently experiencing high demand. Please retry shortly.""}},""providerMetadata"":{""gateway"":{""routing"":{""originalModelId"":""typesafe-ai/jev"",""resolvedProvider"":""typesafe-ai"",""fallbacksAvailable"":[],""canonicalSlug"":""typesafe-ai/jev"",""modelAttemptCount"":1,""modelAttempts"":[{""canonicalSlug"":""typesafe-ai/jev"",""success"":false,""providerAttemptCount"":0,""providerAttempts"":[]}],""totalProviderAttemptCount"":0},""generationId"":""gen_01M362M6R6R4MH63S3T2P26MZG""}}}",34,"{""X-Ratelimit-Limit-Requests"":""30"",""X-Ratelimit-Limit-Tokens"":""250000"",""X-Ratelimit-Remaining-Requests"":""0"",""X-Ratelimit-Remaining-Tokens"":""205950"",""X-Ratelimit-Reset-Requests"":""34s"",""X-Ratelimit-Reset-Tokens"":""34s""}",92.51
score/4/076/vercel,vercel,score,4,76,2,429,false,HTTP 429,"{""error"":{""message"":""The upstream provider is currently experiencing high demand. Please retry shortly."",""type"":""rate_limit_exceeded"",""param"":{""error"":""The upstream provider is currently experiencing high demand. Please retry shortly."",""type"":""rate_limit_exceeded"",""statusCode"":429,""name"":""RateLimitExceededError"",""message"":""The upstream provider is currently experiencing high demand. Please retry shortly.""}},""providerMetadata"":{""gateway"":{""routing"":{""originalModelId"":""typesafe-ai/jev"",""resolvedProvider"":""typesafe-ai"",""fallbacksAvailable"":[],""canonicalSlug"":""typesafe-ai/jev"",""modelAttemptCount"":1,""modelAttempts"":[{""canonicalSlug"":""typesafe-ai/jev"",""success"":false,""providerAttemptCount"":0,""providerAttempts"":[]}],""totalProviderAttemptCount"":0},""generationId"":""gen_01M362M7ZH0WJPSNFKJTGYVX4W""}}}",33,"{""X-Ratelimit-Limit-Requests"":""30"",""X-Ratelimit-Limit-Tokens"":""250000"",""X-Ratelimit-Remaining-Requests"":""0"",""X-Ratelimit-Remaining-Tokens"":""206811"",""X-Ratelimit-Reset-Requests"":""33s"",""X-Ratelimit-Reset-Tokens"":""33s""}",112.28
score/4/078/vercel,vercel,score,4,78,2,429,false,HTTP 429,"{""error"":{""message"":""The upstream provider is currently experiencing high demand. Please retry shortly."",""type"":""rate_limit_exceeded"",""param"":{""error"":""The upstream provider is currently experiencing high demand. Please retry shortly."",""type"":""rate_limit_exceeded"",""statusCode"":429,""name"":""RateLimitExceededError"",""message"":""The upstream provider is currently experiencing high demand. Please retry shortly.""}},""providerMetadata"":{""gateway"":{""routing"":{""originalModelId"":""typesafe-ai/jev"",""resolvedProvider"":""typesafe-ai"",""fallbacksAvailable"":[],""canonicalSlug"":""typesafe-ai/jev"",""modelAttemptCount"":1,""modelAttempts"":[{""canonicalSlug"":""typesafe-ai/jev"",""success"":false,""providerAttemptCount"":0,""providerAttempts"":[]}],""totalProviderAttemptCount"":0},""generationId"":""gen_01M362M9KF5SREX3C8VV4RBR3H""}}}",31,"{""X-Ratelimit-Limit-Requests"":""30"",""X-Ratelimit-Limit-Tokens"":""250000"",""X-Ratelimit-Remaining-Requests"":""0"",""X-Ratelimit-Remaining-Tokens"":""206414"",""X-Ratelimit-Reset-Requests"":""31s"",""X-Ratelimit-Reset-Tokens"":""31s""}",148.62
score/4/080/vercel,vercel,score,4,80,2,429,false,HTTP 429,"{""error"":{""message"":""The upstream provider is currently experiencing high demand. Please retry shortly."",""type"":""rate_limit_exceeded"",""param"":{""error"":""The upstream provider is currently experiencing high demand. Please retry shortly."",""type"":""rate_limit_exceeded"",""statusCode"":429,""name"":""RateLimitExceededError"",""message"":""The upstream provider is currently experiencing high demand. Please retry shortly.""}},""providerMetadata"":{""gateway"":{""routing"":{""originalModelId"":""typesafe-ai/jev"",""resolvedProvider"":""typesafe-ai"",""fallbacksAvailable"":[],""canonicalSlug"":""typesafe-ai/jev"",""modelAttemptCount"":1,""modelAttempts"":[{""canonicalSlug"":""typesafe-ai/jev"",""success"":false,""providerAttemptCount"":0,""providerAttempts"":[]}],""totalProviderAttemptCount"":0},""generationId"":""gen_01M362MAJYP1MYK1V2BVM1SYGZ""}}}",30,"{""X-Ratelimit-Limit-Requests"":""30"",""X-Ratelimit-Limit-Tokens"":""250000"",""X-Ratelimit-Remaining-Requests"":""0"",""X-Ratelimit-Remaining-Tokens"":""205583"",""X-Ratelimit-Reset-Requests"":""30s"",""X-Ratelimit-Reset-Tokens"":""30s""}",110.00
score/4/081/vercel,vercel,score,4,81,2,429,false,HTTP 429,"{""error"":{""message"":""The upstream provider is currently experiencing high demand. Please retry shortly."",""type"":""rate_limit_exceeded"",""param"":{""error"":""The upstream provider is currently experiencing high demand. Please retry shortly."",""type"":""rate_limit_exceeded"",""statusCode"":429,""name"":""RateLimitExceededError"",""message"":""The upstream provider is currently experiencing high demand. Please retry shortly.""}},""providerMetadata"":{""gateway"":{""routing"":{""originalModelId"":""typesafe-ai/jev"",""resolvedProvider"":""typesafe-ai"",""fallbacksAvailable"":[],""canonicalSlug"":""typesafe-ai/jev"",""modelAttemptCount"":1,""modelAttempts"":[{""canonicalSlug"":""typesafe-ai/jev"",""success"":false,""providerAttemptCount"":0,""providerAttempts"":[]}],""totalProviderAttemptCount"":0},""generationId"":""gen_01M362MB9R2ZK1K8VRQHVFFT5R""}}}",29,"{""X-Ratelimit-Limit-Requests"":""30"",""X-Ratelimit-Limit-Tokens"":""250000"",""X-Ratelimit-Remaining-Requests"":""0"",""X-Ratelimit-Remaining-Tokens"":""206414"",""X-Ratelimit-Reset-Requests"":""29s"",""X-Ratelimit-Reset-Tokens"":""29s""}",77.90
score/4/083/vercel,vercel,score,4,83,2,429,false,HTTP 429,"{""error"":{""message"":""The upstream provider is currently experiencing high demand. Please retry shortly."",""type"":""rate_limit_exceeded"",""param"":{""error"":""The upstream provider is currently experiencing high demand. Please retry shortly."",""type"":""rate_limit_exceeded"",""statusCode"":429,""name"":""RateLimitExceededError"",""message"":""The upstream provider is currently experiencing high demand. Please retry shortly.""}},""providerMetadata"":{""gateway"":{""routing"":{""originalModelId"":""typesafe-ai/jev"",""resolvedProvider"":""typesafe-ai"",""fallbacksAvailable"":[],""canonicalSlug"":""typesafe-ai/jev"",""modelAttemptCount"":1,""modelAttempts"":[{""canonicalSlug"":""typesafe-ai/jev"",""success"":false,""providerAttemptCount"":0,""providerAttempts"":[]}],""totalProviderAttemptCount"":0},""generationId"":""gen_01M362MD9MY65XT7ZJSZ0KZ276""}}}",27,"{""X-Ratelimit-Limit-Requests"":""30"",""X-Ratelimit-Limit-Tokens"":""250000"",""X-Ratelimit-Remaining-Requests"":""0"",""X-Ratelimit-Remaining-Tokens"":""205947"",""X-Ratelimit-Reset-Requests"":""27s"",""X-Ratelimit-Reset-Tokens"":""27s""}",79.62
score/4/085/vercel,vercel,score,4,85,2,429,false,HTTP 429,"{""error"":{""message"":""The upstream provider is currently experiencing high demand. Please retry shortly."",""type"":""rate_limit_exceeded"",""param"":{""error"":""The upstream provider is currently experiencing high demand. Please retry shortly."",""type"":""rate_limit_exceeded"",""statusCode"":429,""name"":""RateLimitExceededError"",""message"":""The upstream provider is currently experiencing high demand. Please retry shortly.""}},""providerMetadata"":{""gateway"":{""routing"":{""originalModelId"":""typesafe-ai/jev"",""resolvedProvider"":""typesafe-ai"",""fallbacksAvailable"":[],""canonicalSlug"":""typesafe-ai/jev"",""modelAttemptCount"":1,""modelAttempts"":[{""canonicalSlug"":""typesafe-ai/jev"",""success"":false,""providerAttemptCount"":0,""providerAttempts"":[]}],""totalProviderAttemptCount"":0},""generationId"":""gen_01M362MEYC0K83Z9NPD8BHQXBP""}}}",25,"{""X-Ratelimit-Limit-Requests"":""30"",""X-Ratelimit-Limit-Tokens"":""250000"",""X-Ratelimit-Remaining-Requests"":""0"",""X-Ratelimit-Remaining-Tokens"":""205574"",""X-Ratelimit-Reset-Requests"":""25s"",""X-Ratelimit-Reset-Tokens"":""25s""}",93.94
score/4/086/vercel,vercel,score,4,86,2,429,false,HTTP 429,"{""error"":{""message"":""The upstream provider is currently experiencing high demand. Please retry shortly."",""type"":""rate_limit_exceeded"",""param"":{""error"":""The upstream provider is currently experiencing high demand. Please retry shortly."",""type"":""rate_limit_exceeded"",""statusCode"":429,""name"":""RateLimitExceededError"",""message"":""The upstream provider is currently experiencing high demand. Please retry shortly.""}},""providerMetadata"":{""gateway"":{""routing"":{""originalModelId"":""typesafe-ai/jev"",""resolvedProvider"":""typesafe-ai"",""fallbacksAvailable"":[],""canonicalSlug"":""typesafe-ai/jev"",""modelAttemptCount"":1,""modelAttempts"":[{""canonicalSlug"":""typesafe-ai/jev"",""success"":false,""providerAttemptCount"":0,""providerAttempts"":[]}],""totalProviderAttemptCount"":0},""generationId"":""gen_01M362MF9XED0BN6MNHAZXRGC7""}}}",25,"{""X-Ratelimit-Limit-Requests"":""30"",""X-Ratelimit-Limit-Tokens"":""250000"",""X-Ratelimit-Remaining-Requests"":""0"",""X-Ratelimit-Remaining-Tokens"":""205826"",""X-Ratelimit-Reset-Requests"":""25s"",""X-Ratelimit-Reset-Tokens"":""25s""}",148.34
score/4/088/vercel,vercel,score,4,88,2,429,false,HTTP 429,"{""error"":{""message"":""The upstream provider is currently experiencing high demand. Please retry shortly."",""type"":""rate_limit_exceeded"",""param"":{""error"":""The upstream provider is currently experiencing high demand. Please retry shortly."",""type"":""rate_limit_exceeded"",""statusCode"":429,""name"":""RateLimitExceededError"",""message"":""The upstream provider is currently experiencing high demand. Please retry shortly.""}},""providerMetadata"":{""gateway"":{""routing"":{""originalModelId"":""typesafe-ai/jev"",""resolvedProvider"":""typesafe-ai"",""fallbacksAvailable"":[],""canonicalSlug"":""typesafe-ai/jev"",""modelAttemptCount"":1,""modelAttempts"":[{""canonicalSlug"":""typesafe-ai/jev"",""success"":false,""providerAttemptCount"":0,""providerAttempts"":[]}],""totalProviderAttemptCount"":0},""generationId"":""gen_01M362MGRQQY4WW251PSSG29RT""}}}",24,"{""X-Ratelimit-Limit-Requests"":""30"",""X-Ratelimit-Limit-Tokens"":""250000"",""X-Ratelimit-Remaining-Requests"":""0"",""X-Ratelimit-Remaining-Tokens"":""206540"",""X-Ratelimit-Reset-Requests"":""24s"",""X-Ratelimit-Reset-Tokens"":""24s""}",102.81
score/4/089/vercel,vercel,score,4,89,2,429,false,HTTP 429,"{""error"":{""message"":""The upstream provider is currently experiencing high demand. Please retry shortly."",""type"":""rate_limit_exceeded"",""param"":{""error"":""The upstream provider is currently experiencing high demand. Please retry shortly."",""type"":""rate_limit_exceeded"",""statusCode"":429,""name"":""RateLimitExceededError"",""message"":""The upstream provider is currently experiencing high demand. Please retry shortly.""}},""providerMetadata"":{""gateway"":{""routing"":{""originalModelId"":""typesafe-ai/jev"",""resolvedProvider"":""typesafe-ai"",""fallbacksAvailable"":[],""canonicalSlug"":""typesafe-ai/jev"",""modelAttemptCount"":1,""modelAttempts"":[{""canonicalSlug"":""typesafe-ai/jev"",""success"":false,""providerAttemptCount"":0,""providerAttempts"":[]}],""totalProviderAttemptCount"":0},""generationId"":""gen_01M362MHTSHSBY3VDZGJFEFW3C""}}}",23,"{""X-Ratelimit-Limit-Requests"":""30"",""X-Ratelimit-Limit-Tokens"":""250000"",""X-Ratelimit-Remaining-Requests"":""0"",""X-Ratelimit-Remaining-Tokens"":""206066"",""X-Ratelimit-Reset-Requests"":""23s"",""X-Ratelimit-Reset-Tokens"":""23s""}",86.41
score/4/091/vercel,vercel,score,4,91,2,429,false,HTTP 429,"{""error"":{""message"":""The upstream provider is currently experiencing high demand. Please retry shortly."",""type"":""rate_limit_exceeded"",""param"":{""error"":""The upstream provider is currently experiencing high demand. Please retry shortly."",""type"":""rate_limit_exceeded"",""statusCode"":429,""name"":""RateLimitExceededError"",""message"":""The upstream provider is currently experiencing high demand. Please retry shortly.""}},""providerMetadata"":{""gateway"":{""routing"":{""originalModelId"":""typesafe-ai/jev"",""resolvedProvider"":""typesafe-ai"",""fallbacksAvailable"":[],""canonicalSlug"":""typesafe-ai/jev"",""modelAttemptCount"":1,""modelAttempts"":[{""canonicalSlug"":""typesafe-ai/jev"",""success"":false,""providerAttemptCount"":0,""providerAttempts"":[]}],""totalProviderAttemptCount"":0},""generationId"":""gen_01M362MJSTSHKV2FHAWVWCZ1YN""}}}",22,"{""X-Ratelimit-Limit-Requests"":""30"",""X-Ratelimit-Limit-Tokens"":""250000"",""X-Ratelimit-Remaining-Requests"":""0"",""X-Ratelimit-Remaining-Tokens"":""205222"",""X-Ratelimit-Reset-Requests"":""22s"",""X-Ratelimit-Reset-Tokens"":""22s""}",149.70
score/4/092/vercel,vercel,score,4,92,2,429,false,HTTP 429,"{""error"":{""message"":""The upstream provider is currently experiencing high demand. Please retry shortly."",""type"":""rate_limit_exceeded"",""param"":{""error"":""The upstream provider is currently experiencing high demand. Please retry shortly."",""type"":""rate_limit_exceeded"",""statusCode"":429,""name"":""RateLimitExceededError"",""message"":""The upstream provider is currently experiencing high demand. Please retry shortly.""}},""providerMetadata"":{""gateway"":{""routing"":{""originalModelId"":""typesafe-ai/jev"",""resolvedProvider"":""typesafe-ai"",""fallbacksAvailable"":[],""canonicalSlug"":""typesafe-ai/jev"",""modelAttemptCount"":1,""modelAttempts"":[{""canonicalSlug"":""typesafe-ai/jev"",""success"":false,""providerAttemptCount"":0,""providerAttempts"":[]}],""totalProviderAttemptCount"":0},""generationId"":""gen_01M362MKFBE90HKKW5T5X3YBE6""}}}",21,"{""X-Ratelimit-Limit-Requests"":""30"",""X-Ratelimit-Limit-Tokens"":""250000"",""X-Ratelimit-Remaining-Requests"":""0"",""X-Ratelimit-Remaining-Tokens"":""205222"",""X-Ratelimit-Reset-Requests"":""21s"",""X-Ratelimit-Reset-Tokens"":""21s""}",95.79
score/4/094/vercel,vercel,score,4,94,2,429,false,HTTP 429,"{""error"":{""message"":""The upstream provider is currently experiencing high demand. Please retry shortly."",""type"":""rate_limit_exceeded"",""param"":{""error"":""The upstream provider is currently experiencing high demand. Please retry shortly."",""type"":""rate_limit_exceeded"",""statusCode"":429,""name"":""RateLimitExceededError"",""message"":""The upstream provider is currently experiencing high demand. Please retry shortly.""}},""providerMetadata"":{""gateway"":{""routing"":{""originalModelId"":""typesafe-ai/jev"",""resolvedProvider"":""typesafe-ai"",""fallbacksAvailable"":[],""canonicalSlug"":""typesafe-ai/jev"",""modelAttemptCount"":1,""modelAttempts"":[{""canonicalSlug"":""typesafe-ai/jev"",""success"":false,""providerAttemptCount"":0,""providerAttempts"":[]}],""totalProviderAttemptCount"":0},""generationId"":""gen_01M362MMWV9GWVNDE77KC4RQ92""}}}",19,"{""X-Ratelimit-Limit-Requests"":""30"",""X-Ratelimit-Limit-Tokens"":""250000"",""X-Ratelimit-Remaining-Requests"":""0"",""X-Ratelimit-Remaining-Tokens"":""205222"",""X-Ratelimit-Reset-Requests"":""19s"",""X-Ratelimit-Reset-Tokens"":""19s""}",104.52
score/4/096/vercel,vercel,score,4,96,2,429,false,HTTP 429,"{""error"":{""message"":""The upstream provider is currently experiencing high demand. Please retry shortly."",""type"":""rate_limit_exceeded"",""param"":{""error"":""The upstream provider is currently experiencing high demand. Please retry shortly."",""type"":""rate_limit_exceeded"",""statusCode"":429,""name"":""RateLimitExceededError"",""message"":""The upstream provider is currently experiencing high demand. Please retry shortly.""}},""providerMetadata"":{""gateway"":{""routing"":{""originalModelId"":""typesafe-ai/jev"",""resolvedProvider"":""typesafe-ai"",""fallbacksAvailable"":[],""canonicalSlug"":""typesafe-ai/jev"",""modelAttemptCount"":1,""modelAttempts"":[{""canonicalSlug"":""typesafe-ai/jev"",""success"":false,""providerAttemptCount"":0,""providerAttempts"":[]}],""totalProviderAttemptCount"":0},""generationId"":""gen_01M362MPAEV5XSPN5F09BM1HTD""}}}",18,"{""X-Ratelimit-Limit-Requests"":""30"",""X-Ratelimit-Limit-Tokens"":""250000"",""X-Ratelimit-Remaining-Requests"":""0"",""X-Ratelimit-Remaining-Tokens"":""204635"",""X-Ratelimit-Reset-Requests"":""18s"",""X-Ratelimit-Reset-Tokens"":""18s""}",104.03
score/4/097/vercel,vercel,score,4,97,2,429,false,HTTP 429,"{""error"":{""message"":""The upstream provider is currently experiencing high demand. Please retry shortly."",""type"":""rate_limit_exceeded"",""param"":{""error"":""The upstream provider is currently experiencing high demand. Please retry shortly."",""type"":""rate_limit_exceeded"",""statusCode"":429,""name"":""RateLimitExceededError"",""message"":""The upstream provider is currently experiencing high demand. Please retry shortly.""}},""providerMetadata"":{""gateway"":{""routing"":{""originalModelId"":""typesafe-ai/jev"",""resolvedProvider"":""typesafe-ai"",""fallbacksAvailable"":[],""canonicalSlug"":""typesafe-ai/jev"",""modelAttemptCount"":1,""modelAttempts"":[{""canonicalSlug"":""typesafe-ai/jev"",""success"":false,""providerAttemptCount"":0,""providerAttempts"":[]}],""totalProviderAttemptCount"":0},""generationId"":""gen_01M362MQJK70G0M21XJTAY476M""}}}",17,"{""X-Ratelimit-Limit-Requests"":""30"",""X-Ratelimit-Limit-Tokens"":""250000"",""X-Ratelimit-Remaining-Requests"":""0"",""X-Ratelimit-Remaining-Tokens"":""205524"",""X-Ratelimit-Reset-Requests"":""17s"",""X-Ratelimit-Reset-Tokens"":""17s""}",107.14
score/4/099/vercel,vercel,score,4,99,2,429,false,HTTP 429,"{""error"":{""message"":""The upstream provider is currently experiencing high demand. Please retry shortly."",""type"":""rate_limit_exceeded"",""param"":{""error"":""The upstream provider is currently experiencing high demand. Please retry shortly."",""type"":""rate_limit_exceeded"",""statusCode"":429,""name"":""RateLimitExceededError"",""message"":""The upstream provider is currently experiencing high demand. Please retry shortly.""}},""providerMetadata"":{""gateway"":{""routing"":{""originalModelId"":""typesafe-ai/jev"",""resolvedProvider"":""typesafe-ai"",""fallbacksAvailable"":[],""canonicalSlug"":""typesafe-ai/jev"",""modelAttemptCount"":1,""modelAttempts"":[{""canonicalSlug"":""typesafe-ai/jev"",""success"":false,""providerAttemptCount"":0,""providerAttempts"":[]}],""totalProviderAttemptCount"":0},""generationId"":""gen_01M362MRXR8JRCEJC88NQD6H7X""}}}",15,"{""X-Ratelimit-Limit-Requests"":""30"",""X-Ratelimit-Limit-Tokens"":""250000"",""X-Ratelimit-Remaining-Requests"":""0"",""X-Ratelimit-Remaining-Tokens"":""204635"",""X-Ratelimit-Reset-Requests"":""15s"",""X-Ratelimit-Reset-Tokens"":""15s""}",86.32
noul/16/051/vercel,vercel,noul,16,51,2,429,false,HTTP 429,"{""error"":{""message"":""The upstream provider is currently experiencing high demand. Please retry shortly."",""type"":""rate_limit_exceeded"",""param"":{""error"":""The upstream provider is currently experiencing high demand. Please retry shortly."",""type"":""rate_limit_exceeded"",""statusCode"":429,""name"":""RateLimitExceededError"",""message"":""The upstream provider is currently experiencing high demand. Please retry shortly.""}},""providerMetadata"":{""gateway"":{""routing"":{""originalModelId"":""typesafe-ai/jev"",""resolvedProvider"":""typesafe-ai"",""fallbacksAvailable"":[],""canonicalSlug"":""typesafe-ai/jev"",""modelAttemptCount"":1,""modelAttempts"":[{""canonicalSlug"":""typesafe-ai/jev"",""success"":false,""providerAttemptCount"":0,""providerAttempts"":[]}],""totalProviderAttemptCount"":0},""generationId"":""gen_01M362MTTHE3SSCTWV4DB4Y7ST""}}}",13,"{""X-Ratelimit-Limit-Requests"":""30"",""X-Ratelimit-Limit-Tokens"":""250000"",""X-Ratelimit-Remaining-Requests"":""0"",""X-Ratelimit-Remaining-Tokens"":""204929"",""X-Ratelimit-Reset-Requests"":""13s"",""X-Ratelimit-Reset-Tokens"":""13s""}",91.98
noul/16/052/vercel,vercel,noul,16,52,2,429,false,HTTP 429,"{""error"":{""message"":""The upstream provider is currently experiencing high demand. Please retry shortly."",""type"":""rate_limit_exceeded"",""param"":{""error"":""The upstream provider is currently experiencing high demand. Please retry shortly."",""type"":""rate_limit_exceeded"",""statusCode"":429,""name"":""RateLimitExceededError"",""message"":""The upstream provider is currently experiencing high demand. Please retry shortly.""}},""providerMetadata"":{""gateway"":{""routing"":{""originalModelId"":""typesafe-ai/jev"",""resolvedProvider"":""typesafe-ai"",""fallbacksAvailable"":[],""canonicalSlug"":""typesafe-ai/jev"",""modelAttemptCount"":1,""modelAttempts"":[{""canonicalSlug"":""typesafe-ai/jev"",""success"":false,""providerAttemptCount"":0,""providerAttempts"":[]}],""totalProviderAttemptCount"":0},""generationId"":""gen_01M362MVDTMFEBXP3QBC1G1Q87""}}}",13,"{""X-Ratelimit-Limit-Requests"":""30"",""X-Ratelimit-Limit-Tokens"":""250000"",""X-Ratelimit-Remaining-Requests"":""0"",""X-Ratelimit-Remaining-Tokens"":""204246"",""X-Ratelimit-Reset-Requests"":""13s"",""X-Ratelimit-Reset-Tokens"":""13s""}",81.21
noul/16/054/vercel,vercel,noul,16,54,2,429,false,HTTP 429,"{""error"":{""message"":""The upstream provider is currently experiencing high demand. Please retry shortly."",""type"":""rate_limit_exceeded"",""param"":{""error"":""The upstream provider is currently experiencing high demand. Please retry shortly."",""type"":""rate_limit_exceeded"",""statusCode"":429,""name"":""RateLimitExceededError"",""message"":""The upstream provider is currently experiencing high demand. Please retry shortly.""}},""providerMetadata"":{""gateway"":{""routing"":{""originalModelId"":""typesafe-ai/jev"",""resolvedProvider"":""typesafe-ai"",""fallbacksAvailable"":[],""canonicalSlug"":""typesafe-ai/jev"",""modelAttemptCount"":1,""modelAttempts"":[{""canonicalSlug"":""typesafe-ai/jev"",""success"":false,""providerAttemptCount"":0,""providerAttempts"":[]}],""totalProviderAttemptCount"":0},""generationId"":""gen_01M362MWPB1S96S5XB35SY6WPC""}}}",11,"{""X-Ratelimit-Limit-Requests"":""30"",""X-Ratelimit-Limit-Tokens"":""250000"",""X-Ratelimit-Remaining-Requests"":""0"",""X-Ratelimit-Remaining-Tokens"":""202707"",""X-Ratelimit-Reset-Requests"":""11s"",""X-Ratelimit-Reset-Tokens"":""11s""}",124.41
noul/16/056/vercel,vercel,noul,16,56,2,429,false,HTTP 429,"{""error"":{""message"":""The upstream provider is currently experiencing high demand. Please retry shortly."",""type"":""rate_limit_exceeded"",""param"":{""error"":""The upstream provider is currently experiencing high demand. Please retry shortly."",""type"":""rate_limit_exceeded"",""statusCode"":429,""name"":""RateLimitExceededError"",""message"":""The upstream provider is currently experiencing high demand. Please retry shortly.""}},""providerMetadata"":{""gateway"":{""routing"":{""originalModelId"":""typesafe-ai/jev"",""resolvedProvider"":""typesafe-ai"",""fallbacksAvailable"":[],""canonicalSlug"":""typesafe-ai/jev"",""modelAttemptCount"":1,""modelAttempts"":[{""canonicalSlug"":""typesafe-ai/jev"",""success"":false,""providerAttemptCount"":0,""providerAttempts"":[]}],""totalProviderAttemptCount"":0},""generationId"":""gen_01M362MY1Z8ATTCE2G7Z2BMX1D""}}}",10,"{""X-Ratelimit-Limit-Requests"":""30"",""X-Ratelimit-Limit-Tokens"":""250000"",""X-Ratelimit-Remaining-Requests"":""0"",""X-Ratelimit-Remaining-Tokens"":""201234"",""X-Ratelimit-Reset-Requests"":""10s"",""X-Ratelimit-Reset-Tokens"":""10s""}",93.88
noul/16/057/vercel,vercel,noul,16,57,2,429,false,HTTP 429,"{""error"":{""message"":""The upstream provider is currently experiencing high demand. Please retry shortly."",""type"":""rate_limit_exceeded"",""param"":{""error"":""The upstream provider is currently experiencing high demand. Please retry shortly."",""type"":""rate_limit_exceeded"",""statusCode"":429,""name"":""RateLimitExceededError"",""message"":""The upstream provider is currently experiencing high demand. Please retry shortly.""}},""providerMetadata"":{""gateway"":{""routing"":{""originalModelId"":""typesafe-ai/jev"",""resolvedProvider"":""typesafe-ai"",""fallbacksAvailable"":[],""canonicalSlug"":""typesafe-ai/jev"",""modelAttemptCount"":1,""modelAttempts"":[{""canonicalSlug"":""typesafe-ai/jev"",""success"":false,""providerAttemptCount"":0,""providerAttempts"":[]}],""totalProviderAttemptCount"":0},""generationId"":""gen_01M362MYKGNEX4WA10TX9RNKZQ""}}}",9,"{""X-Ratelimit-Limit-Requests"":""30"",""X-Ratelimit-Limit-Tokens"":""250000"",""X-Ratelimit-Remaining-Requests"":""0"",""X-Ratelimit-Remaining-Tokens"":""202707"",""X-Ratelimit-Reset-Requests"":""9s"",""X-Ratelimit-Reset-Tokens"":""9s""}",78.82
noul/16/058/vercel,vercel,noul,16,58,2,429,false,HTTP 429,"{""error"":{""message"":""The upstream provider is currently experiencing high demand. Please retry shortly."",""type"":""rate_limit_exceeded"",""param"":{""error"":""The upstream provider is currently experiencing high demand. Please retry shortly."",""type"":""rate_limit_exceeded"",""statusCode"":429,""name"":""RateLimitExceededError"",""message"":""The upstream provider is currently experiencing high demand. Please retry shortly.""}},""providerMetadata"":{""gateway"":{""routing"":{""originalModelId"":""typesafe-ai/jev"",""resolvedProvider"":""typesafe-ai"",""fallbacksAvailable"":[],""canonicalSlug"":""typesafe-ai/jev"",""modelAttemptCount"":1,""modelAttempts"":[{""canonicalSlug"":""typesafe-ai/jev"",""success"":false,""providerAttemptCount"":0,""providerAttempts"":[]}],""totalProviderAttemptCount"":0},""generationId"":""gen_01M362MZ5P2M81357HMGFA16XK""}}}",9,"{""X-Ratelimit-Limit-Requests"":""30"",""X-Ratelimit-Limit-Tokens"":""250000"",""X-Ratelimit-Remaining-Requests"":""0"",""X-Ratelimit-Remaining-Tokens"":""201615"",""X-Ratelimit-Reset-Requests"":""9s"",""X-Ratelimit-Reset-Tokens"":""9s""}",85.41
noul/16/060/vercel,vercel,noul,16,60,2,429,false,HTTP 429,"{""error"":{""message"":""The upstream provider is currently experiencing high demand. Please retry shortly."",""type"":""rate_limit_exceeded"",""param"":{""error"":""The upstream provider is currently experiencing high demand. Please retry shortly."",""type"":""rate_limit_exceeded"",""statusCode"":429,""name"":""RateLimitExceededError"",""message"":""The upstream provider is currently experiencing high demand. Please retry shortly.""}},""providerMetadata"":{""gateway"":{""routing"":{""originalModelId"":""typesafe-ai/jev"",""resolvedProvider"":""typesafe-ai"",""fallbacksAvailable"":[],""canonicalSlug"":""typesafe-ai/jev"",""modelAttemptCount"":1,""modelAttempts"":[{""canonicalSlug"":""typesafe-ai/jev"",""success"":false,""providerAttemptCount"":0,""providerAttempts"":[]}],""totalProviderAttemptCount"":0},""generationId"":""gen_01M362N0NGF0ECQCVVJGRQDGNM""}}}",7,"{""X-Ratelimit-Limit-Requests"":""30"",""X-Ratelimit-Limit-Tokens"":""250000"",""X-Ratelimit-Remaining-Requests"":""0"",""X-Ratelimit-Remaining-Tokens"":""200631"",""X-Ratelimit-Reset-Requests"":""7s"",""X-Ratelimit-Reset-Tokens"":""7s""}",81.70
noul/16/061/vercel,vercel,noul,16,61,2,429,false,HTTP 429,"{""error"":{""message"":""The upstream provider is currently experiencing high demand. Please retry shortly."",""type"":""rate_limit_exceeded"",""param"":{""error"":""The upstream provider is currently experiencing high demand. Please retry shortly."",""type"":""rate_limit_exceeded"",""statusCode"":429,""name"":""RateLimitExceededError"",""message"":""The upstream provider is currently experiencing high demand. Please retry shortly.""}},""providerMetadata"":{""gateway"":{""routing"":{""originalModelId"":""typesafe-ai/jev"",""resolvedProvider"":""typesafe-ai"",""fallbacksAvailable"":[],""canonicalSlug"":""typesafe-ai/jev"",""modelAttemptCount"":1,""modelAttempts"":[{""canonicalSlug"":""typesafe-ai/jev"",""success"":false,""providerAttemptCount"":0,""providerAttempts"":[]}],""totalProviderAttemptCount"":0},""generationId"":""gen_01M362N11VKHWVS60MYVT0CJWF""}}}",7,"{""X-Ratelimit-Limit-Requests"":""30"",""X-Ratelimit-Limit-Tokens"":""250000"",""X-Ratelimit-Remaining-Requests"":""0"",""X-Ratelimit-Remaining-Tokens"":""200900"",""X-Ratelimit-Reset-Requests"":""7s"",""X-Ratelimit-Reset-Tokens"":""7s""}",86.47
noul/16/063/vercel,vercel,noul,16,63,2,429,false,HTTP 429,"{""error"":{""message"":""The upstream provider is currently experiencing high demand. Please retry shortly."",""type"":""rate_limit_exceeded"",""param"":{""error"":""The upstream provider is currently experiencing high demand. Please retry shortly."",""type"":""rate_limit_exceeded"",""statusCode"":429,""name"":""RateLimitExceededError"",""message"":""The upstream provider is currently experiencing high demand. Please retry shortly.""}},""providerMetadata"":{""gateway"":{""routing"":{""originalModelId"":""typesafe-ai/jev"",""resolvedProvider"":""typesafe-ai"",""fallbacksAvailable"":[],""canonicalSlug"":""typesafe-ai/jev"",""modelAttemptCount"":1,""modelAttempts"":[{""canonicalSlug"":""typesafe-ai/jev"",""success"":false,""providerAttemptCount"":0,""providerAttempts"":[]}],""totalProviderAttemptCount"":0},""generationId"":""gen_01M362N2EJM1SK5TAH1240HKC9""}}}",5,"{""X-Ratelimit-Limit-Requests"":""30"",""X-Ratelimit-Limit-Tokens"":""250000"",""X-Ratelimit-Remaining-Requests"":""0"",""X-Ratelimit-Remaining-Tokens"":""199458"",""X-Ratelimit-Reset-Requests"":""5s"",""X-Ratelimit-Reset-Tokens"":""5s""}",111.95
noul/16/065/vercel,vercel,noul,16,65,2,429,false,HTTP 429,"{""error"":{""message"":""The upstream provider is currently experiencing high demand. Please retry shortly."",""type"":""rate_limit_exceeded"",""param"":{""error"":""The upstream provider is currently experiencing high demand. Please retry shortly."",""type"":""rate_limit_exceeded"",""statusCode"":429,""name"":""RateLimitExceededError"",""message"":""The upstream provider is currently experiencing high demand. Please retry shortly.""}},""providerMetadata"":{""gateway"":{""routing"":{""originalModelId"":""typesafe-ai/jev"",""resolvedProvider"":""typesafe-ai"",""fallbacksAvailable"":[],""canonicalSlug"":""typesafe-ai/jev"",""modelAttemptCount"":1,""modelAttempts"":[{""canonicalSlug"":""typesafe-ai/jev"",""success"":false,""providerAttemptCount"":0,""providerAttempts"":[]}],""totalProviderAttemptCount"":0},""generationId"":""gen_01M362N4D6JPZGQF49Y1WB7SC6""}}}",3,"{""X-Ratelimit-Limit-Requests"":""30"",""X-Ratelimit-Limit-Tokens"":""250000"",""X-Ratelimit-Remaining-Requests"":""0"",""X-Ratelimit-Remaining-Tokens"":""198389"",""X-Ratelimit-Reset-Requests"":""3s"",""X-Ratelimit-Reset-Tokens"":""3s""}",95.62
noul/16/067/vercel,vercel,noul,16,67,2,429,false,HTTP 429,"{""error"":{""message"":""The upstream provider is currently experiencing high demand. Please retry shortly."",""type"":""rate_limit_exceeded"",""param"":{""error"":""The upstream provider is currently experiencing high demand. Please retry shortly."",""type"":""rate_limit_exceeded"",""statusCode"":429,""name"":""RateLimitExceededError"",""message"":""The upstream provider is currently experiencing high demand. Please retry shortly.""}},""providerMetadata"":{""gateway"":{""routing"":{""originalModelId"":""typesafe-ai/jev"",""resolvedProvider"":""typesafe-ai"",""fallbacksAvailable"":[],""canonicalSlug"":""typesafe-ai/jev"",""modelAttemptCount"":1,""modelAttempts"":[{""canonicalSlug"":""typesafe-ai/jev"",""success"":false,""providerAttemptCount"":0,""providerAttempts"":[]}],""totalProviderAttemptCount"":0},""generationId"":""gen_01M362N66GVCZBR6491HX8S6PB""}}}",2,"{""X-Ratelimit-Limit-Requests"":""30"",""X-Ratelimit-Limit-Tokens"":""250000"",""X-Ratelimit-Remaining-Requests"":""0"",""X-Ratelimit-Remaining-Tokens"":""197216"",""X-Ratelimit-Reset-Requests"":""2s"",""X-Ratelimit-Reset-Tokens"":""2s""}",78.56
noul/16/068/vercel,vercel,noul,16,68,2,429,false,HTTP 429,"{""error"":{""message"":""The upstream provider is currently experiencing high demand. Please retry shortly."",""type"":""rate_limit_exceeded"",""param"":{""error"":""The upstream provider is currently experiencing high demand. Please retry shortly."",""type"":""rate_limit_exceeded"",""statusCode"":429,""name"":""RateLimitExceededError"",""message"":""The upstream provider is currently experiencing high demand. Please retry shortly.""}},""providerMetadata"":{""gateway"":{""routing"":{""originalModelId"":""typesafe-ai/jev"",""resolvedProvider"":""typesafe-ai"",""fallbacksAvailable"":[],""canonicalSlug"":""typesafe-ai/jev"",""modelAttemptCount"":1,""modelAttempts"":[{""canonicalSlug"":""typesafe-ai/jev"",""success"":false,""providerAttemptCount"":0,""providerAttempts"":[]}],""totalProviderAttemptCount"":0},""generationId"":""gen_01M362N6FPC837FWPEJ2ZYJ9HS""}}}",1,"{""X-Ratelimit-Limit-Requests"":""30"",""X-Ratelimit-Limit-Tokens"":""250000"",""X-Ratelimit-Remaining-Requests"":""0"",""X-Ratelimit-Remaining-Tokens"":""200272"",""X-Ratelimit-Reset-Requests"":""1s"",""X-Ratelimit-Reset-Tokens"":""1s""}",102.32
noul/16/069/vercel,vercel,noul,16,69,2,429,false,HTTP 429,"{""error"":{""message"":""The upstream provider is currently experiencing high demand. Please retry shortly."",""type"":""rate_limit_exceeded"",""param"":{""error"":""The upstream provider is currently experiencing high demand. Please retry shortly."",""type"":""rate_limit_exceeded"",""statusCode"":429,""name"":""RateLimitExceededError"",""message"":""The upstream provider is currently experiencing high demand. Please retry shortly.""}},""providerMetadata"":{""gateway"":{""routing"":{""originalModelId"":""typesafe-ai/jev"",""resolvedProvider"":""typesafe-ai"",""fallbacksAvailable"":[],""canonicalSlug"":""typesafe-ai/jev"",""modelAttemptCount"":1,""modelAttempts"":[{""canonicalSlug"":""typesafe-ai/jev"",""success"":false,""providerAttemptCount"":0,""providerAttempts"":[]}],""totalProviderAttemptCount"":0},""generationId"":""gen_01M362N75JSK6MV8Q8QJHVTP13""}}}",1,"{""X-Ratelimit-Limit-Requests"":""30"",""X-Ratelimit-Limit-Tokens"":""250000"",""X-Ratelimit-Remaining-Requests"":""0"",""X-Ratelimit-Remaining-Tokens"":""197894"",""X-Ratelimit-Reset-Requests"":""1s"",""X-Ratelimit-Reset-Tokens"":""1s""}",83.99
noul/16/071/vercel,vercel,noul,16,71,2,429,false,HTTP 429,"{""error"":{""message"":""The upstream provider is currently experiencing high demand. Please retry shortly."",""type"":""rate_limit_exceeded"",""param"":{""error"":""The upstream provider is currently experiencing high demand. Please retry shortly."",""type"":""rate_limit_exceeded"",""statusCode"":429,""name"":""RateLimitExceededError"",""message"":""The upstream provider is currently experiencing high demand. Please retry shortly.""}},""providerMetadata"":{""gateway"":{""routing"":{""originalModelId"":""typesafe-ai/jev"",""resolvedProvider"":""typesafe-ai"",""fallbacksAvailable"":[],""canonicalSlug"":""typesafe-ai/jev"",""modelAttemptCount"":1,""modelAttempts"":[{""canonicalSlug"":""typesafe-ai/jev"",""success"":false,""providerAttemptCount"":0,""providerAttempts"":[]}],""totalProviderAttemptCount"":0},""generationId"":""gen_01M362N8GY7RQ6CTFQ1KK44XCN""}}}",59,"{""X-Ratelimit-Limit-Requests"":""30"",""X-Ratelimit-Limit-Tokens"":""250000"",""X-Ratelimit-Remaining-Requests"":""0"",""X-Ratelimit-Remaining-Tokens"":""196661"",""X-Ratelimit-Reset-Requests"":""59s"",""X-Ratelimit-Reset-Tokens"":""59s""}",109.19
noul/16/073/vercel,vercel,noul,16,73,2,429,false,HTTP 429,"{""error"":{""message"":""The upstream provider is currently experiencing high demand. Please retry shortly."",""type"":""rate_limit_exceeded"",""param"":{""error"":""The upstream provider is currently experiencing high demand. Please retry shortly."",""type"":""rate_limit_exceeded"",""statusCode"":429,""name"":""RateLimitExceededError"",""message"":""The upstream provider is currently experiencing high demand. Please retry shortly.""}},""providerMetadata"":{""gateway"":{""routing"":{""originalModelId"":""typesafe-ai/jev"",""resolvedProvider"":""typesafe-ai"",""fallbacksAvailable"":[],""canonicalSlug"":""typesafe-ai/jev"",""modelAttemptCount"":1,""modelAttempts"":[{""canonicalSlug"":""typesafe-ai/jev"",""success"":false,""providerAttemptCount"":0,""providerAttempts"":[]}],""totalProviderAttemptCount"":0},""generationId"":""gen_01M362NAJCTQ931TENDD0JGRT4""}}}",57,"{""X-Ratelimit-Limit-Requests"":""30"",""X-Ratelimit-Limit-Tokens"":""250000"",""X-Ratelimit-Remaining-Requests"":""0"",""X-Ratelimit-Remaining-Tokens"":""196026"",""X-Ratelimit-Reset-Requests"":""57s"",""X-Ratelimit-Reset-Tokens"":""57s""}",89.00
noul/16/074/vercel,vercel,noul,16,74,2,429,false,HTTP 429,"{""error"":{""message"":""The upstream provider is currently experiencing high demand. Please retry shortly."",""type"":""rate_limit_exceeded"",""param"":{""error"":""The upstream provider is currently experiencing high demand. Please retry shortly."",""type"":""rate_limit_exceeded"",""statusCode"":429,""name"":""RateLimitExceededError"",""message"":""The upstream provider is currently experiencing high demand. Please retry shortly.""}},""providerMetadata"":{""gateway"":{""routing"":{""originalModelId"":""typesafe-ai/jev"",""resolvedProvider"":""typesafe-ai"",""fallbacksAvailable"":[],""canonicalSlug"":""typesafe-ai/jev"",""modelAttemptCount"":1,""modelAttempts"":[{""canonicalSlug"":""typesafe-ai/jev"",""success"":false,""providerAttemptCount"":0,""providerAttempts"":[]}],""totalProviderAttemptCount"":0},""generationId"":""gen_01M362NAV861FCNS43HN0EGV6P""}}}",57,"{""X-Ratelimit-Limit-Requests"":""30"",""X-Ratelimit-Limit-Tokens"":""250000"",""X-Ratelimit-Remaining-Requests"":""0"",""X-Ratelimit-Remaining-Tokens"":""196270"",""X-Ratelimit-Reset-Requests"":""57s"",""X-Ratelimit-Reset-Tokens"":""57s""}",88.73
noul/16/076/vercel,vercel,noul,16,76,2,429,false,HTTP 429,"{""error"":{""message"":""The upstream provider is currently experiencing high demand. Please retry shortly."",""type"":""rate_limit_exceeded"",""param"":{""error"":""The upstream provider is currently experiencing high demand. Please retry shortly."",""type"":""rate_limit_exceeded"",""statusCode"":429,""name"":""RateLimitExceededError"",""message"":""The upstream provider is currently experiencing high demand. Please retry shortly.""}},""providerMetadata"":{""gateway"":{""routing"":{""originalModelId"":""typesafe-ai/jev"",""resolvedProvider"":""typesafe-ai"",""fallbacksAvailable"":[],""canonicalSlug"":""typesafe-ai/jev"",""modelAttemptCount"":1,""modelAttempts"":[{""canonicalSlug"":""typesafe-ai/jev"",""success"":false,""providerAttemptCount"":0,""providerAttempts"":[]}],""totalProviderAttemptCount"":0},""generationId"":""gen_01M362NCY5ZX74EZ93F06RH303""}}}",55,"{""X-Ratelimit-Limit-Requests"":""30"",""X-Ratelimit-Limit-Tokens"":""250000"",""X-Ratelimit-Remaining-Requests"":""0"",""X-Ratelimit-Remaining-Tokens"":""195709"",""X-Ratelimit-Reset-Requests"":""55s"",""X-Ratelimit-Reset-Tokens"":""55s""}",117.78
noul/16/078/vercel,vercel,noul,16,78,2,429,false,HTTP 429,"{""error"":{""message"":""The upstream provider is currently experiencing high demand. Please retry shortly."",""type"":""rate_limit_exceeded"",""param"":{""error"":""The upstream provider is currently experiencing high demand. Please retry shortly."",""type"":""rate_limit_exceeded"",""statusCode"":429,""name"":""RateLimitExceededError"",""message"":""The upstream provider is currently experiencing high demand. Please retry shortly.""}},""providerMetadata"":{""gateway"":{""routing"":{""originalModelId"":""typesafe-ai/jev"",""resolvedProvider"":""typesafe-ai"",""fallbacksAvailable"":[],""canonicalSlug"":""typesafe-ai/jev"",""modelAttemptCount"":1,""modelAttempts"":[{""canonicalSlug"":""typesafe-ai/jev"",""success"":false,""providerAttemptCount"":0,""providerAttempts"":[]}],""totalProviderAttemptCount"":0},""generationId"":""gen_01M362NEAG7V07DRPRMRYTBWSN""}}}",53,"{""X-Ratelimit-Limit-Requests"":""30"",""X-Ratelimit-Limit-Tokens"":""250000"",""X-Ratelimit-Remaining-Requests"":""0"",""X-Ratelimit-Remaining-Tokens"":""196270"",""X-Ratelimit-Reset-Requests"":""53s"",""X-Ratelimit-Reset-Tokens"":""53s""}",78.32
noul/16/079/vercel,vercel,noul,16,79,2,429,false,HTTP 429,"{""error"":{""message"":""The upstream provider is currently experiencing high demand. Please retry shortly."",""type"":""rate_limit_exceeded"",""param"":{""error"":""The upstream provider is currently experiencing high demand. Please retry shortly."",""type"":""rate_limit_exceeded"",""statusCode"":429,""name"":""RateLimitExceededError"",""message"":""The upstream provider is currently experiencing high demand. Please retry shortly.""}},""providerMetadata"":{""gateway"":{""routing"":{""originalModelId"":""typesafe-ai/jev"",""resolvedProvider"":""typesafe-ai"",""fallbacksAvailable"":[],""canonicalSlug"":""typesafe-ai/jev"",""modelAttemptCount"":1,""modelAttempts"":[{""canonicalSlug"":""typesafe-ai/jev"",""success"":false,""providerAttemptCount"":0,""providerAttempts"":[]}],""totalProviderAttemptCount"":0},""generationId"":""gen_01M362NEK9BETHQ4FB6Z077S1T""}}}",53,"{""X-Ratelimit-Limit-Requests"":""30"",""X-Ratelimit-Limit-Tokens"":""250000"",""X-Ratelimit-Remaining-Requests"":""0"",""X-Ratelimit-Remaining-Tokens"":""194755"",""X-Ratelimit-Reset-Requests"":""53s"",""X-Ratelimit-Reset-Tokens"":""53s""}",97.69
noul/16/081/vercel,vercel,noul,16,81,2,429,false,HTTP 429,"{""error"":{""message"":""The upstream provider is currently experiencing high demand. Please retry shortly."",""type"":""rate_limit_exceeded"",""param"":{""error"":""The upstream provider is currently experiencing high demand. Please retry shortly."",""type"":""rate_limit_exceeded"",""statusCode"":429,""name"":""RateLimitExceededError"",""message"":""The upstream provider is currently experiencing high demand. Please retry shortly.""}},""providerMetadata"":{""gateway"":{""routing"":{""originalModelId"":""typesafe-ai/jev"",""resolvedProvider"":""typesafe-ai"",""fallbacksAvailable"":[],""canonicalSlug"":""typesafe-ai/jev"",""modelAttemptCount"":1,""modelAttempts"":[{""canonicalSlug"":""typesafe-ai/jev"",""success"":false,""providerAttemptCount"":0,""providerAttempts"":[]}],""totalProviderAttemptCount"":0},""generationId"":""gen_01M362NG6SEXK1ZXYFS9BRNWH6""}}}",51,"{""X-Ratelimit-Limit-Requests"":""30"",""X-Ratelimit-Limit-Tokens"":""250000"",""X-Ratelimit-Remaining-Requests"":""0"",""X-Ratelimit-Remaining-Tokens"":""193746"",""X-Ratelimit-Reset-Requests"":""51s"",""X-Ratelimit-Reset-Tokens"":""51s""}",97.25
noul/16/082/vercel,vercel,noul,16,82,2,429,false,HTTP 429,"{""error"":{""message"":""The upstream provider is currently experiencing high demand. Please retry shortly."",""type"":""rate_limit_exceeded"",""param"":{""error"":""The upstream provider is currently experiencing high demand. Please retry shortly."",""type"":""rate_limit_exceeded"",""statusCode"":429,""name"":""RateLimitExceededError"",""message"":""The upstream provider is currently experiencing high demand. Please retry shortly.""}},""providerMetadata"":{""gateway"":{""routing"":{""originalModelId"":""typesafe-ai/jev"",""resolvedProvider"":""typesafe-ai"",""fallbacksAvailable"":[],""canonicalSlug"":""typesafe-ai/jev"",""modelAttemptCount"":1,""modelAttempts"":[{""canonicalSlug"":""typesafe-ai/jev"",""success"":false,""providerAttemptCount"":0,""providerAttempts"":[]}],""totalProviderAttemptCount"":0},""generationId"":""gen_01M362NGFQM06811MZK0W66HYJ""}}}",51,"{""X-Ratelimit-Limit-Requests"":""30"",""X-Ratelimit-Limit-Tokens"":""250000"",""X-Ratelimit-Remaining-Requests"":""0"",""X-Ratelimit-Remaining-Tokens"":""194755"",""X-Ratelimit-Reset-Requests"":""51s"",""X-Ratelimit-Reset-Tokens"":""51s""}",88.64
noul/16/084/vercel,vercel,noul,16,84,2,429,false,HTTP 429,"{""error"":{""message"":""The upstream provider is currently experiencing high demand. Please retry shortly."",""type"":""rate_limit_exceeded"",""param"":{""error"":""The upstream provider is currently experiencing high demand. Please retry shortly."",""type"":""rate_limit_exceeded"",""statusCode"":429,""name"":""RateLimitExceededError"",""message"":""The upstream provider is currently experiencing high demand. Please retry shortly.""}},""providerMetadata"":{""gateway"":{""routing"":{""originalModelId"":""typesafe-ai/jev"",""resolvedProvider"":""typesafe-ai"",""fallbacksAvailable"":[],""canonicalSlug"":""typesafe-ai/jev"",""modelAttemptCount"":1,""modelAttempts"":[{""canonicalSlug"":""typesafe-ai/jev"",""success"":false,""providerAttemptCount"":0,""providerAttempts"":[]}],""totalProviderAttemptCount"":0},""generationId"":""gen_01M362NHZZKPXKVN8WC9HRWR1V""}}}",50,"{""X-Ratelimit-Limit-Requests"":""30"",""X-Ratelimit-Limit-Tokens"":""250000"",""X-Ratelimit-Remaining-Requests"":""0"",""X-Ratelimit-Remaining-Tokens"":""192907"",""X-Ratelimit-Reset-Requests"":""50s"",""X-Ratelimit-Reset-Tokens"":""50s""}",109.78
noul/16/086/vercel,vercel,noul,16,86,2,429,false,HTTP 429,"{""error"":{""message"":""The upstream provider is currently experiencing high demand. Please retry shortly."",""type"":""rate_limit_exceeded"",""param"":{""error"":""The upstream provider is currently experiencing high demand. Please retry shortly."",""type"":""rate_limit_exceeded"",""statusCode"":429,""name"":""RateLimitExceededError"",""message"":""The upstream provider is currently experiencing high demand. Please retry shortly.""}},""providerMetadata"":{""gateway"":{""routing"":{""originalModelId"":""typesafe-ai/jev"",""resolvedProvider"":""typesafe-ai"",""fallbacksAvailable"":[],""canonicalSlug"":""typesafe-ai/jev"",""modelAttemptCount"":1,""modelAttempts"":[{""canonicalSlug"":""typesafe-ai/jev"",""success"":false,""providerAttemptCount"":0,""providerAttempts"":[]}],""totalProviderAttemptCount"":0},""generationId"":""gen_01M362NKX8FMM5FCSQ4JW2EXPK""}}}",48,"{""X-Ratelimit-Limit-Requests"":""30"",""X-Ratelimit-Limit-Tokens"":""250000"",""X-Ratelimit-Remaining-Requests"":""0"",""X-Ratelimit-Remaining-Tokens"":""192175"",""X-Ratelimit-Reset-Requests"":""48s"",""X-Ratelimit-Reset-Tokens"":""48s""}",91.06
noul/16/087/vercel,vercel,noul,16,87,2,429,false,HTTP 429,"{""error"":{""message"":""The upstream provider is currently experiencing high demand. Please retry shortly."",""type"":""rate_limit_exceeded"",""param"":{""error"":""The upstream provider is currently experiencing high demand. Please retry shortly."",""type"":""rate_limit_exceeded"",""statusCode"":429,""name"":""RateLimitExceededError"",""message"":""The upstream provider is currently experiencing high demand. Please retry shortly.""}},""providerMetadata"":{""gateway"":{""routing"":{""originalModelId"":""typesafe-ai/jev"",""resolvedProvider"":""typesafe-ai"",""fallbacksAvailable"":[],""canonicalSlug"":""typesafe-ai/jev"",""modelAttemptCount"":1,""modelAttempts"":[{""canonicalSlug"":""typesafe-ai/jev"",""success"":false,""providerAttemptCount"":0,""providerAttempts"":[]}],""totalProviderAttemptCount"":0},""generationId"":""gen_01M362NMTYC7T3T4GM9VC5TX80""}}}",47,"{""X-Ratelimit-Limit-Requests"":""30"",""X-Ratelimit-Limit-Tokens"":""250000"",""X-Ratelimit-Remaining-Requests"":""0"",""X-Ratelimit-Remaining-Tokens"":""193997"",""X-Ratelimit-Reset-Requests"":""47s"",""X-Ratelimit-Reset-Tokens"":""47s""}",90.24
noul/16/089/vercel,vercel,noul,16,89,2,429,false,HTTP 429,"{""error"":{""message"":""The upstream provider is currently experiencing high demand. Please retry shortly."",""type"":""rate_limit_exceeded"",""param"":{""error"":""The upstream provider is currently experiencing high demand. Please retry shortly."",""type"":""rate_limit_exceeded"",""statusCode"":429,""name"":""RateLimitExceededError"",""message"":""The upstream provider is currently experiencing high demand. Please retry shortly.""}},""providerMetadata"":{""gateway"":{""routing"":{""originalModelId"":""typesafe-ai/jev"",""resolvedProvider"":""typesafe-ai"",""fallbacksAvailable"":[],""canonicalSlug"":""typesafe-ai/jev"",""modelAttemptCount"":1,""modelAttempts"":[{""canonicalSlug"":""typesafe-ai/jev"",""success"":false,""providerAttemptCount"":0,""providerAttempts"":[]}],""totalProviderAttemptCount"":0},""generationId"":""gen_01M362NNXDZA3PC92BWN4J282M""}}}",46,"{""X-Ratelimit-Limit-Requests"":""30"",""X-Ratelimit-Limit-Tokens"":""250000"",""X-Ratelimit-Remaining-Requests"":""0"",""X-Ratelimit-Remaining-Tokens"":""191525"",""X-Ratelimit-Reset-Requests"":""46s"",""X-Ratelimit-Reset-Tokens"":""46s""}",80.93
noul/16/090/vercel,vercel,noul,16,90,2,429,false,HTTP 429,"{""error"":{""message"":""The upstream provider is currently experiencing high demand. Please retry shortly."",""type"":""rate_limit_exceeded"",""param"":{""error"":""The upstream provider is currently experiencing high demand. Please retry shortly."",""type"":""rate_limit_exceeded"",""statusCode"":429,""name"":""RateLimitExceededError"",""message"":""The upstream provider is currently experiencing high demand. Please retry shortly.""}},""providerMetadata"":{""gateway"":{""routing"":{""originalModelId"":""typesafe-ai/jev"",""resolvedProvider"":""typesafe-ai"",""fallbacksAvailable"":[],""canonicalSlug"":""typesafe-ai/jev"",""modelAttemptCount"":1,""modelAttempts"":[{""canonicalSlug"":""typesafe-ai/jev"",""success"":false,""providerAttemptCount"":0,""providerAttempts"":[]}],""totalProviderAttemptCount"":0},""generationId"":""gen_01M362NPPA58H3XCB82ER4TEP1""}}}",45,"{""X-Ratelimit-Limit-Requests"":""30"",""X-Ratelimit-Limit-Tokens"":""250000"",""X-Ratelimit-Remaining-Requests"":""0"",""X-Ratelimit-Remaining-Tokens"":""192907"",""X-Ratelimit-Reset-Requests"":""45s"",""X-Ratelimit-Reset-Tokens"":""45s""}",85.63
noul/16/092/vercel,vercel,noul,16,92,2,429,false,HTTP 429,"{""error"":{""message"":""The upstream provider is currently experiencing high demand. Please retry shortly."",""type"":""rate_limit_exceeded"",""param"":{""error"":""The upstream provider is currently experiencing high demand. Please retry shortly."",""type"":""rate_limit_exceeded"",""statusCode"":429,""name"":""RateLimitExceededError"",""message"":""The upstream provider is currently experiencing high demand. Please retry shortly.""}},""providerMetadata"":{""gateway"":{""routing"":{""originalModelId"":""typesafe-ai/jev"",""resolvedProvider"":""typesafe-ai"",""fallbacksAvailable"":[],""canonicalSlug"":""typesafe-ai/jev"",""modelAttemptCount"":1,""modelAttempts"":[{""canonicalSlug"":""typesafe-ai/jev"",""success"":false,""providerAttemptCount"":0,""providerAttempts"":[]}],""totalProviderAttemptCount"":0},""generationId"":""gen_01M362NRK6GMZ4SDXR4TNTAYXB""}}}",43,"{""X-Ratelimit-Limit-Requests"":""30"",""X-Ratelimit-Limit-Tokens"":""250000"",""X-Ratelimit-Remaining-Requests"":""0"",""X-Ratelimit-Remaining-Tokens"":""191477"",""X-Ratelimit-Reset-Requests"":""43s"",""X-Ratelimit-Reset-Tokens"":""43s""}",95.85
noul/16/094/vercel,vercel,noul,16,94,2,429,false,HTTP 429,"{""error"":{""message"":""The upstream provider is currently experiencing high demand. Please retry shortly."",""type"":""rate_limit_exceeded"",""param"":{""error"":""The upstream provider is currently experiencing high demand. Please retry shortly."",""type"":""rate_limit_exceeded"",""statusCode"":429,""name"":""RateLimitExceededError"",""message"":""The upstream provider is currently experiencing high demand. Please retry shortly.""}},""providerMetadata"":{""gateway"":{""routing"":{""originalModelId"":""typesafe-ai/jev"",""resolvedProvider"":""typesafe-ai"",""fallbacksAvailable"":[],""canonicalSlug"":""typesafe-ai/jev"",""modelAttemptCount"":1,""modelAttempts"":[{""canonicalSlug"":""typesafe-ai/jev"",""success"":false,""providerAttemptCount"":0,""providerAttempts"":[]}],""totalProviderAttemptCount"":0},""generationId"":""gen_01M362NT9YX39M5JBX42R3MPK2""}}}",41,"{""X-Ratelimit-Limit-Requests"":""30"",""X-Ratelimit-Limit-Tokens"":""250000"",""X-Ratelimit-Remaining-Requests"":""0"",""X-Ratelimit-Remaining-Tokens"":""192323"",""X-Ratelimit-Reset-Requests"":""41s"",""X-Ratelimit-Reset-Tokens"":""41s""}",90.74
noul/16/095/vercel,vercel,noul,16,95,2,429,false,HTTP 429,"{""error"":{""message"":""The upstream provider is currently experiencing high demand. Please retry shortly."",""type"":""rate_limit_exceeded"",""param"":{""error"":""The upstream provider is currently experiencing high demand. Please retry shortly."",""type"":""rate_limit_exceeded"",""statusCode"":429,""name"":""RateLimitExceededError"",""message"":""The upstream provider is currently experiencing high demand. Please retry shortly.""}},""providerMetadata"":{""gateway"":{""routing"":{""originalModelId"":""typesafe-ai/jev"",""resolvedProvider"":""typesafe-ai"",""fallbacksAvailable"":[],""canonicalSlug"":""typesafe-ai/jev"",""modelAttemptCount"":1,""modelAttempts"":[{""canonicalSlug"":""typesafe-ai/jev"",""success"":false,""providerAttemptCount"":0,""providerAttempts"":[]}],""totalProviderAttemptCount"":0},""generationId"":""gen_01M362NTJYF7JKGBHR3V3588J2""}}}",41,"{""X-Ratelimit-Limit-Requests"":""30"",""X-Ratelimit-Limit-Tokens"":""250000"",""X-Ratelimit-Remaining-Requests"":""0"",""X-Ratelimit-Remaining-Tokens"":""190826"",""X-Ratelimit-Reset-Requests"":""41s"",""X-Ratelimit-Reset-Tokens"":""41s""}",122.71
noul/16/097/vercel,vercel,noul,16,97,2,429,false,HTTP 429,"{""error"":{""message"":""The upstream provider is currently experiencing high demand. Please retry shortly."",""type"":""rate_limit_exceeded"",""param"":{""error"":""The upstream provider is currently experiencing high demand. Please retry shortly."",""type"":""rate_limit_exceeded"",""statusCode"":429,""name"":""RateLimitExceededError"",""message"":""The upstream provider is currently experiencing high demand. Please retry shortly.""}},""providerMetadata"":{""gateway"":{""routing"":{""originalModelId"":""typesafe-ai/jev"",""resolvedProvider"":""typesafe-ai"",""fallbacksAvailable"":[],""canonicalSlug"":""typesafe-ai/jev"",""modelAttemptCount"":1,""modelAttempts"":[{""canonicalSlug"":""typesafe-ai/jev"",""success"":false,""providerAttemptCount"":0,""providerAttempts"":[]}],""totalProviderAttemptCount"":0},""generationId"":""gen_01M362NW0A6ZEV1PJ6S2X7FYVS""}}}",39,"{""X-Ratelimit-Limit-Requests"":""30"",""X-Ratelimit-Limit-Tokens"":""250000"",""X-Ratelimit-Remaining-Requests"":""0"",""X-Ratelimit-Remaining-Tokens"":""190826"",""X-Ratelimit-Reset-Requests"":""39s"",""X-Ratelimit-Reset-Tokens"":""39s""}",82.89
noul/16/099/vercel,vercel,noul,16,99,2,429,false,HTTP 429,"{""error"":{""message"":""The upstream provider is currently experiencing high demand. Please retry shortly."",""type"":""rate_limit_exceeded"",""param"":{""error"":""The upstream provider is currently experiencing high demand. Please retry shortly."",""type"":""rate_limit_exceeded"",""statusCode"":429,""name"":""RateLimitExceededError"",""message"":""The upstream provider is currently experiencing high demand. Please retry shortly.""}},""providerMetadata"":{""gateway"":{""routing"":{""originalModelId"":""typesafe-ai/jev"",""resolvedProvider"":""typesafe-ai"",""fallbacksAvailable"":[],""canonicalSlug"":""typesafe-ai/jev"",""modelAttemptCount"":1,""modelAttempts"":[{""canonicalSlug"":""typesafe-ai/jev"",""success"":false,""providerAttemptCount"":0,""providerAttempts"":[]}],""totalProviderAttemptCount"":0},""generationId"":""gen_01M362NXPQ6DDWQ37J7PETW5JP""}}}",38,"{""X-Ratelimit-Limit-Requests"":""30"",""X-Ratelimit-Limit-Tokens"":""250000"",""X-Ratelimit-Remaining-Requests"":""0"",""X-Ratelimit-Remaining-Tokens"":""188739"",""X-Ratelimit-Reset-Requests"":""38s"",""X-Ratelimit-Reset-Tokens"":""38s""}",85.72
choice/16/050/vercel,vercel,choice,16,50,2,429,false,HTTP 429,"{""error"":{""message"":""The upstream provider is currently experiencing high demand. Please retry shortly."",""type"":""rate_limit_exceeded"",""param"":{""error"":""The upstream provider is currently experiencing high demand. Please retry shortly."",""type"":""rate_limit_exceeded"",""statusCode"":429,""name"":""RateLimitExceededError"",""message"":""The upstream provider is currently experiencing high demand. Please retry shortly.""}},""providerMetadata"":{""gateway"":{""routing"":{""originalModelId"":""typesafe-ai/jev"",""resolvedProvider"":""typesafe-ai"",""fallbacksAvailable"":[],""canonicalSlug"":""typesafe-ai/jev"",""modelAttemptCount"":1,""modelAttempts"":[{""canonicalSlug"":""typesafe-ai/jev"",""success"":false,""providerAttemptCount"":0,""providerAttempts"":[]}],""totalProviderAttemptCount"":0},""generationId"":""gen_01M362NYF6FD7J0BX5AD2XKNFG""}}}",37,"{""X-Ratelimit-Limit-Requests"":""30"",""X-Ratelimit-Limit-Tokens"":""250000"",""X-Ratelimit-Remaining-Requests"":""0"",""X-Ratelimit-Remaining-Tokens"":""189406"",""X-Ratelimit-Reset-Requests"":""37s"",""X-Ratelimit-Reset-Tokens"":""37s""}",82.69
choice/16/051/vercel,vercel,choice,16,51,2,429,false,HTTP 429,"{""error"":{""message"":""The upstream provider is currently experiencing high demand. Please retry shortly."",""type"":""rate_limit_exceeded"",""param"":{""error"":""The upstream provider is currently experiencing high demand. Please retry shortly."",""type"":""rate_limit_exceeded"",""statusCode"":429,""name"":""RateLimitExceededError"",""message"":""The upstream provider is currently experiencing high demand. Please retry shortly.""}},""providerMetadata"":{""gateway"":{""routing"":{""originalModelId"":""typesafe-ai/jev"",""resolvedProvider"":""typesafe-ai"",""fallbacksAvailable"":[],""canonicalSlug"":""typesafe-ai/jev"",""modelAttemptCount"":1,""modelAttempts"":[{""canonicalSlug"":""typesafe-ai/jev"",""success"":false,""providerAttemptCount"":0,""providerAttempts"":[]}],""totalProviderAttemptCount"":0},""generationId"":""gen_01M362NYNWQ18KWB0AS3M10TT1""}}}",37,"{""X-Ratelimit-Limit-Requests"":""30"",""X-Ratelimit-Limit-Tokens"":""250000"",""X-Ratelimit-Remaining-Requests"":""0"",""X-Ratelimit-Remaining-Tokens"":""190597"",""X-Ratelimit-Reset-Requests"":""37s"",""X-Ratelimit-Reset-Tokens"":""37s""}",219.05
choice/16/053/vercel,vercel,choice,16,53,2,429,false,HTTP 429,"{""error"":{""message"":""The upstream provider is currently experiencing high demand. Please retry shortly."",""type"":""rate_limit_exceeded"",""param"":{""error"":""The upstream provider is currently experiencing high demand. Please retry shortly."",""type"":""rate_limit_exceeded"",""statusCode"":429,""name"":""RateLimitExceededError"",""message"":""The upstream provider is currently experiencing high demand. Please retry shortly.""}},""providerMetadata"":{""gateway"":{""routing"":{""originalModelId"":""typesafe-ai/jev"",""resolvedProvider"":""typesafe-ai"",""fallbacksAvailable"":[],""canonicalSlug"":""typesafe-ai/jev"",""modelAttemptCount"":1,""modelAttempts"":[{""canonicalSlug"":""typesafe-ai/jev"",""success"":false,""providerAttemptCount"":0,""providerAttempts"":[]}],""totalProviderAttemptCount"":0},""generationId"":""gen_01M362P00Z31EA8ZVGWH7BSZ03""}}}",35,"{""X-Ratelimit-Limit-Requests"":""30"",""X-Ratelimit-Limit-Tokens"":""250000"",""X-Ratelimit-Remaining-Requests"":""0"",""X-Ratelimit-Remaining-Tokens"":""187809"",""X-Ratelimit-Reset-Requests"":""35s"",""X-Ratelimit-Reset-Tokens"":""35s""}",222.23
choice/16/054/vercel,vercel,choice,16,54,2,429,false,HTTP 429,"{""error"":{""message"":""The upstream provider is currently experiencing high demand. Please retry shortly."",""type"":""rate_limit_exceeded"",""param"":{""error"":""The upstream provider is currently experiencing high demand. Please retry shortly."",""type"":""rate_limit_exceeded"",""statusCode"":429,""name"":""RateLimitExceededError"",""message"":""The upstream provider is currently experiencing high demand. Please retry shortly.""}},""providerMetadata"":{""gateway"":{""routing"":{""originalModelId"":""typesafe-ai/jev"",""resolvedProvider"":""typesafe-ai"",""fallbacksAvailable"":[],""canonicalSlug"":""typesafe-ai/jev"",""modelAttemptCount"":1,""modelAttempts"":[{""canonicalSlug"":""typesafe-ai/jev"",""success"":false,""providerAttemptCount"":0,""providerAttempts"":[]}],""totalProviderAttemptCount"":0},""generationId"":""gen_01M362P0K5FA4FWA0S0J71BDDJ""}}}",35,"{""X-Ratelimit-Limit-Requests"":""30"",""X-Ratelimit-Limit-Tokens"":""250000"",""X-Ratelimit-Remaining-Requests"":""0"",""X-Ratelimit-Remaining-Tokens"":""188298"",""X-Ratelimit-Reset-Requests"":""35s"",""X-Ratelimit-Reset-Tokens"":""35s""}",114.58
choice/16/055/vercel,vercel,choice,16,55,2,503,false,HTTP 503,"{""error"":{""message"":""Service temporarily unavailable. Please try again shortly."",""type"":""service_unavailable_error"",""param"":{""error"":""Service temporarily unavailable. Please try again shortly."",""type"":""service_unavailable_error"",""statusCode"":503}},""providerMetadata"":{""gateway"":{""routing"":{""originalModelId"":""typesafe-ai/jev"",""resolvedProvider"":""typesafe-ai"",""fallbacksAvailable"":[],""canonicalSlug"":""typesafe-ai/jev"",""modelAttemptCount"":1,""modelAttempts"":[{""canonicalSlug"":""typesafe-ai/jev"",""success"":false,""providerAttemptCount"":1,""providerAttempts"":[{""provider"":""typesafe-ai"",""credentialType"":""system"",""success"":false,""error"":""Service temporarily unavailable"",""startTime"":1790131767033,""endTime"":1790131767130,""statusCode"":503}]}],""totalProviderAttemptCount"":1},""generationId"":""gen_01M362P1Q5S9VVK3FDK64DKF5K""}}}",,null,180.10
choice/16/056/vercel,vercel,choice,16,56,2,429,false,HTTP 429,"{""error"":{""message"":""The upstream provider is currently experiencing high demand. Please retry shortly."",""type"":""rate_limit_exceeded"",""param"":{""error"":""The upstream provider is currently experiencing high demand. Please retry shortly."",""type"":""rate_limit_exceeded"",""statusCode"":429,""name"":""RateLimitExceededError"",""message"":""The upstream provider is currently experiencing high demand. Please retry shortly.""}},""providerMetadata"":{""gateway"":{""routing"":{""originalModelId"":""typesafe-ai/jev"",""resolvedProvider"":""typesafe-ai"",""fallbacksAvailable"":[],""canonicalSlug"":""typesafe-ai/jev"",""modelAttemptCount"":1,""modelAttempts"":[{""canonicalSlug"":""typesafe-ai/jev"",""success"":false,""providerAttemptCount"":0,""providerAttempts"":[]}],""totalProviderAttemptCount"":0},""generationId"":""gen_01M362P2CD3F4NBXNR8DQR1KE6""}}}",33,"{""X-Ratelimit-Limit-Requests"":""30"",""X-Ratelimit-Limit-Tokens"":""250000"",""X-Ratelimit-Remaining-Requests"":""0"",""X-Ratelimit-Remaining-Tokens"":""189879"",""X-Ratelimit-Reset-Requests"":""33s"",""X-Ratelimit-Reset-Tokens"":""33s""}",83.05
choice/16/058/vercel,vercel,choice,16,58,2,429,false,HTTP 429,"{""error"":{""message"":""The upstream provider is currently experiencing high demand. Please retry shortly."",""type"":""rate_limit_exceeded"",""param"":{""error"":""The upstream provider is currently experiencing high demand. Please retry shortly."",""type"":""rate_limit_exceeded"",""statusCode"":429,""name"":""RateLimitExceededError"",""message"":""The upstream provider is currently experiencing high demand. Please retry shortly.""}},""providerMetadata"":{""gateway"":{""routing"":{""originalModelId"":""typesafe-ai/jev"",""resolvedProvider"":""typesafe-ai"",""fallbacksAvailable"":[],""canonicalSlug"":""typesafe-ai/jev"",""modelAttemptCount"":1,""modelAttempts"":[{""canonicalSlug"":""typesafe-ai/jev"",""success"":false,""providerAttemptCount"":0,""providerAttempts"":[]}],""totalProviderAttemptCount"":0},""generationId"":""gen_01M362P48XTX6SR65SYX8ZWTCN""}}}",31,"{""X-Ratelimit-Limit-Requests"":""30"",""X-Ratelimit-Limit-Tokens"":""250000"",""X-Ratelimit-Remaining-Requests"":""0"",""X-Ratelimit-Remaining-Tokens"":""188558"",""X-Ratelimit-Reset-Requests"":""31s"",""X-Ratelimit-Reset-Tokens"":""31s""}",99.20
choice/16/059/vercel,vercel,choice,16,59,2,429,false,HTTP 429,"{""error"":{""message"":""The upstream provider is currently experiencing high demand. Please retry shortly."",""type"":""rate_limit_exceeded"",""param"":{""error"":""The upstream provider is currently experiencing high demand. Please retry shortly."",""type"":""rate_limit_exceeded"",""statusCode"":429,""name"":""RateLimitExceededError"",""message"":""The upstream provider is currently experiencing high demand. Please retry shortly.""}},""providerMetadata"":{""gateway"":{""routing"":{""originalModelId"":""typesafe-ai/jev"",""resolvedProvider"":""typesafe-ai"",""fallbacksAvailable"":[],""canonicalSlug"":""typesafe-ai/jev"",""modelAttemptCount"":1,""modelAttempts"":[{""canonicalSlug"":""typesafe-ai/jev"",""success"":false,""providerAttemptCount"":0,""providerAttempts"":[]}],""totalProviderAttemptCount"":0},""generationId"":""gen_01M362P4JA931SV0JJC3C76DYM""}}}",31,"{""X-Ratelimit-Limit-Requests"":""30"",""X-Ratelimit-Limit-Tokens"":""250000"",""X-Ratelimit-Remaining-Requests"":""0"",""X-Ratelimit-Remaining-Tokens"":""189879"",""X-Ratelimit-Reset-Requests"":""31s"",""X-Ratelimit-Reset-Tokens"":""31s""}",98.61
choice/16/061/vercel,vercel,choice,16,61,2,429,false,HTTP 429,"{""error"":{""message"":""The upstream provider is currently experiencing high demand. Please retry shortly."",""type"":""rate_limit_exceeded"",""param"":{""error"":""The upstream provider is currently experiencing high demand. Please retry shortly."",""type"":""rate_limit_exceeded"",""statusCode"":429,""name"":""RateLimitExceededError"",""message"":""The upstream provider is currently experiencing high demand. Please retry shortly.""}},""providerMetadata"":{""gateway"":{""routing"":{""originalModelId"":""typesafe-ai/jev"",""resolvedProvider"":""typesafe-ai"",""fallbacksAvailable"":[],""canonicalSlug"":""typesafe-ai/jev"",""modelAttemptCount"":1,""modelAttempts"":[{""canonicalSlug"":""typesafe-ai/jev"",""success"":false,""providerAttemptCount"":0,""providerAttempts"":[]}],""totalProviderAttemptCount"":0},""generationId"":""gen_01M362P6H1Z7D28JA9CNRQFDGH""}}}",29,"{""X-Ratelimit-Limit-Requests"":""30"",""X-Ratelimit-Limit-Tokens"":""250000"",""X-Ratelimit-Remaining-Requests"":""0"",""X-Ratelimit-Remaining-Tokens"":""187547"",""X-Ratelimit-Reset-Requests"":""29s"",""X-Ratelimit-Reset-Tokens"":""29s""}",115.34
choice/16/063/vercel,vercel,choice,16,63,2,429,false,HTTP 429,"{""error"":{""message"":""The upstream provider is currently experiencing high demand. Please retry shortly."",""type"":""rate_limit_exceeded"",""param"":{""error"":""The upstream provider is currently experiencing high demand. Please retry shortly."",""type"":""rate_limit_exceeded"",""statusCode"":429,""name"":""RateLimitExceededError"",""message"":""The upstream provider is currently experiencing high demand. Please retry shortly.""}},""providerMetadata"":{""gateway"":{""routing"":{""originalModelId"":""typesafe-ai/jev"",""resolvedProvider"":""typesafe-ai"",""fallbacksAvailable"":[],""canonicalSlug"":""typesafe-ai/jev"",""modelAttemptCount"":1,""modelAttempts"":[{""canonicalSlug"":""typesafe-ai/jev"",""success"":false,""providerAttemptCount"":0,""providerAttempts"":[]}],""totalProviderAttemptCount"":0},""generationId"":""gen_01M362P7Z7ND9FDH9FQD6SMQMP""}}}",27,"{""X-Ratelimit-Limit-Requests"":""30"",""X-Ratelimit-Limit-Tokens"":""250000"",""X-Ratelimit-Remaining-Requests"":""0"",""X-Ratelimit-Remaining-Tokens"":""185832"",""X-Ratelimit-Reset-Requests"":""27s"",""X-Ratelimit-Reset-Tokens"":""27s""}",100.15
choice/16/064/vercel,vercel,choice,16,64,2,429,false,HTTP 429,"{""error"":{""message"":""The upstream provider is currently experiencing high demand. Please retry shortly."",""type"":""rate_limit_exceeded"",""param"":{""error"":""The upstream provider is currently experiencing high demand. Please retry shortly."",""type"":""rate_limit_exceeded"",""statusCode"":429,""name"":""RateLimitExceededError"",""message"":""The upstream provider is currently experiencing high demand. Please retry shortly.""}},""providerMetadata"":{""gateway"":{""routing"":{""originalModelId"":""typesafe-ai/jev"",""resolvedProvider"":""typesafe-ai"",""fallbacksAvailable"":[],""canonicalSlug"":""typesafe-ai/jev"",""modelAttemptCount"":1,""modelAttempts"":[{""canonicalSlug"":""typesafe-ai/jev"",""success"":false,""providerAttemptCount"":0,""providerAttempts"":[]}],""totalProviderAttemptCount"":0},""generationId"":""gen_01M362P8FTCDKXACRN5SF578G2""}}}",27,"{""X-Ratelimit-Limit-Requests"":""30"",""X-Ratelimit-Limit-Tokens"":""250000"",""X-Ratelimit-Remaining-Requests"":""0"",""X-Ratelimit-Remaining-Tokens"":""186281"",""X-Ratelimit-Reset-Requests"":""27s"",""X-Ratelimit-Reset-Tokens"":""27s""}",85.25
choice/16/065/vercel,vercel,choice,16,65,2,503,false,HTTP 503,"{""error"":{""message"":""Service temporarily unavailable. Please try again shortly."",""type"":""service_unavailable_error"",""param"":{""error"":""Service temporarily unavailable. Please try again shortly."",""type"":""service_unavailable_error"",""statusCode"":503}},""providerMetadata"":{""gateway"":{""routing"":{""originalModelId"":""typesafe-ai/jev"",""resolvedProvider"":""typesafe-ai"",""fallbacksAvailable"":[],""canonicalSlug"":""typesafe-ai/jev"",""modelAttemptCount"":1,""modelAttempts"":[{""canonicalSlug"":""typesafe-ai/jev"",""success"":false,""providerAttemptCount"":1,""providerAttempts"":[{""provider"":""typesafe-ai"",""credentialType"":""system"",""success"":false,""error"":""Service temporarily unavailable"",""startTime"":1790131774224,""endTime"":1790131774303,""statusCode"":503}]}],""totalProviderAttemptCount"":1},""generationId"":""gen_01M362P8QV24AMMWQDYV3R85J2""}}}",,null,156.71
choice/16/066/vercel,vercel,choice,16,66,2,429,false,HTTP 429,"{""error"":{""message"":""The upstream provider is currently experiencing high demand. Please retry shortly."",""type"":""rate_limit_exceeded"",""param"":{""error"":""The upstream provider is currently experiencing high demand. Please retry shortly."",""type"":""rate_limit_exceeded"",""statusCode"":429,""name"":""RateLimitExceededError"",""message"":""The upstream provider is currently experiencing high demand. Please retry shortly.""}},""providerMetadata"":{""gateway"":{""routing"":{""originalModelId"":""typesafe-ai/jev"",""resolvedProvider"":""typesafe-ai"",""fallbacksAvailable"":[],""canonicalSlug"":""typesafe-ai/jev"",""modelAttemptCount"":1,""modelAttempts"":[{""canonicalSlug"":""typesafe-ai/jev"",""success"":false,""providerAttemptCount"":0,""providerAttempts"":[]}],""totalProviderAttemptCount"":0},""generationId"":""gen_01M362P9QAT49AN37D8BW71TDT""}}}",25,"{""X-Ratelimit-Limit-Requests"":""30"",""X-Ratelimit-Limit-Tokens"":""250000"",""X-Ratelimit-Remaining-Requests"":""0"",""X-Ratelimit-Remaining-Tokens"":""187378"",""X-Ratelimit-Reset-Requests"":""25s"",""X-Ratelimit-Reset-Tokens"":""25s""}",87.16
choice/16/067/vercel,vercel,choice,16,67,2,429,false,HTTP 429,"{""error"":{""message"":""The upstream provider is currently experiencing high demand. Please retry shortly."",""type"":""rate_limit_exceeded"",""param"":{""error"":""The upstream provider is currently experiencing high demand. Please retry shortly."",""type"":""rate_limit_exceeded"",""statusCode"":429,""name"":""RateLimitExceededError"",""message"":""The upstream provider is currently experiencing high demand. Please retry shortly.""}},""providerMetadata"":{""gateway"":{""routing"":{""originalModelId"":""typesafe-ai/jev"",""resolvedProvider"":""typesafe-ai"",""fallbacksAvailable"":[],""canonicalSlug"":""typesafe-ai/jev"",""modelAttemptCount"":1,""modelAttempts"":[{""canonicalSlug"":""typesafe-ai/jev"",""success"":false,""providerAttemptCount"":0,""providerAttempts"":[]}],""totalProviderAttemptCount"":0},""generationId"":""gen_01M362PA0METS99R285K83V9RR""}}}",25,"{""X-Ratelimit-Limit-Requests"":""30"",""X-Ratelimit-Limit-Tokens"":""250000"",""X-Ratelimit-Remaining-Requests"":""0"",""X-Ratelimit-Remaining-Tokens"":""187636"",""X-Ratelimit-Reset-Requests"":""25s"",""X-Ratelimit-Reset-Tokens"":""25s""}",93.79
choice/16/069/vercel,vercel,choice,16,69,2,429,false,HTTP 429,"{""error"":{""message"":""The upstream provider is currently experiencing high demand. Please retry shortly."",""type"":""rate_limit_exceeded"",""param"":{""error"":""The upstream provider is currently experiencing high demand. Please retry shortly."",""type"":""rate_limit_exceeded"",""statusCode"":429,""name"":""RateLimitExceededError"",""message"":""The upstream provider is currently experiencing high demand. Please retry shortly.""}},""providerMetadata"":{""gateway"":{""routing"":{""originalModelId"":""typesafe-ai/jev"",""resolvedProvider"":""typesafe-ai"",""fallbacksAvailable"":[],""canonicalSlug"":""typesafe-ai/jev"",""modelAttemptCount"":1,""modelAttempts"":[{""canonicalSlug"":""typesafe-ai/jev"",""success"":false,""providerAttemptCount"":0,""providerAttempts"":[]}],""totalProviderAttemptCount"":0},""generationId"":""gen_01M362PBJ1763ZBYE0FFSZ80QT""}}}",23,"{""X-Ratelimit-Limit-Requests"":""30"",""X-Ratelimit-Limit-Tokens"":""250000"",""X-Ratelimit-Remaining-Requests"":""0"",""X-Ratelimit-Remaining-Tokens"":""186019"",""X-Ratelimit-Reset-Requests"":""23s"",""X-Ratelimit-Reset-Tokens"":""23s""}",108.91
choice/16/071/vercel,vercel,choice,16,71,2,429,false,HTTP 429,"{""error"":{""message"":""The upstream provider is currently experiencing high demand. Please retry shortly."",""type"":""rate_limit_exceeded"",""param"":{""error"":""The upstream provider is currently experiencing high demand. Please retry shortly."",""type"":""rate_limit_exceeded"",""statusCode"":429,""name"":""RateLimitExceededError"",""message"":""The upstream provider is currently experiencing high demand. Please retry shortly.""}},""providerMetadata"":{""gateway"":{""routing"":{""originalModelId"":""typesafe-ai/jev"",""resolvedProvider"":""typesafe-ai"",""fallbacksAvailable"":[],""canonicalSlug"":""typesafe-ai/jev"",""modelAttemptCount"":1,""modelAttempts"":[{""canonicalSlug"":""typesafe-ai/jev"",""success"":false,""providerAttemptCount"":0,""providerAttempts"":[]}],""totalProviderAttemptCount"":0},""generationId"":""gen_01M362PD8XTYMF8VN7JF021EM3""}}}",22,"{""X-Ratelimit-Limit-Requests"":""30"",""X-Ratelimit-Limit-Tokens"":""250000"",""X-Ratelimit-Remaining-Requests"":""0"",""X-Ratelimit-Remaining-Tokens"":""184526"",""X-Ratelimit-Reset-Requests"":""22s"",""X-Ratelimit-Reset-Tokens"":""22s""}",93.69
choice/16/072/vercel,vercel,choice,16,72,2,429,false,HTTP 429,"{""error"":{""message"":""The upstream provider is currently experiencing high demand. Please retry shortly."",""type"":""rate_limit_exceeded"",""param"":{""error"":""The upstream provider is currently experiencing high demand. Please retry shortly."",""type"":""rate_limit_exceeded"",""statusCode"":429,""name"":""RateLimitExceededError"",""message"":""The upstream provider is currently experiencing high demand. Please retry shortly.""}},""providerMetadata"":{""gateway"":{""routing"":{""originalModelId"":""typesafe-ai/jev"",""resolvedProvider"":""typesafe-ai"",""fallbacksAvailable"":[],""canonicalSlug"":""typesafe-ai/jev"",""modelAttemptCount"":1,""modelAttempts"":[{""canonicalSlug"":""typesafe-ai/jev"",""success"":false,""providerAttemptCount"":0,""providerAttempts"":[]}],""totalProviderAttemptCount"":0},""generationId"":""gen_01M362PDZXQJRV6RXNMVV7Q37P""}}}",21,"{""X-Ratelimit-Limit-Requests"":""30"",""X-Ratelimit-Limit-Tokens"":""250000"",""X-Ratelimit-Remaining-Requests"":""0"",""X-Ratelimit-Remaining-Tokens"":""185161"",""X-Ratelimit-Reset-Requests"":""21s"",""X-Ratelimit-Reset-Tokens"":""21s""}",91.10
choice/16/073/vercel,vercel,choice,16,73,2,429,false,HTTP 429,"{""error"":{""message"":""The upstream provider is currently experiencing high demand. Please retry shortly."",""type"":""rate_limit_exceeded"",""param"":{""error"":""The upstream provider is currently experiencing high demand. Please retry shortly."",""type"":""rate_limit_exceeded"",""statusCode"":429,""name"":""RateLimitExceededError"",""message"":""The upstream provider is currently experiencing high demand. Please retry shortly.""}},""providerMetadata"":{""gateway"":{""routing"":{""originalModelId"":""typesafe-ai/jev"",""resolvedProvider"":""typesafe-ai"",""fallbacksAvailable"":[],""canonicalSlug"":""typesafe-ai/jev"",""modelAttemptCount"":1,""modelAttempts"":[{""canonicalSlug"":""typesafe-ai/jev"",""success"":false,""providerAttemptCount"":0,""providerAttempts"":[]}],""totalProviderAttemptCount"":0},""generationId"":""gen_01M362PE7RAEP5HMG8F52Z15QJ""}}}",21,"{""X-Ratelimit-Limit-Requests"":""30"",""X-Ratelimit-Limit-Tokens"":""250000"",""X-Ratelimit-Remaining-Requests"":""0"",""X-Ratelimit-Remaining-Tokens"":""185382"",""X-Ratelimit-Reset-Requests"":""21s"",""X-Ratelimit-Reset-Tokens"":""21s""}",94.04
choice/16/075/vercel,vercel,choice,16,75,2,429,false,HTTP 429,"{""error"":{""message"":""The upstream provider is currently experiencing high demand. Please retry shortly."",""type"":""rate_limit_exceeded"",""param"":{""error"":""The upstream provider is currently experiencing high demand. Please retry shortly."",""type"":""rate_limit_exceeded"",""statusCode"":429,""name"":""RateLimitExceededError"",""message"":""The upstream provider is currently experiencing high demand. Please retry shortly.""}},""providerMetadata"":{""gateway"":{""routing"":{""originalModelId"":""typesafe-ai/jev"",""resolvedProvider"":""typesafe-ai"",""fallbacksAvailable"":[],""canonicalSlug"":""typesafe-ai/jev"",""modelAttemptCount"":1,""modelAttempts"":[{""canonicalSlug"":""typesafe-ai/jev"",""success"":false,""providerAttemptCount"":0,""providerAttempts"":[]}],""totalProviderAttemptCount"":0},""generationId"":""gen_01M362PFJENPPT0TD0W4ZT65RB""}}}",19,"{""X-Ratelimit-Limit-Requests"":""30"",""X-Ratelimit-Limit-Tokens"":""250000"",""X-Ratelimit-Remaining-Requests"":""0"",""X-Ratelimit-Remaining-Tokens"":""183563"",""X-Ratelimit-Reset-Requests"":""19s"",""X-Ratelimit-Reset-Tokens"":""19s""}",91.53
choice/16/077/vercel,vercel,choice,16,77,2,429,false,HTTP 429,"{""error"":{""message"":""The upstream provider is currently experiencing high demand. Please retry shortly."",""type"":""rate_limit_exceeded"",""param"":{""error"":""The upstream provider is currently experiencing high demand. Please retry shortly."",""type"":""rate_limit_exceeded"",""statusCode"":429,""name"":""RateLimitExceededError"",""message"":""The upstream provider is currently experiencing high demand. Please retry shortly.""}},""providerMetadata"":{""gateway"":{""routing"":{""originalModelId"":""typesafe-ai/jev"",""resolvedProvider"":""typesafe-ai"",""fallbacksAvailable"":[],""canonicalSlug"":""typesafe-ai/jev"",""modelAttemptCount"":1,""modelAttempts"":[{""canonicalSlug"":""typesafe-ai/jev"",""success"":false,""providerAttemptCount"":0,""providerAttempts"":[]}],""totalProviderAttemptCount"":0},""generationId"":""gen_01M362PHF0CWVKS77P4PEKNHC0""}}}",17,"{""X-Ratelimit-Limit-Requests"":""30"",""X-Ratelimit-Limit-Tokens"":""250000"",""X-Ratelimit-Remaining-Requests"":""0"",""X-Ratelimit-Remaining-Tokens"":""182248"",""X-Ratelimit-Reset-Requests"":""17s"",""X-Ratelimit-Reset-Tokens"":""17s""}",115.45
choice/16/078/vercel,vercel,choice,16,78,2,429,false,HTTP 429,"{""error"":{""message"":""The upstream provider is currently experiencing high demand. Please retry shortly."",""type"":""rate_limit_exceeded"",""param"":{""error"":""The upstream provider is currently experiencing high demand. Please retry shortly."",""type"":""rate_limit_exceeded"",""statusCode"":429,""name"":""RateLimitExceededError"",""message"":""The upstream provider is currently experiencing high demand. Please retry shortly.""}},""providerMetadata"":{""gateway"":{""routing"":{""originalModelId"":""typesafe-ai/jev"",""resolvedProvider"":""typesafe-ai"",""fallbacksAvailable"":[],""canonicalSlug"":""typesafe-ai/jev"",""modelAttemptCount"":1,""modelAttempts"":[{""canonicalSlug"":""typesafe-ai/jev"",""success"":false,""providerAttemptCount"":0,""providerAttempts"":[]}],""totalProviderAttemptCount"":0},""generationId"":""gen_01M362PJ8C5B3Q0MNYYMDQFJ2J""}}}",17,"{""X-Ratelimit-Limit-Requests"":""30"",""X-Ratelimit-Limit-Tokens"":""250000"",""X-Ratelimit-Remaining-Requests"":""0"",""X-Ratelimit-Remaining-Tokens"":""182948"",""X-Ratelimit-Reset-Requests"":""17s"",""X-Ratelimit-Reset-Tokens"":""17s""}",97.93
choice/16/080/vercel,vercel,choice,16,80,2,429,false,HTTP 429,"{""error"":{""message"":""The upstream provider is currently experiencing high demand. Please retry shortly."",""type"":""rate_limit_exceeded"",""param"":{""error"":""The upstream provider is currently experiencing high demand. Please retry shortly."",""type"":""rate_limit_exceeded"",""statusCode"":429,""name"":""RateLimitExceededError"",""message"":""The upstream provider is currently experiencing high demand. Please retry shortly.""}},""providerMetadata"":{""gateway"":{""routing"":{""originalModelId"":""typesafe-ai/jev"",""resolvedProvider"":""typesafe-ai"",""fallbacksAvailable"":[],""canonicalSlug"":""typesafe-ai/jev"",""modelAttemptCount"":1,""modelAttempts"":[{""canonicalSlug"":""typesafe-ai/jev"",""success"":false,""providerAttemptCount"":0,""providerAttempts"":[]}],""totalProviderAttemptCount"":0},""generationId"":""gen_01M362PKX2ZDGXGK7YENKCD5S6""}}}",15,"{""X-Ratelimit-Limit-Requests"":""30"",""X-Ratelimit-Limit-Tokens"":""250000"",""X-Ratelimit-Remaining-Requests"":""0"",""X-Ratelimit-Remaining-Tokens"":""181394"",""X-Ratelimit-Reset-Requests"":""15s"",""X-Ratelimit-Reset-Tokens"":""15s""}",91.80
choice/16/082/vercel,vercel,choice,16,82,2,429,false,HTTP 429,"{""error"":{""message"":""The upstream provider is currently experiencing high demand. Please retry shortly."",""type"":""rate_limit_exceeded"",""param"":{""error"":""The upstream provider is currently experiencing high demand. Please retry shortly."",""type"":""rate_limit_exceeded"",""statusCode"":429,""name"":""RateLimitExceededError"",""message"":""The upstream provider is currently experiencing high demand. Please retry shortly.""}},""providerMetadata"":{""gateway"":{""routing"":{""originalModelId"":""typesafe-ai/jev"",""resolvedProvider"":""typesafe-ai"",""fallbacksAvailable"":[],""canonicalSlug"":""typesafe-ai/jev"",""modelAttemptCount"":1,""modelAttempts"":[{""canonicalSlug"":""typesafe-ai/jev"",""success"":false,""providerAttemptCount"":0,""providerAttempts"":[]}],""totalProviderAttemptCount"":0},""generationId"":""gen_01M362PMYXCG9PWT42CNDJTDSW""}}}",14,"{""X-Ratelimit-Limit-Requests"":""30"",""X-Ratelimit-Limit-Tokens"":""250000"",""X-Ratelimit-Remaining-Requests"":""0"",""X-Ratelimit-Remaining-Tokens"":""179393"",""X-Ratelimit-Reset-Requests"":""14s"",""X-Ratelimit-Reset-Tokens"":""14s""}",151.68
choice/16/083/vercel,vercel,choice,16,83,2,429,false,HTTP 429,"{""error"":{""message"":""The upstream provider is currently experiencing high demand. Please retry shortly."",""type"":""rate_limit_exceeded"",""param"":{""error"":""The upstream provider is currently experiencing high demand. Please retry shortly."",""type"":""rate_limit_exceeded"",""statusCode"":429,""name"":""RateLimitExceededError"",""message"":""The upstream provider is currently experiencing high demand. Please retry shortly.""}},""providerMetadata"":{""gateway"":{""routing"":{""originalModelId"":""typesafe-ai/jev"",""resolvedProvider"":""typesafe-ai"",""fallbacksAvailable"":[],""canonicalSlug"":""typesafe-ai/jev"",""modelAttemptCount"":1,""modelAttempts"":[{""canonicalSlug"":""typesafe-ai/jev"",""success"":false,""providerAttemptCount"":0,""providerAttempts"":[]}],""totalProviderAttemptCount"":0},""generationId"":""gen_01M362PNY8MSNRG7MQEGE6C62F""}}}",13,"{""X-Ratelimit-Limit-Requests"":""30"",""X-Ratelimit-Limit-Tokens"":""250000"",""X-Ratelimit-Remaining-Requests"":""0"",""X-Ratelimit-Remaining-Tokens"":""182248"",""X-Ratelimit-Reset-Requests"":""13s"",""X-Ratelimit-Reset-Tokens"":""13s""}",89.00
choice/16/085/vercel,vercel,choice,16,85,2,429,false,HTTP 429,"{""error"":{""message"":""The upstream provider is currently experiencing high demand. Please retry shortly."",""type"":""rate_limit_exceeded"",""param"":{""error"":""The upstream provider is currently experiencing high demand. Please retry shortly."",""type"":""rate_limit_exceeded"",""statusCode"":429,""name"":""RateLimitExceededError"",""message"":""The upstream provider is currently experiencing high demand. Please retry shortly.""}},""providerMetadata"":{""gateway"":{""routing"":{""originalModelId"":""typesafe-ai/jev"",""resolvedProvider"":""typesafe-ai"",""fallbacksAvailable"":[],""canonicalSlug"":""typesafe-ai/jev"",""modelAttemptCount"":1,""modelAttempts"":[{""canonicalSlug"":""typesafe-ai/jev"",""success"":false,""providerAttemptCount"":0,""providerAttempts"":[]}],""totalProviderAttemptCount"":0},""generationId"":""gen_01M362PQ0YG6BHJ01FM0SK4YDZ""}}}",12,"{""X-Ratelimit-Limit-Requests"":""30"",""X-Ratelimit-Limit-Tokens"":""250000"",""X-Ratelimit-Remaining-Requests"":""0"",""X-Ratelimit-Remaining-Tokens"":""178157"",""X-Ratelimit-Reset-Requests"":""12s"",""X-Ratelimit-Reset-Tokens"":""12s""}",87.90
choice/16/086/vercel,vercel,choice,16,86,2,429,false,HTTP 429,"{""error"":{""message"":""The upstream provider is currently experiencing high demand. Please retry shortly."",""type"":""rate_limit_exceeded"",""param"":{""error"":""The upstream provider is currently experiencing high demand. Please retry shortly."",""type"":""rate_limit_exceeded"",""statusCode"":429,""name"":""RateLimitExceededError"",""message"":""The upstream provider is currently experiencing high demand. Please retry shortly.""}},""providerMetadata"":{""gateway"":{""routing"":{""originalModelId"":""typesafe-ai/jev"",""resolvedProvider"":""typesafe-ai"",""fallbacksAvailable"":[],""canonicalSlug"":""typesafe-ai/jev"",""modelAttemptCount"":1,""modelAttempts"":[{""canonicalSlug"":""typesafe-ai/jev"",""success"":false,""providerAttemptCount"":0,""providerAttempts"":[]}],""totalProviderAttemptCount"":0},""generationId"":""gen_01M362PQJ3Y032DRHTGGNEJF3C""}}}",11,"{""X-Ratelimit-Limit-Requests"":""30"",""X-Ratelimit-Limit-Tokens"":""250000"",""X-Ratelimit-Remaining-Requests"":""0"",""X-Ratelimit-Remaining-Tokens"":""178631"",""X-Ratelimit-Reset-Requests"":""11s"",""X-Ratelimit-Reset-Tokens"":""11s""}",83.24
choice/16/088/vercel,vercel,choice,16,88,2,429,false,HTTP 429,"{""error"":{""message"":""The upstream provider is currently experiencing high demand. Please retry shortly."",""type"":""rate_limit_exceeded"",""param"":{""error"":""The upstream provider is currently experiencing high demand. Please retry shortly."",""type"":""rate_limit_exceeded"",""statusCode"":429,""name"":""RateLimitExceededError"",""message"":""The upstream provider is currently experiencing high demand. Please retry shortly.""}},""providerMetadata"":{""gateway"":{""routing"":{""originalModelId"":""typesafe-ai/jev"",""resolvedProvider"":""typesafe-ai"",""fallbacksAvailable"":[],""canonicalSlug"":""typesafe-ai/jev"",""modelAttemptCount"":1,""modelAttempts"":[{""canonicalSlug"":""typesafe-ai/jev"",""success"":false,""providerAttemptCount"":0,""providerAttempts"":[]}],""totalProviderAttemptCount"":0},""generationId"":""gen_01M362PRVB0E0KWT7AGPWMEF90""}}}",10,"{""X-Ratelimit-Limit-Requests"":""30"",""X-Ratelimit-Limit-Tokens"":""250000"",""X-Ratelimit-Remaining-Requests"":""0"",""X-Ratelimit-Remaining-Tokens"":""179186"",""X-Ratelimit-Reset-Requests"":""10s"",""X-Ratelimit-Reset-Tokens"":""10s""}",91.72
choice/16/089/vercel,vercel,choice,16,89,2,429,false,HTTP 429,"{""error"":{""message"":""The upstream provider is currently experiencing high demand. Please retry shortly."",""type"":""rate_limit_exceeded"",""param"":{""error"":""The upstream provider is currently experiencing high demand. Please retry shortly."",""type"":""rate_limit_exceeded"",""statusCode"":429,""name"":""RateLimitExceededError"",""message"":""The upstream provider is currently experiencing high demand. Please retry shortly.""}},""providerMetadata"":{""gateway"":{""routing"":{""originalModelId"":""typesafe-ai/jev"",""resolvedProvider"":""typesafe-ai"",""fallbacksAvailable"":[],""canonicalSlug"":""typesafe-ai/jev"",""modelAttemptCount"":1,""modelAttempts"":[{""canonicalSlug"":""typesafe-ai/jev"",""success"":false,""providerAttemptCount"":0,""providerAttempts"":[]}],""totalProviderAttemptCount"":0},""generationId"":""gen_01M362PSQREJGZ09HKDEMCJFS0""}}}",9,"{""X-Ratelimit-Limit-Requests"":""30"",""X-Ratelimit-Limit-Tokens"":""250000"",""X-Ratelimit-Remaining-Requests"":""0"",""X-Ratelimit-Remaining-Tokens"":""180773"",""X-Ratelimit-Reset-Requests"":""9s"",""X-Ratelimit-Reset-Tokens"":""9s""}",98.13
choice/16/091/vercel,vercel,choice,16,91,2,429,false,HTTP 429,"{""error"":{""message"":""The upstream provider is currently experiencing high demand. Please retry shortly."",""type"":""rate_limit_exceeded"",""param"":{""error"":""The upstream provider is currently experiencing high demand. Please retry shortly."",""type"":""rate_limit_exceeded"",""statusCode"":429,""name"":""RateLimitExceededError"",""message"":""The upstream provider is currently experiencing high demand. Please retry shortly.""}},""providerMetadata"":{""gateway"":{""routing"":{""originalModelId"":""typesafe-ai/jev"",""resolvedProvider"":""typesafe-ai"",""fallbacksAvailable"":[],""canonicalSlug"":""typesafe-ai/jev"",""modelAttemptCount"":1,""modelAttempts"":[{""canonicalSlug"":""typesafe-ai/jev"",""success"":false,""providerAttemptCount"":0,""providerAttempts"":[]}],""totalProviderAttemptCount"":0},""generationId"":""gen_01M362PTNCM26V86NJKEB64WN0""}}}",8,"{""X-Ratelimit-Limit-Requests"":""30"",""X-Ratelimit-Limit-Tokens"":""250000"",""X-Ratelimit-Remaining-Requests"":""0"",""X-Ratelimit-Remaining-Tokens"":""180198"",""X-Ratelimit-Reset-Requests"":""8s"",""X-Ratelimit-Reset-Tokens"":""8s""}",83.67
choice/16/092/vercel,vercel,choice,16,92,2,429,false,HTTP 429,"{""error"":{""message"":""The upstream provider is currently experiencing high demand. Please retry shortly."",""type"":""rate_limit_exceeded"",""param"":{""error"":""The upstream provider is currently experiencing high demand. Please retry shortly."",""type"":""rate_limit_exceeded"",""statusCode"":429,""name"":""RateLimitExceededError"",""message"":""The upstream provider is currently experiencing high demand. Please retry shortly.""}},""providerMetadata"":{""gateway"":{""routing"":{""originalModelId"":""typesafe-ai/jev"",""resolvedProvider"":""typesafe-ai"",""fallbacksAvailable"":[],""canonicalSlug"":""typesafe-ai/jev"",""modelAttemptCount"":1,""modelAttempts"":[{""canonicalSlug"":""typesafe-ai/jev"",""success"":false,""providerAttemptCount"":0,""providerAttempts"":[]}],""totalProviderAttemptCount"":0},""generationId"":""gen_01M362PV6EC93A4CMS15SB9VGC""}}}",7,"{""X-Ratelimit-Limit-Requests"":""30"",""X-Ratelimit-Limit-Tokens"":""250000"",""X-Ratelimit-Remaining-Requests"":""0"",""X-Ratelimit-Remaining-Tokens"":""175846"",""X-Ratelimit-Reset-Requests"":""7s"",""X-Ratelimit-Reset-Tokens"":""7s""}",83.53
choice/16/093/vercel,vercel,choice,16,93,2,429,false,HTTP 429,"{""error"":{""message"":""The upstream provider is currently experiencing high demand. Please retry shortly."",""type"":""rate_limit_exceeded"",""param"":{""error"":""The upstream provider is currently experiencing high demand. Please retry shortly."",""type"":""rate_limit_exceeded"",""statusCode"":429,""name"":""RateLimitExceededError"",""message"":""The upstream provider is currently experiencing high demand. Please retry shortly.""}},""providerMetadata"":{""gateway"":{""routing"":{""originalModelId"":""typesafe-ai/jev"",""resolvedProvider"":""typesafe-ai"",""fallbacksAvailable"":[],""canonicalSlug"":""typesafe-ai/jev"",""modelAttemptCount"":1,""modelAttempts"":[{""canonicalSlug"":""typesafe-ai/jev"",""success"":false,""providerAttemptCount"":0,""providerAttempts"":[]}],""totalProviderAttemptCount"":0},""generationId"":""gen_01M362PVP5H5XYBFMWXTC8R0CM""}}}",7,"{""X-Ratelimit-Limit-Requests"":""30"",""X-Ratelimit-Limit-Tokens"":""250000"",""X-Ratelimit-Remaining-Requests"":""0"",""X-Ratelimit-Remaining-Tokens"":""175374"",""X-Ratelimit-Reset-Requests"":""7s"",""X-Ratelimit-Reset-Tokens"":""7s""}",96.45
choice/16/095/vercel,vercel,choice,16,95,2,429,false,HTTP 429,"{""error"":{""message"":""The upstream provider is currently experiencing high demand. Please retry shortly."",""type"":""rate_limit_exceeded"",""param"":{""error"":""The upstream provider is currently experiencing high demand. Please retry shortly."",""type"":""rate_limit_exceeded"",""statusCode"":429,""name"":""RateLimitExceededError"",""message"":""The upstream provider is currently experiencing high demand. Please retry shortly.""}},""providerMetadata"":{""gateway"":{""routing"":{""originalModelId"":""typesafe-ai/jev"",""resolvedProvider"":""typesafe-ai"",""fallbacksAvailable"":[],""canonicalSlug"":""typesafe-ai/jev"",""modelAttemptCount"":1,""modelAttempts"":[{""canonicalSlug"":""typesafe-ai/jev"",""success"":false,""providerAttemptCount"":0,""providerAttempts"":[]}],""totalProviderAttemptCount"":0},""generationId"":""gen_01M362PX6DBN74BWE0KRMBXK3D""}}}",5,"{""X-Ratelimit-Limit-Requests"":""30"",""X-Ratelimit-Limit-Tokens"":""250000"",""X-Ratelimit-Remaining-Requests"":""0"",""X-Ratelimit-Remaining-Tokens"":""174619"",""X-Ratelimit-Reset-Requests"":""5s"",""X-Ratelimit-Reset-Tokens"":""5s""}",85.45
choice/16/097/vercel,vercel,choice,16,97,2,429,false,HTTP 429,"{""error"":{""message"":""The upstream provider is currently experiencing high demand. Please retry shortly."",""type"":""rate_limit_exceeded"",""param"":{""error"":""The upstream provider is currently experiencing high demand. Please retry shortly."",""type"":""rate_limit_exceeded"",""statusCode"":429,""name"":""RateLimitExceededError"",""message"":""The upstream provider is currently experiencing high demand. Please retry shortly.""}},""providerMetadata"":{""gateway"":{""routing"":{""originalModelId"":""typesafe-ai/jev"",""resolvedProvider"":""typesafe-ai"",""fallbacksAvailable"":[],""canonicalSlug"":""typesafe-ai/jev"",""modelAttemptCount"":1,""modelAttempts"":[{""canonicalSlug"":""typesafe-ai/jev"",""success"":false,""providerAttemptCount"":0,""providerAttempts"":[]}],""totalProviderAttemptCount"":0},""generationId"":""gen_01M362PZ3SWKR5YR7XSNC6AG2T""}}}",3,"{""X-Ratelimit-Limit-Requests"":""30"",""X-Ratelimit-Limit-Tokens"":""250000"",""X-Ratelimit-Remaining-Requests"":""0"",""X-Ratelimit-Remaining-Tokens"":""173317"",""X-Ratelimit-Reset-Requests"":""3s"",""X-Ratelimit-Reset-Tokens"":""3s""}",102.00
choice/16/098/vercel,vercel,choice,16,98,2,429,false,HTTP 429,"{""error"":{""message"":""The upstream provider is currently experiencing high demand. Please retry shortly."",""type"":""rate_limit_exceeded"",""param"":{""error"":""The upstream provider is currently experiencing high demand. Please retry shortly."",""type"":""rate_limit_exceeded"",""statusCode"":429,""name"":""RateLimitExceededError"",""message"":""The upstream provider is currently experiencing high demand. Please retry shortly.""}},""providerMetadata"":{""gateway"":{""routing"":{""originalModelId"":""typesafe-ai/jev"",""resolvedProvider"":""typesafe-ai"",""fallbacksAvailable"":[],""canonicalSlug"":""typesafe-ai/jev"",""modelAttemptCount"":1,""modelAttempts"":[{""canonicalSlug"":""typesafe-ai/jev"",""success"":false,""providerAttemptCount"":0,""providerAttempts"":[]}],""totalProviderAttemptCount"":0},""generationId"":""gen_01M362PZE1F23JKEEFD3YD0S8F""}}}",3,"{""X-Ratelimit-Limit-Requests"":""30"",""X-Ratelimit-Limit-Tokens"":""250000"",""X-Ratelimit-Remaining-Requests"":""0"",""X-Ratelimit-Remaining-Tokens"":""173610"",""X-Ratelimit-Reset-Requests"":""3s"",""X-Ratelimit-Reset-Tokens"":""3s""}",79.45
score/16/050/vercel,vercel,score,16,50,2,429,false,HTTP 429,"{""error"":{""message"":""The upstream provider is currently experiencing high demand. Please retry shortly."",""type"":""rate_limit_exceeded"",""param"":{""error"":""The upstream provider is currently experiencing high demand. Please retry shortly."",""type"":""rate_limit_exceeded"",""statusCode"":429,""name"":""RateLimitExceededError"",""message"":""The upstream provider is currently experiencing high demand. Please retry shortly.""}},""providerMetadata"":{""gateway"":{""routing"":{""originalModelId"":""typesafe-ai/jev"",""resolvedProvider"":""typesafe-ai"",""fallbacksAvailable"":[],""canonicalSlug"":""typesafe-ai/jev"",""modelAttemptCount"":1,""modelAttempts"":[{""canonicalSlug"":""typesafe-ai/jev"",""success"":false,""providerAttemptCount"":0,""providerAttempts"":[]}],""totalProviderAttemptCount"":0},""generationId"":""gen_01M362Q18DAHMHK1WMB9M4WD5A""}}}",1,"{""X-Ratelimit-Limit-Requests"":""30"",""X-Ratelimit-Limit-Tokens"":""250000"",""X-Ratelimit-Remaining-Requests"":""0"",""X-Ratelimit-Remaining-Tokens"":""172218"",""X-Ratelimit-Reset-Requests"":""1s"",""X-Ratelimit-Reset-Tokens"":""1s""}",90.34
score/16/052/vercel,vercel,score,16,52,2,429,false,HTTP 429,"{""error"":{""message"":""The upstream provider is currently experiencing high demand. Please retry shortly."",""type"":""rate_limit_exceeded"",""param"":{""error"":""The upstream provider is currently experiencing high demand. Please retry shortly."",""type"":""rate_limit_exceeded"",""statusCode"":429,""name"":""RateLimitExceededError"",""message"":""The upstream provider is currently experiencing high demand. Please retry shortly.""}},""providerMetadata"":{""gateway"":{""routing"":{""originalModelId"":""typesafe-ai/jev"",""resolvedProvider"":""typesafe-ai"",""fallbacksAvailable"":[],""canonicalSlug"":""typesafe-ai/jev"",""modelAttemptCount"":1,""modelAttempts"":[{""canonicalSlug"":""typesafe-ai/jev"",""success"":false,""providerAttemptCount"":0,""providerAttempts"":[]}],""totalProviderAttemptCount"":0},""generationId"":""gen_01M362Q3G01DSYHTAJBGCT1QP2""}}}",59,"{""X-Ratelimit-Limit-Requests"":""30"",""X-Ratelimit-Limit-Tokens"":""250000"",""X-Ratelimit-Remaining-Requests"":""0"",""X-Ratelimit-Remaining-Tokens"":""171693"",""X-Ratelimit-Reset-Requests"":""59s"",""X-Ratelimit-Reset-Tokens"":""59s""}",105.83
score/16/054/vercel,vercel,score,16,54,2,429,false,HTTP 429,"{""error"":{""message"":""The upstream provider is currently experiencing high demand. Please retry shortly."",""type"":""rate_limit_exceeded"",""param"":{""error"":""The upstream provider is currently experiencing high demand. Please retry shortly."",""type"":""rate_limit_exceeded"",""statusCode"":429,""name"":""RateLimitExceededError"",""message"":""The upstream provider is currently experiencing high demand. Please retry shortly.""}},""providerMetadata"":{""gateway"":{""routing"":{""originalModelId"":""typesafe-ai/jev"",""resolvedProvider"":""typesafe-ai"",""fallbacksAvailable"":[],""canonicalSlug"":""typesafe-ai/jev"",""modelAttemptCount"":1,""modelAttempts"":[{""canonicalSlug"":""typesafe-ai/jev"",""success"":false,""providerAttemptCount"":0,""providerAttempts"":[]}],""totalProviderAttemptCount"":0},""generationId"":""gen_01M362Q518245VSS2XJPR57HZZ""}}}",57,"{""X-Ratelimit-Limit-Requests"":""30"",""X-Ratelimit-Limit-Tokens"":""250000"",""X-Ratelimit-Remaining-Requests"":""0"",""X-Ratelimit-Remaining-Tokens"":""170525"",""X-Ratelimit-Reset-Requests"":""57s"",""X-Ratelimit-Reset-Tokens"":""57s""}",91.96
score/16/055/vercel,vercel,score,16,55,2,429,false,HTTP 429,"{""error"":{""message"":""The upstream provider is currently experiencing high demand. Please retry shortly."",""type"":""rate_limit_exceeded"",""param"":{""error"":""The upstream provider is currently experiencing high demand. Please retry shortly."",""type"":""rate_limit_exceeded"",""statusCode"":429,""name"":""RateLimitExceededError"",""message"":""The upstream provider is currently experiencing high demand. Please retry shortly.""}},""providerMetadata"":{""gateway"":{""routing"":{""originalModelId"":""typesafe-ai/jev"",""resolvedProvider"":""typesafe-ai"",""fallbacksAvailable"":[],""canonicalSlug"":""typesafe-ai/jev"",""modelAttemptCount"":1,""modelAttempts"":[{""canonicalSlug"":""typesafe-ai/jev"",""success"":false,""providerAttemptCount"":0,""providerAttempts"":[]}],""totalProviderAttemptCount"":0},""generationId"":""gen_01M362Q5CJN1K1KQDPP9ASKFV7""}}}",57,"{""X-Ratelimit-Limit-Requests"":""30"",""X-Ratelimit-Limit-Tokens"":""250000"",""X-Ratelimit-Remaining-Requests"":""0"",""X-Ratelimit-Remaining-Tokens"":""170987"",""X-Ratelimit-Reset-Requests"":""57s"",""X-Ratelimit-Reset-Tokens"":""57s""}",132.06
score/16/057/vercel,vercel,score,16,57,2,429,false,HTTP 429,"{""error"":{""message"":""The upstream provider is currently experiencing high demand. Please retry shortly."",""type"":""rate_limit_exceeded"",""param"":{""error"":""The upstream provider is currently experiencing high demand. Please retry shortly."",""type"":""rate_limit_exceeded"",""statusCode"":429,""name"":""RateLimitExceededError"",""message"":""The upstream provider is currently experiencing high demand. Please retry shortly.""}},""providerMetadata"":{""gateway"":{""routing"":{""originalModelId"":""typesafe-ai/jev"",""resolvedProvider"":""typesafe-ai"",""fallbacksAvailable"":[],""canonicalSlug"":""typesafe-ai/jev"",""modelAttemptCount"":1,""modelAttempts"":[{""canonicalSlug"":""typesafe-ai/jev"",""success"":false,""providerAttemptCount"":0,""providerAttempts"":[]}],""totalProviderAttemptCount"":0},""generationId"":""gen_01M362Q7J948MM5H1JZ27E1X35""}}}",55,"{""X-Ratelimit-Limit-Requests"":""30"",""X-Ratelimit-Limit-Tokens"":""250000"",""X-Ratelimit-Remaining-Requests"":""0"",""X-Ratelimit-Remaining-Tokens"":""170672"",""X-Ratelimit-Reset-Requests"":""55s"",""X-Ratelimit-Reset-Tokens"":""55s""}",100.82
score/16/059/vercel,vercel,score,16,59,2,429,false,HTTP 429,"{""error"":{""message"":""The upstream provider is currently experiencing high demand. Please retry shortly."",""type"":""rate_limit_exceeded"",""param"":{""error"":""The upstream provider is currently experiencing high demand. Please retry shortly."",""type"":""rate_limit_exceeded"",""statusCode"":429,""name"":""RateLimitExceededError"",""message"":""The upstream provider is currently experiencing high demand. Please retry shortly.""}},""providerMetadata"":{""gateway"":{""routing"":{""originalModelId"":""typesafe-ai/jev"",""resolvedProvider"":""typesafe-ai"",""fallbacksAvailable"":[],""canonicalSlug"":""typesafe-ai/jev"",""modelAttemptCount"":1,""modelAttempts"":[{""canonicalSlug"":""typesafe-ai/jev"",""success"":false,""providerAttemptCount"":0,""providerAttempts"":[]}],""totalProviderAttemptCount"":0},""generationId"":""gen_01M362Q9BTE14ER118N38TSDP0""}}}",53,"{""X-Ratelimit-Limit-Requests"":""30"",""X-Ratelimit-Limit-Tokens"":""250000"",""X-Ratelimit-Remaining-Requests"":""0"",""X-Ratelimit-Remaining-Tokens"":""169839"",""X-Ratelimit-Reset-Requests"":""53s"",""X-Ratelimit-Reset-Tokens"":""53s""}",101.12
score/16/061/vercel,vercel,score,16,61,2,429,false,HTTP 429,"{""error"":{""message"":""The upstream provider is currently experiencing high demand. Please retry shortly."",""type"":""rate_limit_exceeded"",""param"":{""error"":""The upstream provider is currently experiencing high demand. Please retry shortly."",""type"":""rate_limit_exceeded"",""statusCode"":429,""name"":""RateLimitExceededError"",""message"":""The upstream provider is currently experiencing high demand. Please retry shortly.""}},""providerMetadata"":{""gateway"":{""routing"":{""originalModelId"":""typesafe-ai/jev"",""resolvedProvider"":""typesafe-ai"",""fallbacksAvailable"":[],""canonicalSlug"":""typesafe-ai/jev"",""modelAttemptCount"":1,""modelAttempts"":[{""canonicalSlug"":""typesafe-ai/jev"",""success"":false,""providerAttemptCount"":0,""providerAttempts"":[]}],""totalProviderAttemptCount"":0},""generationId"":""gen_01M362QAHPTMJ0X2ZTRN2JT63H""}}}",52,"{""X-Ratelimit-Limit-Requests"":""30"",""X-Ratelimit-Limit-Tokens"":""250000"",""X-Ratelimit-Remaining-Requests"":""0"",""X-Ratelimit-Remaining-Tokens"":""170672"",""X-Ratelimit-Reset-Requests"":""52s"",""X-Ratelimit-Reset-Tokens"":""52s""}",99.58
score/16/062/vercel,vercel,score,16,62,2,429,false,HTTP 429,"{""error"":{""message"":""The upstream provider is currently experiencing high demand. Please retry shortly."",""type"":""rate_limit_exceeded"",""param"":{""error"":""The upstream provider is currently experiencing high demand. Please retry shortly."",""type"":""rate_limit_exceeded"",""statusCode"":429,""name"":""RateLimitExceededError"",""message"":""The upstream provider is currently experiencing high demand. Please retry shortly.""}},""providerMetadata"":{""gateway"":{""routing"":{""originalModelId"":""typesafe-ai/jev"",""resolvedProvider"":""typesafe-ai"",""fallbacksAvailable"":[],""canonicalSlug"":""typesafe-ai/jev"",""modelAttemptCount"":1,""modelAttempts"":[{""canonicalSlug"":""typesafe-ai/jev"",""success"":false,""providerAttemptCount"":0,""providerAttempts"":[]}],""totalProviderAttemptCount"":0},""generationId"":""gen_01M362QB6EN2TQXMTAMMC2CW5W""}}}",51,"{""X-Ratelimit-Limit-Requests"":""30"",""X-Ratelimit-Limit-Tokens"":""250000"",""X-Ratelimit-Remaining-Requests"":""0"",""X-Ratelimit-Remaining-Tokens"":""169070"",""X-Ratelimit-Reset-Requests"":""51s"",""X-Ratelimit-Reset-Tokens"":""51s""}",108.20
score/16/064/vercel,vercel,score,16,64,2,429,false,HTTP 429,"{""error"":{""message"":""The upstream provider is currently experiencing high demand. Please retry shortly."",""type"":""rate_limit_exceeded"",""param"":{""error"":""The upstream provider is currently experiencing high demand. Please retry shortly."",""type"":""rate_limit_exceeded"",""statusCode"":429,""name"":""RateLimitExceededError"",""message"":""The upstream provider is currently experiencing high demand. Please retry shortly.""}},""providerMetadata"":{""gateway"":{""routing"":{""originalModelId"":""typesafe-ai/jev"",""resolvedProvider"":""typesafe-ai"",""fallbacksAvailable"":[],""canonicalSlug"":""typesafe-ai/jev"",""modelAttemptCount"":1,""modelAttempts"":[{""canonicalSlug"":""typesafe-ai/jev"",""success"":false,""providerAttemptCount"":0,""providerAttempts"":[]}],""totalProviderAttemptCount"":0},""generationId"":""gen_01M362QDA9TJ2M28PRP2ZH43A5""}}}",49,"{""X-Ratelimit-Limit-Requests"":""30"",""X-Ratelimit-Limit-Tokens"":""250000"",""X-Ratelimit-Remaining-Requests"":""0"",""X-Ratelimit-Remaining-Tokens"":""170927"",""X-Ratelimit-Reset-Requests"":""49s"",""X-Ratelimit-Reset-Tokens"":""49s""}",209.89
score/16/066/vercel,vercel,score,16,66,2,429,false,HTTP 429,"{""error"":{""message"":""The upstream provider is currently experiencing high demand. Please retry shortly."",""type"":""rate_limit_exceeded"",""param"":{""error"":""The upstream provider is currently experiencing high demand. Please retry shortly."",""type"":""rate_limit_exceeded"",""statusCode"":429,""name"":""RateLimitExceededError"",""message"":""The upstream provider is currently experiencing high demand. Please retry shortly.""}},""providerMetadata"":{""gateway"":{""routing"":{""originalModelId"":""typesafe-ai/jev"",""resolvedProvider"":""typesafe-ai"",""fallbacksAvailable"":[],""canonicalSlug"":""typesafe-ai/jev"",""modelAttemptCount"":1,""modelAttempts"":[{""canonicalSlug"":""typesafe-ai/jev"",""success"":false,""providerAttemptCount"":0,""providerAttempts"":[]}],""totalProviderAttemptCount"":0},""generationId"":""gen_01M362QFARNG8GYKHVCMPP3677""}}}",47,"{""X-Ratelimit-Limit-Requests"":""30"",""X-Ratelimit-Limit-Tokens"":""250000"",""X-Ratelimit-Remaining-Requests"":""0"",""X-Ratelimit-Remaining-Tokens"":""169070"",""X-Ratelimit-Reset-Requests"":""47s"",""X-Ratelimit-Reset-Tokens"":""47s""}",80.36
score/16/068/vercel,vercel,score,16,68,2,429,false,HTTP 429,"{""error"":{""message"":""The upstream provider is currently experiencing high demand. Please retry shortly."",""type"":""rate_limit_exceeded"",""param"":{""error"":""The upstream provider is currently experiencing high demand. Please retry shortly."",""type"":""rate_limit_exceeded"",""statusCode"":429,""name"":""RateLimitExceededError"",""message"":""The upstream provider is currently experiencing high demand. Please retry shortly.""}},""providerMetadata"":{""gateway"":{""routing"":{""originalModelId"":""typesafe-ai/jev"",""resolvedProvider"":""typesafe-ai"",""fallbacksAvailable"":[],""canonicalSlug"":""typesafe-ai/jev"",""modelAttemptCount"":1,""modelAttempts"":[{""canonicalSlug"":""typesafe-ai/jev"",""success"":false,""providerAttemptCount"":0,""providerAttempts"":[]}],""totalProviderAttemptCount"":0},""generationId"":""gen_01M362QHG28V73ACFMM4ER6F31""}}}",45,"{""X-Ratelimit-Limit-Requests"":""30"",""X-Ratelimit-Limit-Tokens"":""250000"",""X-Ratelimit-Remaining-Requests"":""0"",""X-Ratelimit-Remaining-Tokens"":""168102"",""X-Ratelimit-Reset-Requests"":""45s"",""X-Ratelimit-Reset-Tokens"":""45s""}",86.20
score/16/070/vercel,vercel,score,16,70,2,429,false,HTTP 429,"{""error"":{""message"":""The upstream provider is currently experiencing high demand. Please retry shortly."",""type"":""rate_limit_exceeded"",""param"":{""error"":""The upstream provider is currently experiencing high demand. Please retry shortly."",""type"":""rate_limit_exceeded"",""statusCode"":429,""name"":""RateLimitExceededError"",""message"":""The upstream provider is currently experiencing high demand. Please retry shortly.""}},""providerMetadata"":{""gateway"":{""routing"":{""originalModelId"":""typesafe-ai/jev"",""resolvedProvider"":""typesafe-ai"",""fallbacksAvailable"":[],""canonicalSlug"":""typesafe-ai/jev"",""modelAttemptCount"":1,""modelAttempts"":[{""canonicalSlug"":""typesafe-ai/jev"",""success"":false,""providerAttemptCount"":0,""providerAttempts"":[]}],""totalProviderAttemptCount"":0},""generationId"":""gen_01M362QJPHWZGF971PA6RYKQB6""}}}",43,"{""X-Ratelimit-Limit-Requests"":""30"",""X-Ratelimit-Limit-Tokens"":""250000"",""X-Ratelimit-Remaining-Requests"":""0"",""X-Ratelimit-Remaining-Tokens"":""166149"",""X-Ratelimit-Reset-Requests"":""43s"",""X-Ratelimit-Reset-Tokens"":""43s""}",86.19
score/16/071/vercel,vercel,score,16,71,2,429,false,HTTP 429,"{""error"":{""message"":""The upstream provider is currently experiencing high demand. Please retry shortly."",""type"":""rate_limit_exceeded"",""param"":{""error"":""The upstream provider is currently experiencing high demand. Please retry shortly."",""type"":""rate_limit_exceeded"",""statusCode"":429,""name"":""RateLimitExceededError"",""message"":""The upstream provider is currently experiencing high demand. Please retry shortly.""}},""providerMetadata"":{""gateway"":{""routing"":{""originalModelId"":""typesafe-ai/jev"",""resolvedProvider"":""typesafe-ai"",""fallbacksAvailable"":[],""canonicalSlug"":""typesafe-ai/jev"",""modelAttemptCount"":1,""modelAttempts"":[{""canonicalSlug"":""typesafe-ai/jev"",""success"":false,""providerAttemptCount"":0,""providerAttempts"":[]}],""totalProviderAttemptCount"":0},""generationId"":""gen_01M362QK8VH1Q4XZBHRC9QJG2R""}}}",43,"{""X-Ratelimit-Limit-Requests"":""30"",""X-Ratelimit-Limit-Tokens"":""250000"",""X-Ratelimit-Remaining-Requests"":""0"",""X-Ratelimit-Remaining-Tokens"":""169021"",""X-Ratelimit-Reset-Requests"":""43s"",""X-Ratelimit-Reset-Tokens"":""43s""}",120.43
score/16/073/vercel,vercel,score,16,73,2,429,false,HTTP 429,"{""error"":{""message"":""The upstream provider is currently experiencing high demand. Please retry shortly."",""type"":""rate_limit_exceeded"",""param"":{""error"":""The upstream provider is currently experiencing high demand. Please retry shortly."",""type"":""rate_limit_exceeded"",""statusCode"":429,""name"":""RateLimitExceededError"",""message"":""The upstream provider is currently experiencing high demand. Please retry shortly.""}},""providerMetadata"":{""gateway"":{""routing"":{""originalModelId"":""typesafe-ai/jev"",""resolvedProvider"":""typesafe-ai"",""fallbacksAvailable"":[],""canonicalSlug"":""typesafe-ai/jev"",""modelAttemptCount"":1,""modelAttempts"":[{""canonicalSlug"":""typesafe-ai/jev"",""success"":false,""providerAttemptCount"":0,""providerAttempts"":[]}],""totalProviderAttemptCount"":0},""generationId"":""gen_01M362QN16TAWCRFS05TK9Q9G5""}}}",41,"{""X-Ratelimit-Limit-Requests"":""30"",""X-Ratelimit-Limit-Tokens"":""250000"",""X-Ratelimit-Remaining-Requests"":""0"",""X-Ratelimit-Remaining-Tokens"":""166041"",""X-Ratelimit-Reset-Requests"":""41s"",""X-Ratelimit-Reset-Tokens"":""41s""}",106.81
score/16/074/vercel,vercel,score,16,74,2,503,false,HTTP 503,"{""error"":{""message"":""Service temporarily unavailable. Please try again shortly."",""type"":""service_unavailable_error"",""param"":{""error"":""Service temporarily unavailable. Please try again shortly."",""type"":""service_unavailable_error"",""statusCode"":503}},""providerMetadata"":{""gateway"":{""routing"":{""originalModelId"":""typesafe-ai/jev"",""resolvedProvider"":""typesafe-ai"",""fallbacksAvailable"":[],""canonicalSlug"":""typesafe-ai/jev"",""modelAttemptCount"":1,""modelAttempts"":[{""canonicalSlug"":""typesafe-ai/jev"",""success"":false,""providerAttemptCount"":1,""providerAttempts"":[{""provider"":""typesafe-ai"",""credentialType"":""system"",""success"":false,""error"":""Service temporarily unavailable"",""startTime"":1790131820940,""endTime"":1790131821047,""statusCode"":503}]}],""totalProviderAttemptCount"":1},""generationId"":""gen_01M362QPBR56KQ3S8SR61166KW""}}}",,null,192.20
score/16/075/vercel,vercel,score,16,75,2,429,false,HTTP 429,"{""error"":{""message"":""The upstream provider is currently experiencing high demand. Please retry shortly."",""type"":""rate_limit_exceeded"",""param"":{""error"":""The upstream provider is currently experiencing high demand. Please retry shortly."",""type"":""rate_limit_exceeded"",""statusCode"":429,""name"":""RateLimitExceededError"",""message"":""The upstream provider is currently experiencing high demand. Please retry shortly.""}},""providerMetadata"":{""gateway"":{""routing"":{""originalModelId"":""typesafe-ai/jev"",""resolvedProvider"":""typesafe-ai"",""fallbacksAvailable"":[],""canonicalSlug"":""typesafe-ai/jev"",""modelAttemptCount"":1,""modelAttempts"":[{""canonicalSlug"":""typesafe-ai/jev"",""success"":false,""providerAttemptCount"":0,""providerAttempts"":[]}],""totalProviderAttemptCount"":0},""generationId"":""gen_01M362QQ1RRQ7M75BGEB2ME86P""}}}",39,"{""X-Ratelimit-Limit-Requests"":""30"",""X-Ratelimit-Limit-Tokens"":""250000"",""X-Ratelimit-Remaining-Requests"":""0"",""X-Ratelimit-Remaining-Tokens"":""168698"",""X-Ratelimit-Reset-Requests"":""39s"",""X-Ratelimit-Reset-Tokens"":""39s""}",123.07
score/16/076/vercel,vercel,score,16,76,2,429,false,HTTP 429,"{""error"":{""message"":""The upstream provider is currently experiencing high demand. Please retry shortly."",""type"":""rate_limit_exceeded"",""param"":{""error"":""The upstream provider is currently experiencing high demand. Please retry shortly."",""type"":""rate_limit_exceeded"",""statusCode"":429,""name"":""RateLimitExceededError"",""message"":""The upstream provider is currently experiencing high demand. Please retry shortly.""}},""providerMetadata"":{""gateway"":{""routing"":{""originalModelId"":""typesafe-ai/jev"",""resolvedProvider"":""typesafe-ai"",""fallbacksAvailable"":[],""canonicalSlug"":""typesafe-ai/jev"",""modelAttemptCount"":1,""modelAttempts"":[{""canonicalSlug"":""typesafe-ai/jev"",""success"":false,""providerAttemptCount"":0,""providerAttempts"":[]}],""totalProviderAttemptCount"":0},""generationId"":""gen_01M362QQBZJ3WKT10FBTDRS57S""}}}",39,"{""X-Ratelimit-Limit-Requests"":""30"",""X-Ratelimit-Limit-Tokens"":""250000"",""X-Ratelimit-Remaining-Requests"":""0"",""X-Ratelimit-Remaining-Tokens"":""166149"",""X-Ratelimit-Reset-Requests"":""39s"",""X-Ratelimit-Reset-Tokens"":""39s""}",84.21
score/16/079/vercel,vercel,score,16,79,2,429,false,HTTP 429,"{""error"":{""message"":""The upstream provider is currently experiencing high demand. Please retry shortly."",""type"":""rate_limit_exceeded"",""param"":{""error"":""The upstream provider is currently experiencing high demand. Please retry shortly."",""type"":""rate_limit_exceeded"",""statusCode"":429,""name"":""RateLimitExceededError"",""message"":""The upstream provider is currently experiencing high demand. Please retry shortly.""}},""providerMetadata"":{""gateway"":{""routing"":{""originalModelId"":""typesafe-ai/jev"",""resolvedProvider"":""typesafe-ai"",""fallbacksAvailable"":[],""canonicalSlug"":""typesafe-ai/jev"",""modelAttemptCount"":1,""modelAttempts"":[{""canonicalSlug"":""typesafe-ai/jev"",""success"":false,""providerAttemptCount"":0,""providerAttempts"":[]}],""totalProviderAttemptCount"":0},""generationId"":""gen_01M362QT2S1JFAYAFYXTYWYJ4S""}}}",36,"{""X-Ratelimit-Limit-Requests"":""30"",""X-Ratelimit-Limit-Tokens"":""250000"",""X-Ratelimit-Remaining-Requests"":""0"",""X-Ratelimit-Remaining-Tokens"":""168698"",""X-Ratelimit-Reset-Requests"":""36s"",""X-Ratelimit-Reset-Tokens"":""36s""}",88.47
score/16/080/vercel,vercel,score,16,80,2,429,false,HTTP 429,"{""error"":{""message"":""The upstream provider is currently experiencing high demand. Please retry shortly."",""type"":""rate_limit_exceeded"",""param"":{""error"":""The upstream provider is currently experiencing high demand. Please retry shortly."",""type"":""rate_limit_exceeded"",""statusCode"":429,""name"":""RateLimitExceededError"",""message"":""The upstream provider is currently experiencing high demand. Please retry shortly.""}},""providerMetadata"":{""gateway"":{""routing"":{""originalModelId"":""typesafe-ai/jev"",""resolvedProvider"":""typesafe-ai"",""fallbacksAvailable"":[],""canonicalSlug"":""typesafe-ai/jev"",""modelAttemptCount"":1,""modelAttempts"":[{""canonicalSlug"":""typesafe-ai/jev"",""success"":false,""providerAttemptCount"":0,""providerAttempts"":[]}],""totalProviderAttemptCount"":0},""generationId"":""gen_01M362QV8VCWKH0PET9QMX7V70""}}}",35,"{""X-Ratelimit-Limit-Requests"":""30"",""X-Ratelimit-Limit-Tokens"":""250000"",""X-Ratelimit-Remaining-Requests"":""0"",""X-Ratelimit-Remaining-Tokens"":""167856"",""X-Ratelimit-Reset-Requests"":""35s"",""X-Ratelimit-Reset-Tokens"":""35s""}",82.18
score/16/082/vercel,vercel,score,16,82,2,429,false,HTTP 429,"{""error"":{""message"":""The upstream provider is currently experiencing high demand. Please retry shortly."",""type"":""rate_limit_exceeded"",""param"":{""error"":""The upstream provider is currently experiencing high demand. Please retry shortly."",""type"":""rate_limit_exceeded"",""statusCode"":429,""name"":""RateLimitExceededError"",""message"":""The upstream provider is currently experiencing high demand. Please retry shortly.""}},""providerMetadata"":{""gateway"":{""routing"":{""originalModelId"":""typesafe-ai/jev"",""resolvedProvider"":""typesafe-ai"",""fallbacksAvailable"":[],""canonicalSlug"":""typesafe-ai/jev"",""modelAttemptCount"":1,""modelAttempts"":[{""canonicalSlug"":""typesafe-ai/jev"",""success"":false,""providerAttemptCount"":0,""providerAttempts"":[]}],""totalProviderAttemptCount"":0},""generationId"":""gen_01M362QWC6E83VPBDDJK6XMA0M""}}}",33,"{""X-Ratelimit-Limit-Requests"":""30"",""X-Ratelimit-Limit-Tokens"":""250000"",""X-Ratelimit-Remaining-Requests"":""0"",""X-Ratelimit-Remaining-Tokens"":""168590"",""X-Ratelimit-Reset-Requests"":""33s"",""X-Ratelimit-Reset-Tokens"":""33s""}",79.49
score/16/083/vercel,vercel,score,16,83,2,429,false,HTTP 429,"{""error"":{""message"":""The upstream provider is currently experiencing high demand. Please retry shortly."",""type"":""rate_limit_exceeded"",""param"":{""error"":""The upstream provider is currently experiencing high demand. Please retry shortly."",""type"":""rate_limit_exceeded"",""statusCode"":429,""name"":""RateLimitExceededError"",""message"":""The upstream provider is currently experiencing high demand. Please retry shortly.""}},""providerMetadata"":{""gateway"":{""routing"":{""originalModelId"":""typesafe-ai/jev"",""resolvedProvider"":""typesafe-ai"",""fallbacksAvailable"":[],""canonicalSlug"":""typesafe-ai/jev"",""modelAttemptCount"":1,""modelAttempts"":[{""canonicalSlug"":""typesafe-ai/jev"",""success"":false,""providerAttemptCount"":0,""providerAttempts"":[]}],""totalProviderAttemptCount"":0},""generationId"":""gen_01M362QWZFNKZV3P9XMTVAXNTD""}}}",33,"{""X-Ratelimit-Limit-Requests"":""30"",""X-Ratelimit-Limit-Tokens"":""250000"",""X-Ratelimit-Remaining-Requests"":""0"",""X-Ratelimit-Remaining-Tokens"":""166920"",""X-Ratelimit-Reset-Requests"":""33s"",""X-Ratelimit-Reset-Tokens"":""33s""}",95.64
score/16/085/vercel,vercel,score,16,85,2,429,false,HTTP 429,"{""error"":{""message"":""The upstream provider is currently experiencing high demand. Please retry shortly."",""type"":""rate_limit_exceeded"",""param"":{""error"":""The upstream provider is currently experiencing high demand. Please retry shortly."",""type"":""rate_limit_exceeded"",""statusCode"":429,""name"":""RateLimitExceededError"",""message"":""The upstream provider is currently experiencing high demand. Please retry shortly.""}},""providerMetadata"":{""gateway"":{""routing"":{""originalModelId"":""typesafe-ai/jev"",""resolvedProvider"":""typesafe-ai"",""fallbacksAvailable"":[],""canonicalSlug"":""typesafe-ai/jev"",""modelAttemptCount"":1,""modelAttempts"":[{""canonicalSlug"":""typesafe-ai/jev"",""success"":false,""providerAttemptCount"":0,""providerAttempts"":[]}],""totalProviderAttemptCount"":0},""generationId"":""gen_01M362QYNDMYP96VD6TYAPNKNC""}}}",31,"{""X-Ratelimit-Limit-Requests"":""30"",""X-Ratelimit-Limit-Tokens"":""250000"",""X-Ratelimit-Remaining-Requests"":""0"",""X-Ratelimit-Remaining-Tokens"":""166920"",""X-Ratelimit-Reset-Requests"":""31s"",""X-Ratelimit-Reset-Tokens"":""31s""}",109.26
score/16/086/vercel,vercel,score,16,86,2,429,false,HTTP 429,"{""error"":{""message"":""The upstream provider is currently experiencing high demand. Please retry shortly."",""type"":""rate_limit_exceeded"",""param"":{""error"":""The upstream provider is currently experiencing high demand. Please retry shortly."",""type"":""rate_limit_exceeded"",""statusCode"":429,""name"":""RateLimitExceededError"",""message"":""The upstream provider is currently experiencing high demand. Please retry shortly.""}},""providerMetadata"":{""gateway"":{""routing"":{""originalModelId"":""typesafe-ai/jev"",""resolvedProvider"":""typesafe-ai"",""fallbacksAvailable"":[],""canonicalSlug"":""typesafe-ai/jev"",""modelAttemptCount"":1,""modelAttempts"":[{""canonicalSlug"":""typesafe-ai/jev"",""success"":false,""providerAttemptCount"":0,""providerAttempts"":[]}],""totalProviderAttemptCount"":0},""generationId"":""gen_01M362QZ0HFME19AX7XK6W1E3D""}}}",31,"{""X-Ratelimit-Limit-Requests"":""30"",""X-Ratelimit-Limit-Tokens"":""250000"",""X-Ratelimit-Remaining-Requests"":""0"",""X-Ratelimit-Remaining-Tokens"":""166392"",""X-Ratelimit-Reset-Requests"":""31s"",""X-Ratelimit-Reset-Tokens"":""31s""}",103.46
score/16/088/vercel,vercel,score,16,88,2,429,false,HTTP 429,"{""error"":{""message"":""The upstream provider is currently experiencing high demand. Please retry shortly."",""type"":""rate_limit_exceeded"",""param"":{""error"":""The upstream provider is currently experiencing high demand. Please retry shortly."",""type"":""rate_limit_exceeded"",""statusCode"":429,""name"":""RateLimitExceededError"",""message"":""The upstream provider is currently experiencing high demand. Please retry shortly.""}},""providerMetadata"":{""gateway"":{""routing"":{""originalModelId"":""typesafe-ai/jev"",""resolvedProvider"":""typesafe-ai"",""fallbacksAvailable"":[],""canonicalSlug"":""typesafe-ai/jev"",""modelAttemptCount"":1,""modelAttempts"":[{""canonicalSlug"":""typesafe-ai/jev"",""success"":false,""providerAttemptCount"":0,""providerAttempts"":[]}],""totalProviderAttemptCount"":0},""generationId"":""gen_01M362R0VBS55X3FGX5VK0HSWZ""}}}",29,"{""X-Ratelimit-Limit-Requests"":""30"",""X-Ratelimit-Limit-Tokens"":""250000"",""X-Ratelimit-Remaining-Requests"":""0"",""X-Ratelimit-Remaining-Tokens"":""165619"",""X-Ratelimit-Reset-Requests"":""29s"",""X-Ratelimit-Reset-Tokens"":""29s""}",165.78
score/16/090/vercel,vercel,score,16,90,2,429,false,HTTP 429,"{""error"":{""message"":""The upstream provider is currently experiencing high demand. Please retry shortly."",""type"":""rate_limit_exceeded"",""param"":{""error"":""The upstream provider is currently experiencing high demand. Please retry shortly."",""type"":""rate_limit_exceeded"",""statusCode"":429,""name"":""RateLimitExceededError"",""message"":""The upstream provider is currently experiencing high demand. Please retry shortly.""}},""providerMetadata"":{""gateway"":{""routing"":{""originalModelId"":""typesafe-ai/jev"",""resolvedProvider"":""typesafe-ai"",""fallbacksAvailable"":[],""canonicalSlug"":""typesafe-ai/jev"",""modelAttemptCount"":1,""modelAttempts"":[{""canonicalSlug"":""typesafe-ai/jev"",""success"":false,""providerAttemptCount"":0,""providerAttempts"":[]}],""totalProviderAttemptCount"":0},""generationId"":""gen_01M362R26R0NRVMD5BPDQK07VM""}}}",27,"{""X-Ratelimit-Limit-Requests"":""30"",""X-Ratelimit-Limit-Tokens"":""250000"",""X-Ratelimit-Remaining-Requests"":""0"",""X-Ratelimit-Remaining-Tokens"":""164217"",""X-Ratelimit-Reset-Requests"":""27s"",""X-Ratelimit-Reset-Tokens"":""27s""}",86.96
score/16/092/vercel,vercel,score,16,92,2,429,false,HTTP 429,"{""error"":{""message"":""The upstream provider is currently experiencing high demand. Please retry shortly."",""type"":""rate_limit_exceeded"",""param"":{""error"":""The upstream provider is currently experiencing high demand. Please retry shortly."",""type"":""rate_limit_exceeded"",""statusCode"":429,""name"":""RateLimitExceededError"",""message"":""The upstream provider is currently experiencing high demand. Please retry shortly.""}},""providerMetadata"":{""gateway"":{""routing"":{""originalModelId"":""typesafe-ai/jev"",""resolvedProvider"":""typesafe-ai"",""fallbacksAvailable"":[],""canonicalSlug"":""typesafe-ai/jev"",""modelAttemptCount"":1,""modelAttempts"":[{""canonicalSlug"":""typesafe-ai/jev"",""success"":false,""providerAttemptCount"":0,""providerAttempts"":[]}],""totalProviderAttemptCount"":0},""generationId"":""gen_01M362R3MY4RDRFB3HW7DJ62WZ""}}}",26,"{""X-Ratelimit-Limit-Requests"":""30"",""X-Ratelimit-Limit-Tokens"":""250000"",""X-Ratelimit-Remaining-Requests"":""0"",""X-Ratelimit-Remaining-Tokens"":""165619"",""X-Ratelimit-Reset-Requests"":""26s"",""X-Ratelimit-Reset-Tokens"":""26s""}",103.54
score/16/093/vercel,vercel,score,16,93,2,429,false,HTTP 429,"{""error"":{""message"":""The upstream provider is currently experiencing high demand. Please retry shortly."",""type"":""rate_limit_exceeded"",""param"":{""error"":""The upstream provider is currently experiencing high demand. Please retry shortly."",""type"":""rate_limit_exceeded"",""statusCode"":429,""name"":""RateLimitExceededError"",""message"":""The upstream provider is currently experiencing high demand. Please retry shortly.""}},""providerMetadata"":{""gateway"":{""routing"":{""originalModelId"":""typesafe-ai/jev"",""resolvedProvider"":""typesafe-ai"",""fallbacksAvailable"":[],""canonicalSlug"":""typesafe-ai/jev"",""modelAttemptCount"":1,""modelAttempts"":[{""canonicalSlug"":""typesafe-ai/jev"",""success"":false,""providerAttemptCount"":0,""providerAttempts"":[]}],""totalProviderAttemptCount"":0},""generationId"":""gen_01M362R462B3T84FZVTZE3YK23""}}}",25,"{""X-Ratelimit-Limit-Requests"":""30"",""X-Ratelimit-Limit-Tokens"":""250000"",""X-Ratelimit-Remaining-Requests"":""0"",""X-Ratelimit-Remaining-Tokens"":""163618"",""X-Ratelimit-Reset-Requests"":""25s"",""X-Ratelimit-Reset-Tokens"":""25s""}",80.25
score/16/094/vercel,vercel,score,16,94,2,429,false,HTTP 429,"{""error"":{""message"":""The upstream provider is currently experiencing high demand. Please retry shortly."",""type"":""rate_limit_exceeded"",""param"":{""error"":""The upstream provider is currently experiencing high demand. Please retry shortly."",""type"":""rate_limit_exceeded"",""statusCode"":429,""name"":""RateLimitExceededError"",""message"":""The upstream provider is currently experiencing high demand. Please retry shortly.""}},""providerMetadata"":{""gateway"":{""routing"":{""originalModelId"":""typesafe-ai/jev"",""resolvedProvider"":""typesafe-ai"",""fallbacksAvailable"":[],""canonicalSlug"":""typesafe-ai/jev"",""modelAttemptCount"":1,""modelAttempts"":[{""canonicalSlug"":""typesafe-ai/jev"",""success"":false,""providerAttemptCount"":0,""providerAttempts"":[]}],""totalProviderAttemptCount"":0},""generationId"":""gen_01M362R4TKG6T70GA8MWFFTFWT""}}}",25,"{""X-Ratelimit-Limit-Requests"":""30"",""X-Ratelimit-Limit-Tokens"":""250000"",""X-Ratelimit-Remaining-Requests"":""0"",""X-Ratelimit-Remaining-Tokens"":""167798"",""X-Ratelimit-Reset-Requests"":""25s"",""X-Ratelimit-Reset-Tokens"":""25s""}",99.89
score/16/096/vercel,vercel,score,16,96,2,429,false,HTTP 429,"{""error"":{""message"":""The upstream provider is currently experiencing high demand. Please retry shortly."",""type"":""rate_limit_exceeded"",""param"":{""error"":""The upstream provider is currently experiencing high demand. Please retry shortly."",""type"":""rate_limit_exceeded"",""statusCode"":429,""name"":""RateLimitExceededError"",""message"":""The upstream provider is currently experiencing high demand. Please retry shortly.""}},""providerMetadata"":{""gateway"":{""routing"":{""originalModelId"":""typesafe-ai/jev"",""resolvedProvider"":""typesafe-ai"",""fallbacksAvailable"":[],""canonicalSlug"":""typesafe-ai/jev"",""modelAttemptCount"":1,""modelAttempts"":[{""canonicalSlug"":""typesafe-ai/jev"",""success"":false,""providerAttemptCount"":0,""providerAttempts"":[]}],""totalProviderAttemptCount"":0},""generationId"":""gen_01M362R6HYE0H1MZ296TG4QKTF""}}}",23,"{""X-Ratelimit-Limit-Requests"":""30"",""X-Ratelimit-Limit-Tokens"":""250000"",""X-Ratelimit-Remaining-Requests"":""0"",""X-Ratelimit-Remaining-Tokens"":""163618"",""X-Ratelimit-Reset-Requests"":""23s"",""X-Ratelimit-Reset-Tokens"":""23s""}",83.11
score/16/097/vercel,vercel,score,16,97,2,429,false,HTTP 429,"{""error"":{""message"":""The upstream provider is currently experiencing high demand. Please retry shortly."",""type"":""rate_limit_exceeded"",""param"":{""error"":""The upstream provider is currently experiencing high demand. Please retry shortly."",""type"":""rate_limit_exceeded"",""statusCode"":429,""name"":""RateLimitExceededError"",""message"":""The upstream provider is currently experiencing high demand. Please retry shortly.""}},""providerMetadata"":{""gateway"":{""routing"":{""originalModelId"":""typesafe-ai/jev"",""resolvedProvider"":""typesafe-ai"",""fallbacksAvailable"":[],""canonicalSlug"":""typesafe-ai/jev"",""modelAttemptCount"":1,""modelAttempts"":[{""canonicalSlug"":""typesafe-ai/jev"",""success"":false,""providerAttemptCount"":0,""providerAttempts"":[]}],""totalProviderAttemptCount"":0},""generationId"":""gen_01M362R6V59W19JQPPMFBW8DTH""}}}",23,"{""X-Ratelimit-Limit-Requests"":""30"",""X-Ratelimit-Limit-Tokens"":""250000"",""X-Ratelimit-Remaining-Requests"":""0"",""X-Ratelimit-Remaining-Tokens"":""163931"",""X-Ratelimit-Reset-Requests"":""23s"",""X-Ratelimit-Reset-Tokens"":""23s""}",86.52
score/16/099/vercel,vercel,score,16,99,2,429,false,HTTP 429,"{""error"":{""message"":""The upstream provider is currently experiencing high demand. Please retry shortly."",""type"":""rate_limit_exceeded"",""param"":{""error"":""The upstream provider is currently experiencing high demand. Please retry shortly."",""type"":""rate_limit_exceeded"",""statusCode"":429,""name"":""RateLimitExceededError"",""message"":""The upstream provider is currently experiencing high demand. Please retry shortly.""}},""providerMetadata"":{""gateway"":{""routing"":{""originalModelId"":""typesafe-ai/jev"",""resolvedProvider"":""typesafe-ai"",""fallbacksAvailable"":[],""canonicalSlug"":""typesafe-ai/jev"",""modelAttemptCount"":1,""modelAttempts"":[{""canonicalSlug"":""typesafe-ai/jev"",""success"":false,""providerAttemptCount"":0,""providerAttempts"":[]}],""totalProviderAttemptCount"":0},""generationId"":""gen_01M362R8C0V101888Z65GJVYSJ""}}}",21,"{""X-Ratelimit-Limit-Requests"":""30"",""X-Ratelimit-Limit-Tokens"":""250000"",""X-Ratelimit-Remaining-Requests"":""0"",""X-Ratelimit-Remaining-Tokens"":""162739"",""X-Ratelimit-Reset-Requests"":""21s"",""X-Ratelimit-Reset-Tokens"":""21s""}",89.72
mixed/16/051/vercel,vercel,mixed,16,51,2,429,false,HTTP 429,"{""error"":{""message"":""The upstream provider is currently experiencing high demand. Please retry shortly."",""type"":""rate_limit_exceeded"",""param"":{""error"":""The upstream provider is currently experiencing high demand. Please retry shortly."",""type"":""rate_limit_exceeded"",""statusCode"":429,""name"":""RateLimitExceededError"",""message"":""The upstream provider is currently experiencing high demand. Please retry shortly.""}},""providerMetadata"":{""gateway"":{""routing"":{""originalModelId"":""typesafe-ai/jev"",""resolvedProvider"":""typesafe-ai"",""fallbacksAvailable"":[],""canonicalSlug"":""typesafe-ai/jev"",""modelAttemptCount"":1,""modelAttempts"":[{""canonicalSlug"":""typesafe-ai/jev"",""success"":false,""providerAttemptCount"":0,""providerAttempts"":[]}],""totalProviderAttemptCount"":0},""generationId"":""gen_01M362RAKW8VQS3M7P1QTGTKS4""}}}",19,"{""X-Ratelimit-Limit-Requests"":""30"",""X-Ratelimit-Limit-Tokens"":""250000"",""X-Ratelimit-Remaining-Requests"":""0"",""X-Ratelimit-Remaining-Tokens"":""162849"",""X-Ratelimit-Reset-Requests"":""19s"",""X-Ratelimit-Reset-Tokens"":""19s""}",80.05
mixed/16/053/vercel,vercel,mixed,16,53,2,429,false,HTTP 429,"{""error"":{""message"":""The upstream provider is currently experiencing high demand. Please retry shortly."",""type"":""rate_limit_exceeded"",""param"":{""error"":""The upstream provider is currently experiencing high demand. Please retry shortly."",""type"":""rate_limit_exceeded"",""statusCode"":429,""name"":""RateLimitExceededError"",""message"":""The upstream provider is currently experiencing high demand. Please retry shortly.""}},""providerMetadata"":{""gateway"":{""routing"":{""originalModelId"":""typesafe-ai/jev"",""resolvedProvider"":""typesafe-ai"",""fallbacksAvailable"":[],""canonicalSlug"":""typesafe-ai/jev"",""modelAttemptCount"":1,""modelAttempts"":[{""canonicalSlug"":""typesafe-ai/jev"",""success"":false,""providerAttemptCount"":0,""providerAttempts"":[]}],""totalProviderAttemptCount"":0},""generationId"":""gen_01M362RBSB9TTMF2P7NRW58YTR""}}}",18,"{""X-Ratelimit-Limit-Requests"":""30"",""X-Ratelimit-Limit-Tokens"":""250000"",""X-Ratelimit-Remaining-Requests"":""0"",""X-Ratelimit-Remaining-Tokens"":""161549"",""X-Ratelimit-Reset-Requests"":""18s"",""X-Ratelimit-Reset-Tokens"":""18s""}",84.99
mixed/16/054/vercel,vercel,mixed,16,54,2,429,false,HTTP 429,"{""error"":{""message"":""The upstream provider is currently experiencing high demand. Please retry shortly."",""type"":""rate_limit_exceeded"",""param"":{""error"":""The upstream provider is currently experiencing high demand. Please retry shortly."",""type"":""rate_limit_exceeded"",""statusCode"":429,""name"":""RateLimitExceededError"",""message"":""The upstream provider is currently experiencing high demand. Please retry shortly.""}},""providerMetadata"":{""gateway"":{""routing"":{""originalModelId"":""typesafe-ai/jev"",""resolvedProvider"":""typesafe-ai"",""fallbacksAvailable"":[],""canonicalSlug"":""typesafe-ai/jev"",""modelAttemptCount"":1,""modelAttempts"":[{""canonicalSlug"":""typesafe-ai/jev"",""success"":false,""providerAttemptCount"":0,""providerAttempts"":[]}],""totalProviderAttemptCount"":0},""generationId"":""gen_01M362RCA1ZHEXK6081AJX7XXT""}}}",17,"{""X-Ratelimit-Limit-Requests"":""30"",""X-Ratelimit-Limit-Tokens"":""250000"",""X-Ratelimit-Remaining-Requests"":""0"",""X-Ratelimit-Remaining-Tokens"":""162247"",""X-Ratelimit-Reset-Requests"":""17s"",""X-Ratelimit-Reset-Tokens"":""17s""}",93.99
mixed/16/056/vercel,vercel,mixed,16,56,2,429,false,HTTP 429,"{""error"":{""message"":""The upstream provider is currently experiencing high demand. Please retry shortly."",""type"":""rate_limit_exceeded"",""param"":{""error"":""The upstream provider is currently experiencing high demand. Please retry shortly."",""type"":""rate_limit_exceeded"",""statusCode"":429,""name"":""RateLimitExceededError"",""message"":""The upstream provider is currently experiencing high demand. Please retry shortly.""}},""providerMetadata"":{""gateway"":{""routing"":{""originalModelId"":""typesafe-ai/jev"",""resolvedProvider"":""typesafe-ai"",""fallbacksAvailable"":[],""canonicalSlug"":""typesafe-ai/jev"",""modelAttemptCount"":1,""modelAttempts"":[{""canonicalSlug"":""typesafe-ai/jev"",""success"":false,""providerAttemptCount"":0,""providerAttempts"":[]}],""totalProviderAttemptCount"":0},""generationId"":""gen_01M362RDY9VPDC6C5D731DZJER""}}}",15,"{""X-Ratelimit-Limit-Requests"":""30"",""X-Ratelimit-Limit-Tokens"":""250000"",""X-Ratelimit-Remaining-Requests"":""0"",""X-Ratelimit-Remaining-Tokens"":""161536"",""X-Ratelimit-Reset-Requests"":""15s"",""X-Ratelimit-Reset-Tokens"":""15s""}",78.63
mixed/16/057/vercel,vercel,mixed,16,57,2,429,false,HTTP 429,"{""error"":{""message"":""The upstream provider is currently experiencing high demand. Please retry shortly."",""type"":""rate_limit_exceeded"",""param"":{""error"":""The upstream provider is currently experiencing high demand. Please retry shortly."",""type"":""rate_limit_exceeded"",""statusCode"":429,""name"":""RateLimitExceededError"",""message"":""The upstream provider is currently experiencing high demand. Please retry shortly.""}},""providerMetadata"":{""gateway"":{""routing"":{""originalModelId"":""typesafe-ai/jev"",""resolvedProvider"":""typesafe-ai"",""fallbacksAvailable"":[],""canonicalSlug"":""typesafe-ai/jev"",""modelAttemptCount"":1,""modelAttempts"":[{""canonicalSlug"":""typesafe-ai/jev"",""success"":false,""providerAttemptCount"":0,""providerAttempts"":[]}],""totalProviderAttemptCount"":0},""generationId"":""gen_01M362REEEDXQCTVZM5M785BZJ""}}}",15,"{""X-Ratelimit-Limit-Requests"":""30"",""X-Ratelimit-Limit-Tokens"":""250000"",""X-Ratelimit-Remaining-Requests"":""0"",""X-Ratelimit-Remaining-Tokens"":""162849"",""X-Ratelimit-Reset-Requests"":""15s"",""X-Ratelimit-Reset-Tokens"":""15s""}",258.88
mixed/16/059/vercel,vercel,mixed,16,59,2,429,false,HTTP 429,"{""error"":{""message"":""The upstream provider is currently experiencing high demand. Please retry shortly."",""type"":""rate_limit_exceeded"",""param"":{""error"":""The upstream provider is currently experiencing high demand. Please retry shortly."",""type"":""rate_limit_exceeded"",""statusCode"":429,""name"":""RateLimitExceededError"",""message"":""The upstream provider is currently experiencing high demand. Please retry shortly.""}},""providerMetadata"":{""gateway"":{""routing"":{""originalModelId"":""typesafe-ai/jev"",""resolvedProvider"":""typesafe-ai"",""fallbacksAvailable"":[],""canonicalSlug"":""typesafe-ai/jev"",""modelAttemptCount"":1,""modelAttempts"":[{""canonicalSlug"":""typesafe-ai/jev"",""success"":false,""providerAttemptCount"":0,""providerAttempts"":[]}],""totalProviderAttemptCount"":0},""generationId"":""gen_01M362RGCAG1V4NQ4PMY4TMK7F""}}}",13,"{""X-Ratelimit-Limit-Requests"":""30"",""X-Ratelimit-Limit-Tokens"":""250000"",""X-Ratelimit-Remaining-Requests"":""0"",""X-Ratelimit-Remaining-Tokens"":""161549"",""X-Ratelimit-Reset-Requests"":""13s"",""X-Ratelimit-Reset-Tokens"":""13s""}",152.27
mixed/16/060/vercel,vercel,mixed,16,60,2,429,false,HTTP 429,"{""error"":{""message"":""The upstream provider is currently experiencing high demand. Please retry shortly."",""type"":""rate_limit_exceeded"",""param"":{""error"":""The upstream provider is currently experiencing high demand. Please retry shortly."",""type"":""rate_limit_exceeded"",""statusCode"":429,""name"":""RateLimitExceededError"",""message"":""The upstream provider is currently experiencing high demand. Please retry shortly.""}},""providerMetadata"":{""gateway"":{""routing"":{""originalModelId"":""typesafe-ai/jev"",""resolvedProvider"":""typesafe-ai"",""fallbacksAvailable"":[],""canonicalSlug"":""typesafe-ai/jev"",""modelAttemptCount"":1,""modelAttempts"":[{""canonicalSlug"":""typesafe-ai/jev"",""success"":false,""providerAttemptCount"":0,""providerAttempts"":[]}],""totalProviderAttemptCount"":0},""generationId"":""gen_01M362RGH7QRRHYM8704KCZE6Q""}}}",13,"{""X-Ratelimit-Limit-Requests"":""30"",""X-Ratelimit-Limit-Tokens"":""250000"",""X-Ratelimit-Remaining-Requests"":""0"",""X-Ratelimit-Remaining-Tokens"":""162106"",""X-Ratelimit-Reset-Requests"":""13s"",""X-Ratelimit-Reset-Tokens"":""13s""}",85.64
mixed/16/062/vercel,vercel,mixed,16,62,2,429,false,HTTP 429,"{""error"":{""message"":""The upstream provider is currently experiencing high demand. Please retry shortly."",""type"":""rate_limit_exceeded"",""param"":{""error"":""The upstream provider is currently experiencing high demand. Please retry shortly."",""type"":""rate_limit_exceeded"",""statusCode"":429,""name"":""RateLimitExceededError"",""message"":""The upstream provider is currently experiencing high demand. Please retry shortly.""}},""providerMetadata"":{""gateway"":{""routing"":{""originalModelId"":""typesafe-ai/jev"",""resolvedProvider"":""typesafe-ai"",""fallbacksAvailable"":[],""canonicalSlug"":""typesafe-ai/jev"",""modelAttemptCount"":1,""modelAttempts"":[{""canonicalSlug"":""typesafe-ai/jev"",""success"":false,""providerAttemptCount"":0,""providerAttempts"":[]}],""totalProviderAttemptCount"":0},""generationId"":""gen_01M362RHVJP76Q71WF0YGJWE0D""}}}",11,"{""X-Ratelimit-Limit-Requests"":""30"",""X-Ratelimit-Limit-Tokens"":""250000"",""X-Ratelimit-Remaining-Requests"":""0"",""X-Ratelimit-Remaining-Tokens"":""163131"",""X-Ratelimit-Reset-Requests"":""11s"",""X-Ratelimit-Reset-Tokens"":""11s""}",90.16
mixed/16/063/vercel,vercel,mixed,16,63,2,429,false,HTTP 429,"{""error"":{""message"":""The upstream provider is currently experiencing high demand. Please retry shortly."",""type"":""rate_limit_exceeded"",""param"":{""error"":""The upstream provider is currently experiencing high demand. Please retry shortly."",""type"":""rate_limit_exceeded"",""statusCode"":429,""name"":""RateLimitExceededError"",""message"":""The upstream provider is currently experiencing high demand. Please retry shortly.""}},""providerMetadata"":{""gateway"":{""routing"":{""originalModelId"":""typesafe-ai/jev"",""resolvedProvider"":""typesafe-ai"",""fallbacksAvailable"":[],""canonicalSlug"":""typesafe-ai/jev"",""modelAttemptCount"":1,""modelAttempts"":[{""canonicalSlug"":""typesafe-ai/jev"",""success"":false,""providerAttemptCount"":0,""providerAttempts"":[]}],""totalProviderAttemptCount"":0},""generationId"":""gen_01M362RJG4GQP6QTFNFWZ07JGA""}}}",11,"{""X-Ratelimit-Limit-Requests"":""30"",""X-Ratelimit-Limit-Tokens"":""250000"",""X-Ratelimit-Remaining-Requests"":""0"",""X-Ratelimit-Remaining-Tokens"":""161863"",""X-Ratelimit-Reset-Requests"":""11s"",""X-Ratelimit-Reset-Tokens"":""11s""}",111.11
mixed/16/065/vercel,vercel,mixed,16,65,2,429,false,HTTP 429,"{""error"":{""message"":""The upstream provider is currently experiencing high demand. Please retry shortly."",""type"":""rate_limit_exceeded"",""param"":{""error"":""The upstream provider is currently experiencing high demand. Please retry shortly."",""type"":""rate_limit_exceeded"",""statusCode"":429,""name"":""RateLimitExceededError"",""message"":""The upstream provider is currently experiencing high demand. Please retry shortly.""}},""providerMetadata"":{""gateway"":{""routing"":{""originalModelId"":""typesafe-ai/jev"",""resolvedProvider"":""typesafe-ai"",""fallbacksAvailable"":[],""canonicalSlug"":""typesafe-ai/jev"",""modelAttemptCount"":1,""modelAttempts"":[{""canonicalSlug"":""typesafe-ai/jev"",""success"":false,""providerAttemptCount"":0,""providerAttempts"":[]}],""totalProviderAttemptCount"":0},""generationId"":""gen_01M362RM84R8NS09F22VCR4XKC""}}}",9,"{""X-Ratelimit-Limit-Requests"":""30"",""X-Ratelimit-Limit-Tokens"":""250000"",""X-Ratelimit-Remaining-Requests"":""0"",""X-Ratelimit-Remaining-Tokens"":""161316"",""X-Ratelimit-Reset-Requests"":""9s"",""X-Ratelimit-Reset-Tokens"":""9s""}",82.58
mixed/16/067/vercel,vercel,mixed,16,67,2,429,false,HTTP 429,"{""error"":{""message"":""The upstream provider is currently experiencing high demand. Please retry shortly."",""type"":""rate_limit_exceeded"",""param"":{""error"":""The upstream provider is currently experiencing high demand. Please retry shortly."",""type"":""rate_limit_exceeded"",""statusCode"":429,""name"":""RateLimitExceededError"",""message"":""The upstream provider is currently experiencing high demand. Please retry shortly.""}},""providerMetadata"":{""gateway"":{""routing"":{""originalModelId"":""typesafe-ai/jev"",""resolvedProvider"":""typesafe-ai"",""fallbacksAvailable"":[],""canonicalSlug"":""typesafe-ai/jev"",""modelAttemptCount"":1,""modelAttempts"":[{""canonicalSlug"":""typesafe-ai/jev"",""success"":false,""providerAttemptCount"":0,""providerAttempts"":[]}],""totalProviderAttemptCount"":0},""generationId"":""gen_01M362RN91SRQJAFBF0K3MX1SE""}}}",8,"{""X-Ratelimit-Limit-Requests"":""30"",""X-Ratelimit-Limit-Tokens"":""250000"",""X-Ratelimit-Remaining-Requests"":""0"",""X-Ratelimit-Remaining-Tokens"":""161316"",""X-Ratelimit-Reset-Requests"":""8s"",""X-Ratelimit-Reset-Tokens"":""8s""}",81.04
mixed/16/068/vercel,vercel,mixed,16,68,2,429,false,HTTP 429,"{""error"":{""message"":""The upstream provider is currently experiencing high demand. Please retry shortly."",""type"":""rate_limit_exceeded"",""param"":{""error"":""The upstream provider is currently experiencing high demand. Please retry shortly."",""type"":""rate_limit_exceeded"",""statusCode"":429,""name"":""RateLimitExceededError"",""message"":""The upstream provider is currently experiencing high demand. Please retry shortly.""}},""providerMetadata"":{""gateway"":{""routing"":{""originalModelId"":""typesafe-ai/jev"",""resolvedProvider"":""typesafe-ai"",""fallbacksAvailable"":[],""canonicalSlug"":""typesafe-ai/jev"",""modelAttemptCount"":1,""modelAttempts"":[{""canonicalSlug"":""typesafe-ai/jev"",""success"":false,""providerAttemptCount"":0,""providerAttempts"":[]}],""totalProviderAttemptCount"":0},""generationId"":""gen_01M362RNV9WD3MKTYEDZ4CRA9R""}}}",7,"{""X-Ratelimit-Limit-Requests"":""30"",""X-Ratelimit-Limit-Tokens"":""250000"",""X-Ratelimit-Remaining-Requests"":""0"",""X-Ratelimit-Remaining-Tokens"":""161001"",""X-Ratelimit-Reset-Requests"":""7s"",""X-Ratelimit-Reset-Tokens"":""7s""}",96.09
mixed/16/069/vercel,vercel,mixed,16,69,2,429,false,HTTP 429,"{""error"":{""message"":""The upstream provider is currently experiencing high demand. Please retry shortly."",""type"":""rate_limit_exceeded"",""param"":{""error"":""The upstream provider is currently experiencing high demand. Please retry shortly."",""type"":""rate_limit_exceeded"",""statusCode"":429,""name"":""RateLimitExceededError"",""message"":""The upstream provider is currently experiencing high demand. Please retry shortly.""}},""providerMetadata"":{""gateway"":{""routing"":{""originalModelId"":""typesafe-ai/jev"",""resolvedProvider"":""typesafe-ai"",""fallbacksAvailable"":[],""canonicalSlug"":""typesafe-ai/jev"",""modelAttemptCount"":1,""modelAttempts"":[{""canonicalSlug"":""typesafe-ai/jev"",""success"":false,""providerAttemptCount"":0,""providerAttempts"":[]}],""totalProviderAttemptCount"":0},""generationId"":""gen_01M362RPCXQX0B9R1RRYY2366A""}}}",7,"{""X-Ratelimit-Limit-Requests"":""30"",""X-Ratelimit-Limit-Tokens"":""250000"",""X-Ratelimit-Remaining-Requests"":""0"",""X-Ratelimit-Remaining-Tokens"":""161295"",""X-Ratelimit-Reset-Requests"":""7s"",""X-Ratelimit-Reset-Tokens"":""7s""}",102.73
mixed/16/071/vercel,vercel,mixed,16,71,2,429,false,HTTP 429,"{""error"":{""message"":""The upstream provider is currently experiencing high demand. Please retry shortly."",""type"":""rate_limit_exceeded"",""param"":{""error"":""The upstream provider is currently experiencing high demand. Please retry shortly."",""type"":""rate_limit_exceeded"",""statusCode"":429,""name"":""RateLimitExceededError"",""message"":""The upstream provider is currently experiencing high demand. Please retry shortly.""}},""providerMetadata"":{""gateway"":{""routing"":{""originalModelId"":""typesafe-ai/jev"",""resolvedProvider"":""typesafe-ai"",""fallbacksAvailable"":[],""canonicalSlug"":""typesafe-ai/jev"",""modelAttemptCount"":1,""modelAttempts"":[{""canonicalSlug"":""typesafe-ai/jev"",""success"":false,""providerAttemptCount"":0,""providerAttempts"":[]}],""totalProviderAttemptCount"":0},""generationId"":""gen_01M362RRC5HMFH43PAEJCF150S""}}}",5,"{""X-Ratelimit-Limit-Requests"":""30"",""X-Ratelimit-Limit-Tokens"":""250000"",""X-Ratelimit-Remaining-Requests"":""0"",""X-Ratelimit-Remaining-Tokens"":""161046"",""X-Ratelimit-Reset-Requests"":""5s"",""X-Ratelimit-Reset-Tokens"":""5s""}",106.10
mixed/16/073/vercel,vercel,mixed,16,73,2,429,false,HTTP 429,"{""error"":{""message"":""The upstream provider is currently experiencing high demand. Please retry shortly."",""type"":""rate_limit_exceeded"",""param"":{""error"":""The upstream provider is currently experiencing high demand. Please retry shortly."",""type"":""rate_limit_exceeded"",""statusCode"":429,""name"":""RateLimitExceededError"",""message"":""The upstream provider is currently experiencing high demand. Please retry shortly.""}},""providerMetadata"":{""gateway"":{""routing"":{""originalModelId"":""typesafe-ai/jev"",""resolvedProvider"":""typesafe-ai"",""fallbacksAvailable"":[],""canonicalSlug"":""typesafe-ai/jev"",""modelAttemptCount"":1,""modelAttempts"":[{""canonicalSlug"":""typesafe-ai/jev"",""success"":false,""providerAttemptCount"":0,""providerAttempts"":[]}],""totalProviderAttemptCount"":0},""generationId"":""gen_01M362RT03T27AE5BM14D7YGFE""}}}",3,"{""X-Ratelimit-Limit-Requests"":""30"",""X-Ratelimit-Limit-Tokens"":""250000"",""X-Ratelimit-Remaining-Requests"":""0"",""X-Ratelimit-Remaining-Tokens"":""160333"",""X-Ratelimit-Reset-Requests"":""3s"",""X-Ratelimit-Reset-Tokens"":""3s""}",92.89
mixed/16/074/vercel,vercel,mixed,16,74,2,429,false,HTTP 429,"{""error"":{""message"":""The upstream provider is currently experiencing high demand. Please retry shortly."",""type"":""rate_limit_exceeded"",""param"":{""error"":""The upstream provider is currently experiencing high demand. Please retry shortly."",""type"":""rate_limit_exceeded"",""statusCode"":429,""name"":""RateLimitExceededError"",""message"":""The upstream provider is currently experiencing high demand. Please retry shortly.""}},""providerMetadata"":{""gateway"":{""routing"":{""originalModelId"":""typesafe-ai/jev"",""resolvedProvider"":""typesafe-ai"",""fallbacksAvailable"":[],""canonicalSlug"":""typesafe-ai/jev"",""modelAttemptCount"":1,""modelAttempts"":[{""canonicalSlug"":""typesafe-ai/jev"",""success"":false,""providerAttemptCount"":0,""providerAttempts"":[]}],""totalProviderAttemptCount"":0},""generationId"":""gen_01M362RT9YHHAYMXZE9P4TRK1B""}}}",3,"{""X-Ratelimit-Limit-Requests"":""30"",""X-Ratelimit-Limit-Tokens"":""250000"",""X-Ratelimit-Remaining-Requests"":""0"",""X-Ratelimit-Remaining-Tokens"":""160738"",""X-Ratelimit-Reset-Requests"":""3s"",""X-Ratelimit-Reset-Tokens"":""3s""}",91.87
mixed/16/077/vercel,vercel,mixed,16,77,2,429,false,HTTP 429,"{""error"":{""message"":""The upstream provider is currently experiencing high demand. Please retry shortly."",""type"":""rate_limit_exceeded"",""param"":{""error"":""The upstream provider is currently experiencing high demand. Please retry shortly."",""type"":""rate_limit_exceeded"",""statusCode"":429,""name"":""RateLimitExceededError"",""message"":""The upstream provider is currently experiencing high demand. Please retry shortly.""}},""providerMetadata"":{""gateway"":{""routing"":{""originalModelId"":""typesafe-ai/jev"",""resolvedProvider"":""typesafe-ai"",""fallbacksAvailable"":[],""canonicalSlug"":""typesafe-ai/jev"",""modelAttemptCount"":1,""modelAttempts"":[{""canonicalSlug"":""typesafe-ai/jev"",""success"":false,""providerAttemptCount"":0,""providerAttempts"":[]}],""totalProviderAttemptCount"":0},""generationId"":""gen_01M362RXB9SZE54VMS2V899NER""}}}",60,"{""X-Ratelimit-Limit-Requests"":""30"",""X-Ratelimit-Limit-Tokens"":""250000"",""X-Ratelimit-Remaining-Requests"":""0"",""X-Ratelimit-Remaining-Tokens"":""159234"",""X-Ratelimit-Reset-Requests"":""60s"",""X-Ratelimit-Reset-Tokens"":""60s""}",112.28
mixed/16/078/vercel,vercel,mixed,16,78,2,429,false,HTTP 429,"{""error"":{""message"":""The upstream provider is currently experiencing high demand. Please retry shortly."",""type"":""rate_limit_exceeded"",""param"":{""error"":""The upstream provider is currently experiencing high demand. Please retry shortly."",""type"":""rate_limit_exceeded"",""statusCode"":429,""name"":""RateLimitExceededError"",""message"":""The upstream provider is currently experiencing high demand. Please retry shortly.""}},""providerMetadata"":{""gateway"":{""routing"":{""originalModelId"":""typesafe-ai/jev"",""resolvedProvider"":""typesafe-ai"",""fallbacksAvailable"":[],""canonicalSlug"":""typesafe-ai/jev"",""modelAttemptCount"":1,""modelAttempts"":[{""canonicalSlug"":""typesafe-ai/jev"",""success"":false,""providerAttemptCount"":0,""providerAttempts"":[]}],""totalProviderAttemptCount"":0},""generationId"":""gen_01M362RYANXARTRCASTE5TQF6Z""}}}",59,"{""X-Ratelimit-Limit-Requests"":""30"",""X-Ratelimit-Limit-Tokens"":""250000"",""X-Ratelimit-Remaining-Requests"":""0"",""X-Ratelimit-Remaining-Tokens"":""160723"",""X-Ratelimit-Reset-Requests"":""59s"",""X-Ratelimit-Reset-Tokens"":""59s""}",91.83
mixed/16/079/vercel,vercel,mixed,16,79,2,503,false,HTTP 503,"{""error"":{""message"":""Service temporarily unavailable. Please try again shortly."",""type"":""service_unavailable_error"",""param"":{""error"":""Service temporarily unavailable. Please try again shortly."",""type"":""service_unavailable_error"",""statusCode"":503}},""providerMetadata"":{""gateway"":{""routing"":{""originalModelId"":""typesafe-ai/jev"",""resolvedProvider"":""typesafe-ai"",""fallbacksAvailable"":[],""canonicalSlug"":""typesafe-ai/jev"",""modelAttemptCount"":1,""modelAttempts"":[{""canonicalSlug"":""typesafe-ai/jev"",""success"":false,""providerAttemptCount"":1,""providerAttempts"":[{""provider"":""typesafe-ai"",""credentialType"":""system"",""success"":false,""error"":""Service temporarily unavailable"",""startTime"":1790131862497,""endTime"":1790131862604,""statusCode"":503}]}],""totalProviderAttemptCount"":1},""generationId"":""gen_01M362RYY37AVVED2JXDKKSMK5""}}}",,null,218.26
mixed/16/080/vercel,vercel,mixed,16,80,2,429,false,HTTP 429,"{""error"":{""message"":""The upstream provider is currently experiencing high demand. Please retry shortly."",""type"":""rate_limit_exceeded"",""param"":{""error"":""The upstream provider is currently experiencing high demand. Please retry shortly."",""type"":""rate_limit_exceeded"",""statusCode"":429,""name"":""RateLimitExceededError"",""message"":""The upstream provider is currently experiencing high demand. Please retry shortly.""}},""providerMetadata"":{""gateway"":{""routing"":{""originalModelId"":""typesafe-ai/jev"",""resolvedProvider"":""typesafe-ai"",""fallbacksAvailable"":[],""canonicalSlug"":""typesafe-ai/jev"",""modelAttemptCount"":1,""modelAttempts"":[{""canonicalSlug"":""typesafe-ai/jev"",""success"":false,""providerAttemptCount"":0,""providerAttempts"":[]}],""totalProviderAttemptCount"":0},""generationId"":""gen_01M362RZEBKDZMHRPB2AW1RHNB""}}}",57,"{""X-Ratelimit-Limit-Requests"":""30"",""X-Ratelimit-Limit-Tokens"":""250000"",""X-Ratelimit-Remaining-Requests"":""0"",""X-Ratelimit-Remaining-Tokens"":""162426"",""X-Ratelimit-Reset-Requests"":""57s"",""X-Ratelimit-Reset-Tokens"":""57s""}",98.58
mixed/16/081/vercel,vercel,mixed,16,81,2,429,false,HTTP 429,"{""error"":{""message"":""The upstream provider is currently experiencing high demand. Please retry shortly."",""type"":""rate_limit_exceeded"",""param"":{""error"":""The upstream provider is currently experiencing high demand. Please retry shortly."",""type"":""rate_limit_exceeded"",""statusCode"":429,""name"":""RateLimitExceededError"",""message"":""The upstream provider is currently experiencing high demand. Please retry shortly.""}},""providerMetadata"":{""gateway"":{""routing"":{""originalModelId"":""typesafe-ai/jev"",""resolvedProvider"":""typesafe-ai"",""fallbacksAvailable"":[],""canonicalSlug"":""typesafe-ai/jev"",""modelAttemptCount"":1,""modelAttempts"":[{""canonicalSlug"":""typesafe-ai/jev"",""success"":false,""providerAttemptCount"":0,""providerAttempts"":[]}],""totalProviderAttemptCount"":0},""generationId"":""gen_01M362S075NPK8VBSZ874DRSWC""}}}",57,"{""X-Ratelimit-Limit-Requests"":""30"",""X-Ratelimit-Limit-Tokens"":""250000"",""X-Ratelimit-Remaining-Requests"":""0"",""X-Ratelimit-Remaining-Tokens"":""163631"",""X-Ratelimit-Reset-Requests"":""57s"",""X-Ratelimit-Reset-Tokens"":""57s""}",118.75
mixed/16/083/vercel,vercel,mixed,16,83,2,429,false,HTTP 429,"{""error"":{""message"":""The upstream provider is currently experiencing high demand. Please retry shortly."",""type"":""rate_limit_exceeded"",""param"":{""error"":""The upstream provider is currently experiencing high demand. Please retry shortly."",""type"":""rate_limit_exceeded"",""statusCode"":429,""name"":""RateLimitExceededError"",""message"":""The upstream provider is currently experiencing high demand. Please retry shortly.""}},""providerMetadata"":{""gateway"":{""routing"":{""originalModelId"":""typesafe-ai/jev"",""resolvedProvider"":""typesafe-ai"",""fallbacksAvailable"":[],""canonicalSlug"":""typesafe-ai/jev"",""modelAttemptCount"":1,""modelAttempts"":[{""canonicalSlug"":""typesafe-ai/jev"",""success"":false,""providerAttemptCount"":0,""providerAttempts"":[]}],""totalProviderAttemptCount"":0},""generationId"":""gen_01M362S1N5E8DG3JC7M216RC1V""}}}",55,"{""X-Ratelimit-Limit-Requests"":""30"",""X-Ratelimit-Limit-Tokens"":""250000"",""X-Ratelimit-Remaining-Requests"":""0"",""X-Ratelimit-Remaining-Tokens"":""162938"",""X-Ratelimit-Reset-Requests"":""55s"",""X-Ratelimit-Reset-Tokens"":""55s""}",92.02
mixed/16/084/vercel,vercel,mixed,16,84,2,429,false,HTTP 429,"{""error"":{""message"":""The upstream provider is currently experiencing high demand. Please retry shortly."",""type"":""rate_limit_exceeded"",""param"":{""error"":""The upstream provider is currently experiencing high demand. Please retry shortly."",""type"":""rate_limit_exceeded"",""statusCode"":429,""name"":""RateLimitExceededError"",""message"":""The upstream provider is currently experiencing high demand. Please retry shortly.""}},""providerMetadata"":{""gateway"":{""routing"":{""originalModelId"":""typesafe-ai/jev"",""resolvedProvider"":""typesafe-ai"",""fallbacksAvailable"":[],""canonicalSlug"":""typesafe-ai/jev"",""modelAttemptCount"":1,""modelAttempts"":[{""canonicalSlug"":""typesafe-ai/jev"",""success"":false,""providerAttemptCount"":0,""providerAttempts"":[]}],""totalProviderAttemptCount"":0},""generationId"":""gen_01M362S26MZACJKRBP11TJ2K5C""}}}",55,"{""X-Ratelimit-Limit-Requests"":""30"",""X-Ratelimit-Limit-Tokens"":""250000"",""X-Ratelimit-Remaining-Requests"":""0"",""X-Ratelimit-Remaining-Tokens"":""163769"",""X-Ratelimit-Reset-Requests"":""55s"",""X-Ratelimit-Reset-Tokens"":""55s""}",93.36
mixed/16/086/vercel,vercel,mixed,16,86,2,429,false,HTTP 429,"{""error"":{""message"":""The upstream provider is currently experiencing high demand. Please retry shortly."",""type"":""rate_limit_exceeded"",""param"":{""error"":""The upstream provider is currently experiencing high demand. Please retry shortly."",""type"":""rate_limit_exceeded"",""statusCode"":429,""name"":""RateLimitExceededError"",""message"":""The upstream provider is currently experiencing high demand. Please retry shortly.""}},""providerMetadata"":{""gateway"":{""routing"":{""originalModelId"":""typesafe-ai/jev"",""resolvedProvider"":""typesafe-ai"",""fallbacksAvailable"":[],""canonicalSlug"":""typesafe-ai/jev"",""modelAttemptCount"":1,""modelAttempts"":[{""canonicalSlug"":""typesafe-ai/jev"",""success"":false,""providerAttemptCount"":0,""providerAttempts"":[]}],""totalProviderAttemptCount"":0},""generationId"":""gen_01M362S42E5E4Z7D3F3DMD6MF9""}}}",53,"{""X-Ratelimit-Limit-Requests"":""30"",""X-Ratelimit-Limit-Tokens"":""250000"",""X-Ratelimit-Remaining-Requests"":""0"",""X-Ratelimit-Remaining-Tokens"":""163757"",""X-Ratelimit-Reset-Requests"":""53s"",""X-Ratelimit-Reset-Tokens"":""53s""}",81.14
mixed/16/088/vercel,vercel,mixed,16,88,2,429,false,HTTP 429,"{""error"":{""message"":""The upstream provider is currently experiencing high demand. Please retry shortly."",""type"":""rate_limit_exceeded"",""param"":{""error"":""The upstream provider is currently experiencing high demand. Please retry shortly."",""type"":""rate_limit_exceeded"",""statusCode"":429,""name"":""RateLimitExceededError"",""message"":""The upstream provider is currently experiencing high demand. Please retry shortly.""}},""providerMetadata"":{""gateway"":{""routing"":{""originalModelId"":""typesafe-ai/jev"",""resolvedProvider"":""typesafe-ai"",""fallbacksAvailable"":[],""canonicalSlug"":""typesafe-ai/jev"",""modelAttemptCount"":1,""modelAttempts"":[{""canonicalSlug"":""typesafe-ai/jev"",""success"":false,""providerAttemptCount"":0,""providerAttempts"":[]}],""totalProviderAttemptCount"":0},""generationId"":""gen_01M362S5A9QCTVG0A8PV56WZNR""}}}",51,"{""X-Ratelimit-Limit-Requests"":""30"",""X-Ratelimit-Limit-Tokens"":""250000"",""X-Ratelimit-Remaining-Requests"":""0"",""X-Ratelimit-Remaining-Tokens"":""162812"",""X-Ratelimit-Reset-Requests"":""51s"",""X-Ratelimit-Reset-Tokens"":""51s""}",92.00
mixed/16/090/vercel,vercel,mixed,16,90,2,429,false,HTTP 429,"{""error"":{""message"":""The upstream provider is currently experiencing high demand. Please retry shortly."",""type"":""rate_limit_exceeded"",""param"":{""error"":""The upstream provider is currently experiencing high demand. Please retry shortly."",""type"":""rate_limit_exceeded"",""statusCode"":429,""name"":""RateLimitExceededError"",""message"":""The upstream provider is currently experiencing high demand. Please retry shortly.""}},""providerMetadata"":{""gateway"":{""routing"":{""originalModelId"":""typesafe-ai/jev"",""resolvedProvider"":""typesafe-ai"",""fallbacksAvailable"":[],""canonicalSlug"":""typesafe-ai/jev"",""modelAttemptCount"":1,""modelAttempts"":[{""canonicalSlug"":""typesafe-ai/jev"",""success"":false,""providerAttemptCount"":0,""providerAttempts"":[]}],""totalProviderAttemptCount"":0},""generationId"":""gen_01M362S6WNHZPH6HH2D52HMW4V""}}}",50,"{""X-Ratelimit-Limit-Requests"":""30"",""X-Ratelimit-Limit-Tokens"":""250000"",""X-Ratelimit-Remaining-Requests"":""0"",""X-Ratelimit-Remaining-Tokens"":""164538"",""X-Ratelimit-Reset-Requests"":""50s"",""X-Ratelimit-Reset-Tokens"":""50s""}",222.29
mixed/16/092/vercel,vercel,mixed,16,92,2,429,false,HTTP 429,"{""error"":{""message"":""The upstream provider is currently experiencing high demand. Please retry shortly."",""type"":""rate_limit_exceeded"",""param"":{""error"":""The upstream provider is currently experiencing high demand. Please retry shortly."",""type"":""rate_limit_exceeded"",""statusCode"":429,""name"":""RateLimitExceededError"",""message"":""The upstream provider is currently experiencing high demand. Please retry shortly.""}},""providerMetadata"":{""gateway"":{""routing"":{""originalModelId"":""typesafe-ai/jev"",""resolvedProvider"":""typesafe-ai"",""fallbacksAvailable"":[],""canonicalSlug"":""typesafe-ai/jev"",""modelAttemptCount"":1,""modelAttempts"":[{""canonicalSlug"":""typesafe-ai/jev"",""success"":false,""providerAttemptCount"":0,""providerAttempts"":[]}],""totalProviderAttemptCount"":0},""generationId"":""gen_01M362S8YBCJWK03V8V6AWNEMX""}}}",48,"{""X-Ratelimit-Limit-Requests"":""30"",""X-Ratelimit-Limit-Tokens"":""250000"",""X-Ratelimit-Remaining-Requests"":""0"",""X-Ratelimit-Remaining-Tokens"":""162644"",""X-Ratelimit-Reset-Requests"":""48s"",""X-Ratelimit-Reset-Tokens"":""48s""}",86.94
mixed/16/093/vercel,vercel,mixed,16,93,2,429,false,HTTP 429,"{""error"":{""message"":""The upstream provider is currently experiencing high demand. Please retry shortly."",""type"":""rate_limit_exceeded"",""param"":{""error"":""The upstream provider is currently experiencing high demand. Please retry shortly."",""type"":""rate_limit_exceeded"",""statusCode"":429,""name"":""RateLimitExceededError"",""message"":""The upstream provider is currently experiencing high demand. Please retry shortly.""}},""providerMetadata"":{""gateway"":{""routing"":{""originalModelId"":""typesafe-ai/jev"",""resolvedProvider"":""typesafe-ai"",""fallbacksAvailable"":[],""canonicalSlug"":""typesafe-ai/jev"",""modelAttemptCount"":1,""modelAttempts"":[{""canonicalSlug"":""typesafe-ai/jev"",""success"":false,""providerAttemptCount"":0,""providerAttempts"":[]}],""totalProviderAttemptCount"":0},""generationId"":""gen_01M362S9ZTW5PE9RYSD9TDWTJT""}}}",47,"{""X-Ratelimit-Limit-Requests"":""30"",""X-Ratelimit-Limit-Tokens"":""250000"",""X-Ratelimit-Remaining-Requests"":""0"",""X-Ratelimit-Remaining-Tokens"":""164239"",""X-Ratelimit-Reset-Requests"":""47s"",""X-Ratelimit-Reset-Tokens"":""47s""}",98.21
mixed/16/095/vercel,vercel,mixed,16,95,2,429,false,HTTP 429,"{""error"":{""message"":""The upstream provider is currently experiencing high demand. Please retry shortly."",""type"":""rate_limit_exceeded"",""param"":{""error"":""The upstream provider is currently experiencing high demand. Please retry shortly."",""type"":""rate_limit_exceeded"",""statusCode"":429,""name"":""RateLimitExceededError"",""message"":""The upstream provider is currently experiencing high demand. Please retry shortly.""}},""providerMetadata"":{""gateway"":{""routing"":{""originalModelId"":""typesafe-ai/jev"",""resolvedProvider"":""typesafe-ai"",""fallbacksAvailable"":[],""canonicalSlug"":""typesafe-ai/jev"",""modelAttemptCount"":1,""modelAttempts"":[{""canonicalSlug"":""typesafe-ai/jev"",""success"":false,""providerAttemptCount"":0,""providerAttempts"":[]}],""totalProviderAttemptCount"":0},""generationId"":""gen_01M362SB200E975QSK9BNPVC3P""}}}",46,"{""X-Ratelimit-Limit-Requests"":""30"",""X-Ratelimit-Limit-Tokens"":""250000"",""X-Ratelimit-Remaining-Requests"":""0"",""X-Ratelimit-Remaining-Tokens"":""163012"",""X-Ratelimit-Reset-Requests"":""46s"",""X-Ratelimit-Reset-Tokens"":""46s""}",100.09
mixed/16/096/vercel,vercel,mixed,16,96,2,429,false,HTTP 429,"{""error"":{""message"":""The upstream provider is currently experiencing high demand. Please retry shortly."",""type"":""rate_limit_exceeded"",""param"":{""error"":""The upstream provider is currently experiencing high demand. Please retry shortly."",""type"":""rate_limit_exceeded"",""statusCode"":429,""name"":""RateLimitExceededError"",""message"":""The upstream provider is currently experiencing high demand. Please retry shortly.""}},""providerMetadata"":{""gateway"":{""routing"":{""originalModelId"":""typesafe-ai/jev"",""resolvedProvider"":""typesafe-ai"",""fallbacksAvailable"":[],""canonicalSlug"":""typesafe-ai/jev"",""modelAttemptCount"":1,""modelAttempts"":[{""canonicalSlug"":""typesafe-ai/jev"",""success"":false,""providerAttemptCount"":0,""providerAttempts"":[]}],""totalProviderAttemptCount"":0},""generationId"":""gen_01M362SBW7K6PSPR0B101SWXV5""}}}",45,"{""X-Ratelimit-Limit-Requests"":""30"",""X-Ratelimit-Limit-Tokens"":""250000"",""X-Ratelimit-Remaining-Requests"":""0"",""X-Ratelimit-Remaining-Tokens"":""164261"",""X-Ratelimit-Reset-Requests"":""45s"",""X-Ratelimit-Reset-Tokens"":""45s""}",123.40
mixed/16/098/vercel,vercel,mixed,16,98,2,429,false,HTTP 429,"{""error"":{""message"":""The upstream provider is currently experiencing high demand. Please retry shortly."",""type"":""rate_limit_exceeded"",""param"":{""error"":""The upstream provider is currently experiencing high demand. Please retry shortly."",""type"":""rate_limit_exceeded"",""statusCode"":429,""name"":""RateLimitExceededError"",""message"":""The upstream provider is currently experiencing high demand. Please retry shortly.""}},""providerMetadata"":{""gateway"":{""routing"":{""originalModelId"":""typesafe-ai/jev"",""resolvedProvider"":""typesafe-ai"",""fallbacksAvailable"":[],""canonicalSlug"":""typesafe-ai/jev"",""modelAttemptCount"":1,""modelAttempts"":[{""canonicalSlug"":""typesafe-ai/jev"",""success"":false,""providerAttemptCount"":0,""providerAttempts"":[]}],""totalProviderAttemptCount"":0},""generationId"":""gen_01M362SDW9CX7230CX0HPBNY2G""}}}",43,"{""X-Ratelimit-Limit-Requests"":""30"",""X-Ratelimit-Limit-Tokens"":""250000"",""X-Ratelimit-Remaining-Requests"":""0"",""X-Ratelimit-Remaining-Tokens"":""164456"",""X-Ratelimit-Reset-Requests"":""43s"",""X-Ratelimit-Reset-Tokens"":""43s""}",111.42
